case_id,start_date,end_date,intro,age,state_num,zip,worry_sec,worry_enrgy,worry_econ,worry_crime,worry_enviro,word_1,word_1_feel,word_2,word_2_feel,word_3,word_3_feel,fusion_know,fusion_source_1,fusion_source_2,fusion_source_3,fusion_source_4,fusion_source_5,fusion_source_6,fusion_source_7,fusion_source_8,fusion_source_9,fusion_source_10,fusion_source_10_text,und_fusion_tech,fusion_know_dev,rskben_fusion,new_fusion,fusion_host,fusion_oppose_why,fusion_support_why,fusion_uncertain_why,fusion_time,fusion_feas,fusion_desire,fusion_app_know,fusion_app_prom,govspend_fusion_exp_b,govspend_fusion_exp_a,inv_fusion_1,inv_fusion_2,inv_priority_1,inv_priority_2,argue_fusion_clean,argue_fusion_abun,argue_fusion_security,argue_fusion_science,argue_fusion_cost,argue_fusion_time,argue_fusion_tech,argue_fusion_byproducts,fusion_priority,nrc_trust,epa_trust,labs_trust,nas_trust,enviro_trust,tech_trust,doe_trust,univ_trust,media_trust,nrc_trust_risk,epa_trust_risk,labs_trust_risk,nas_trust_risk,enviro_trust_risk,tech_trust_risk,doe_trust_risk,univ_trust_risk,media_trust_risk,nrc_trust_bene,epa_trust_bene,labs_trust_bene,nas_trust_bene,enviro_trust_bene,tech_trust_bene,doe_trust_bene,univ_trust_bene,media_trust_bene,future_tech,gcc,gcccert_yes,gcccert_no,gccrsk,ideol,doright,comment,distance,nat_lab,vs_education,vs_gender,vs_income,vs_metro,vs_race,vs_hispanic,vs_pid_base,vs_pid_lean,vs_vote_2024,vs_votechoice_2024,vs_region,state,Gender,Age,Education,Race,Region,Metro,Income,Party_ID,Vote_2024,weight
R_753poWKiaWRjJ7P,2025-03-22T02:42:47Z,2025-03-22T02:50:21Z,1,48,32,14850,4,5,6,6,7,Energy,4,future,5,risky,2,0,NA,NA,NA,NA,NA,NA,NA,NA,NA,NA,NA,NA,NA,6,5,4,NA,NA,"Fusion energy sounds positive, but it also seems like a new technology, so I'm not sure i understand all the risks.",3,1,1,0,5,5,NA,50,50,30,70,8,7,8,6,6,6,6,2,8,6,7,6,9,8,5,7,8,8,4,4,4,4,4,3,4,4,4,5,6,5,5,6,6,5,5,4,3,1,9,NA,10,2,7,"No, but thanks for the survey and the information.",10,US national laboratories for energy and security,Post-graduate degree,Male,"More than $200,000",Metropolitan,White,No,Democrat,NA,I voted,Kamala Harris,Northeast,New York,Male,30-49,4-yr/post-graduate degree,White,Northeast,Metropolitan,"> $50,000",Democrat,Kamala Harris,0.6822420338379662
R_7sYJnyOxFx5r8CB,2025-03-20T02:14:10Z,2025-03-20T02:36:45Z,1,75,25,64683,9,10,8,8,0,Nuclear,4,?,4,?,4,1,1,1,0,1,0,1,1,0,0,0,NA,4,3,7,7,7,NA,Long life generation of electric power at cheaper prices,NA,2,1,1,1,3,NA,5,60,40,40,60,4,6,6,6,3,5,5,5,6,6,1,6,5,1,5,5,5,2,4,7,4,4,7,4,4,4,4,4,2,4,4,3,4,4,4,3,2,0,NA,0,0,6,4,No,10,US national laboratories for energy and security,High school graduate or GED,Male,"$50,000 to under $75,000",Non-metro,White,No,Republican,NA,I voted,Donald Trump,Midwest,Missouri,Male,65+,HS or less,White,Midwest,Non-metro,"> $50,000",Republican,Donald Trump,1.008207138893153
R_3EhSxX8dpcVwlZR,2025-03-19T21:36:31Z,2025-03-19T22:05:51Z,1,60,33,28457,6,8,9,6,7,Quantum,4,Nuclear,3,Mixed,3,0,NA,NA,NA,NA,NA,NA,NA,NA,NA,NA,NA,NA,NA,7,7,6,NA,If fusion energy turns out to be a cheap and abundant source of energy I think we should’ve researched this option a long time ago. Existing power plants are not sustainable and they’re definitely not cheap.,NA,2,1,1,0,5,6,NA,30,70,50,50,9,9,9,9,8,6,8,6,8,4,9,4,7,7,6,8,8,5,3,5,4,4,5,5,4,4,3,3,5,4,4,3,7,4,4,5,2,1,9,NA,9,2,2,If the US has a reckless and irresponsible president like we do now in charge of making decisions regarding the country’s future role in  fusion energy production we probably need to prepare for a reckless and irresponsible outcome.,10,Lawrence Livermore National Laboratory,"Some college, no degree",Female,"$15,000 to under $50,000",Metropolitan,White,No,Democrat,NA,I voted,Kamala Harris,South,North Carolina,Female,50-64,Some college/2-yr degree,White,South,Metropolitan,"< $50,000",Democrat,Kamala Harris,0.5426340903690867
R_1BmlJY9PfsnoNnv,2025-03-19T15:56:22Z,2025-03-19T16:00:19Z,1,32,10,30132,5,10,10,10,10,Energy,3,Fusion,3,Fainure,3,0,NA,NA,NA,NA,NA,NA,NA,NA,NA,NA,NA,NA,NA,5,7,7,NA,N/a,NA,4,1,1,1,3,7,NA,0,100,50,50,6,6,6,6,6,6,6,6,6,6,6,6,6,5,6,6,4,7,5,4,4,4,4,4,4,4,4,4,4,4,4,5,5,4,4,4,3,0,NA,5,6,5,7,No,10,US national laboratories for energy and security,Some high school or less,Female,"$50,000 to under $75,000",Metropolitan,Black or African-American,No,Republican,NA,I did not vote,NA,South,Georgia,Female,30-49,HS or less,Black,South,Metropolitan,"> $50,000",Republican,3rd or didn't vote,1.8027771699837407
R_3kpXjVZXQbw2t4l,2025-03-19T17:20:09Z,2025-03-19T17:30:02Z,1,69,49,53219,10,7,10,10,0,Impractical,3,Unlikely,3,Nope,3,1,0,0,0,1,0,0,0,0,0,1,science books,5,2,3,3,4,NA,NA,"Since it will not likely happen in my lifetime, I'm concerned about the future",6,0,1,3,4,NA,1,100,0,0,100,1,1,1,1,10,10,10,1,0,0,0,5,5,0,5,0,0,0,1,1,1,1,4,1,1,1,1,7,7,7,7,7,7,7,7,7,3,0,NA,8,3,4,0,A very old and impossible dream,50,Lawrence Livermore National Laboratory,Post-graduate degree,Male,"$75,000 to under $100,000",Metropolitan,Some other race,No,Other or none,Neither,I voted,Donald Trump,Midwest,Wisconsin,Male,65+,4-yr/post-graduate degree,Other,Midwest,Metropolitan,"> $50,000",Independent,Donald Trump,0.9575360907133585
R_5woCdKBK4YwmY5F,2025-03-20T19:09:33Z,2025-03-20T19:17:50Z,1,48,3,86409,10,10,10,9,10,no words,3,none,3,none,3,0,NA,NA,NA,NA,NA,NA,NA,NA,NA,NA,NA,NA,NA,4,4,4,NA,NA,I am not sure what to think,1,0,0,0,5,NA,4,0,100,0,100,5,5,5,5,1,1,1,1,5,2,5,4,4,4,5,5,2,2,1,1,1,1,1,1,1,1,1,1,1,1,1,1,1,1,1,1,3,1,5,NA,5,5,3,NA,10,US national laboratories for energy and security,High school graduate or GED,Female,"$50,000 to under $75,000",Metropolitan,White,No,Independent,The Republican Party,I voted,Donald Trump,West,Arizona,Female,30-49,HS or less,White,West,Metropolitan,"> $50,000",Independent,Donald Trump,0.6060537444413696
R_6OZvMecOoIC4xFu,2025-03-19T16:14:03Z,2025-03-19T16:20:34Z,1,31,21,01220,8,7,7,6,6,Interesting,3,Questions,3,Good,3,0,NA,NA,NA,NA,NA,NA,NA,NA,NA,NA,NA,NA,NA,4,4,5,NA,NA,I want to know about what good this could do,2,1,1,0,3,4,NA,50,50,50,50,8,6,7,6,6,8,5,6,6,7,8,6,6,6,6,7,7,5,5,4,4,5,5,5,4,4,5,3,4,4,5,4,5,5,4,4,3,1,7,NA,5,4,6,There is nothing,50,US national laboratories for energy and security,High school graduate or GED,Female,"$15,000 to under $50,000",Metropolitan,White,No,Independent,The Republican Party,I voted,Donald Trump,Northeast,Massachusetts,Female,30-49,HS or less,White,Northeast,Metropolitan,"< $50,000",Independent,Donald Trump,0.5434107035950155
R_70PdLgw4vvu6vzc,2025-03-19T17:29:46Z,2025-03-19T17:48:59Z,1,23,5,94580,6,8,10,10,9,nucleur,2,dangerous,2,powerful,4,1,0,0,0,0,0,0,0,0,0,1,school,3,2,3,3,1,I feel like there will be pollution caused by the facility.,NA,NA,4,1,0,0,4,5,NA,30,70,50,50,8,8,8,6,1,2,1,4,0,3,3,4,3,4,6,3,3,3,3,2,4,4,5,2,2,4,4,5,5,5,4,1,6,5,4,4,2,1,10,NA,10,2,4,What happens if a plant breaks down. What are the consequences,50,US national laboratories for energy and security,"Some college, no degree",Female,"$50,000 to under $75,000",Metropolitan,Asian or Asian-American,No,Independent,The Democratic Party,I voted,Kamala Harris,West,California,Female,18-29,Some college/2-yr degree,Other,West,Metropolitan,"> $50,000",Independent,Kamala Harris,0.6092627446727158
R_72YgKhHWk9XulaG,2025-03-19T16:12:43Z,2025-03-19T17:01:26Z,1,69,38,19008,8,7,8,7,6,NA,2,NA,2,NA,2,0,NA,NA,NA,NA,NA,NA,NA,NA,NA,NA,NA,NA,NA,2,4,4,NA,NA,I do not know how this energy is produced. Therefore I am very skeptical about it,4,1,1,0,5,NA,5,50,50,50,50,7,7,7,6,7,7,6,7,5,6,6,7,6,5,5,7,6,5,5,4,4,4,4,4,5,4,4,5,4,4,4,4,4,4,4,4,2,1,6,NA,6,6,7,NA,50,Lawrence Livermore National Laboratory,Post-graduate degree,Male,"$50,000 to under $75,000",Metropolitan,White,No,Republican,NA,I voted,Donald Trump,Northeast,Pennsylvania,Male,65+,4-yr/post-graduate degree,White,Northeast,Metropolitan,"> $50,000",Republican,Donald Trump,1.0404163630175447
R_7AxgmASX5DokTVD,2025-03-19T16:05:20Z,2025-03-22T14:43:21Z,1,38,36,73127,10,6,5,10,10,Space,3,Fresh,3,Galaxy,3,2,NA,NA,NA,NA,NA,NA,NA,NA,NA,NA,NA,NA,NA,4,4,3,NA,NA,It sounds interesting,6,1,0,2,2,4,NA,100,0,100,0,1,3,4,2,5,5,4,3,4,6,7,6,8,0,8,5,4,7,4,5,4,1,1,4,1,1,4,1,1,1,1,1,1,1,1,1,1,1,5,NA,4,7,8,I don't know,50,Lawrence Livermore National Laboratory,Some high school or less,Female,"Less than $15,000",Metropolitan,Black or African-American,No,Democrat,NA,I did not vote,NA,South,Oklahoma,Female,30-49,HS or less,Black,South,Metropolitan,"< $50,000",Democrat,3rd or didn't vote,1.5062971804487708
R_5oXgzzLOBoYbEpX,2025-03-18T21:21:10Z,2025-03-18T21:30:06Z,1,64,42,38372,6,10,10,10,10,dangerous,2,risky,2,unknown,2,1,0,0,0,1,0,0,0,0,0,0,NA,7,2,2,3,1,It is too unknown. the risks at this point are too great to ignore. Science is too quick to do something just because they can.,NA,NA,2,1,0,1,1,2,NA,100,0,0,100,3,3,3,3,10,8,10,10,3,0,5,0,0,8,0,0,2,2,2,3,2,3,6,1,1,1,3,5,5,5,6,2,7,7,7,5,4,1,10,NA,10,6,1,none,10,US national laboratories for energy and security,Post-graduate degree,Male,"$50,000 to under $75,000",Non-metro,White,No,Independent,The Republican Party,I voted,Kamala Harris,South,Tennessee,Male,50-64,4-yr/post-graduate degree,White,South,Non-metro,"> $50,000",Independent,Kamala Harris,0.6023785584121935
R_17PorL4s6AB8SvD,2025-03-19T19:24:39Z,2025-03-19T19:34:43Z,1,46,32,11004,7,6,8,7,4,nuclear,3,uncertain,3,explosion,3,2,NA,NA,NA,NA,NA,NA,NA,NA,NA,NA,NA,NA,NA,4,4,4,NA,NA,Just don't know much about it.,6,1,1,0,5,4,NA,100,0,50,50,5,5,5,5,5,5,5,5,4,5,5,5,5,5,5,5,5,5,4,4,4,4,4,4,4,4,4,4,4,4,4,4,4,4,4,4,3,0,NA,0,4,4,0,no,10,Lawrence Livermore National Laboratory,4-year or bachelor degree,Male,"$50,000 to under $75,000",Metropolitan,White,No,Democrat,NA,I voted,Kamala Harris,Northeast,New York,Male,30-49,4-yr/post-graduate degree,White,Northeast,Metropolitan,"> $50,000",Democrat,Kamala Harris,0.6822420338379662
R_3SKuC1KmWhsgQWl,2025-03-20T09:33:36Z,2025-03-20T09:47:00Z,1,74,4,72956,9,7,7,10,5,utopian,4,futuristic,3,science,3,1,0,1,0,1,0,0,0,0,0,0,NA,4,1,5,4,1,We know so little about the pros and cons of hosting such a facility a mere 10 miles from where I live.,NA,NA,NA,0,1,0,5,7,NA,50,50,30,70,10,10,10,10,7,3,7,9,10,8,5,8,9,2,5,6,8,0,4,5,4,4,5,1,4,2,3,4,3,4,6,3,3,4,3,2,2,0,NA,7,7,6,6,NA,10,US national laboratories for energy and security,Post-graduate degree,Female,"More than $200,000",Metropolitan,Asian or Asian-American,No,Independent,The Republican Party,I voted,Donald Trump,South,Arkansas,Female,65+,4-yr/post-graduate degree,Other,South,Metropolitan,"> $50,000",Independent,Donald Trump,0.823974999178581
R_5JFd0afLbt4Ipz3,2025-03-19T22:34:20Z,2025-03-19T22:49:10Z,1,69,17,40353,7,6,8,8,6,efficient,3,verstaile,3,clean,4,2,NA,NA,NA,NA,NA,NA,NA,NA,NA,NA,NA,NA,NA,4,5,4,NA,NA,Nt sure what risks or long term effects could be,3,0,1,0,2,5,NA,75,25,30,70,7,6,6,5,9,9,8,8,9,6,8,5,3,1,5,7,2,1,6,4,5,4,2,5,4,6,1,5,4,6,5,7,6,4,7,7,2,0,NA,8,5,6,2,Mixed feelings,50,US national laboratories for energy and security,Post-graduate degree,Female,"$15,000 to under $50,000",Non-metro,White,No,Republican,NA,I voted,Donald Trump,South,Kentucky,Female,65+,4-yr/post-graduate degree,White,South,Non-metro,"< $50,000",Republican,Donald Trump,0.8915650736315043
R_7C3mIGcA6P73JrD,2025-03-19T16:45:56Z,2025-03-19T16:55:27Z,1,65,9,33472,5,7,6,5,7,Nuclear,3,NA,3,NA,3,0,NA,NA,NA,NA,NA,NA,NA,NA,NA,NA,NA,NA,NA,4,4,4,NA,NA,Possibly nuclear,3,0,0,0,4,NA,4,75,25,75,25,7,7,3,4,5,5,6,8,4,6,5,5,5,6,5,5,5,5,4,3,4,3,3,3,3,4,4,4,5,4,4,4,3,4,4,4,3,1,5,NA,6,4,5,No,50,Lawrence Livermore National Laboratory,"Some college, no degree",Male,"$75,000 to under $100,000",Metropolitan,White,No,Independent,The Democratic Party,I voted,Kamala Harris,South,Florida,Male,65+,Some college/2-yr degree,White,South,Metropolitan,"> $50,000",Independent,Kamala Harris,0.6690270308989641
R_6mPDuuMQJhrLUhb,2025-03-18T19:40:05Z,2025-03-18T19:47:28Z,1,68,32,11360,9,8,10,10,1,Nuclear,4,Safe,5,Clean,5,1,1,1,0,0,0,0,0,0,0,0,NA,5,4,6,7,7,NA,Think this type of energy is needed to bring down the high cost that we are paying now,NA,2,1,1,0,3,4,NA,70,30,40,60,10,10,10,10,8,8,9,6,10,5,2,4,5,0,9,5,7,0,4,5,4,4,7,4,4,4,7,4,4,4,4,1,5,4,4,1,2,1,2,NA,2,4,8,Think it would be very useful and beneficial to energy customers,10,Lawrence Livermore National Laboratory,High school graduate or GED,Male,"$50,000 to under $75,000",Metropolitan,White,No,Republican,NA,I voted,Donald Trump,Northeast,New York,Male,65+,HS or less,White,Northeast,Metropolitan,"> $50,000",Republican,Donald Trump,0.9100611658332501
R_7n9oD1TLxXP2gUO,2025-03-19T20:16:33Z,2025-03-19T20:33:28Z,1,88,5,95765,6,5,3,6,8,non-radio-active,5,High output,5,future,3,0,NA,NA,NA,NA,NA,NA,NA,NA,NA,NA,NA,NA,NA,1,7,4,NA,NA,This is a suburban area. Not suitable for large power plants.,3,1,1,0,5,NA,6,30,70,90,10,10,10,10,10,3,3,3,1,9,7,7,10,9,3,7,3,7,3,6,3,4,4,3,4,7,4,7,1,1,4,4,5,4,1,4,2,2,1,10,NA,10,2,1,Any questions in this survey related to government agencies are worthless. We don't even know if they will exist.,10,Lawrence Livermore National Laboratory,Post-graduate degree,Male,"$75,000 to under $100,000",Metropolitan,White,No,Democrat,NA,I voted,Kamala Harris,West,California,Male,65+,4-yr/post-graduate degree,White,West,Metropolitan,"> $50,000",Democrat,Kamala Harris,0.8211834898675506
R_7ozl6LktqdusF4a,2025-03-19T17:21:46Z,2025-03-19T19:29:31Z,1,74,21,02148,10,10,10,5,5,heat,2,friction,4,safe,5,1,1,0,0,1,0,0,0,0,0,0,NA,5,1,7,7,7,NA,I am all for new energy sources and am willing to bet that once they research this it will be save,NA,2,1,1,2,2,7,NA,100,0,100,0,10,10,10,10,7,7,3,3,10,5,0,0,10,0,9,0,10,0,7,1,4,1,7,7,4,1,7,1,7,1,1,7,1,1,1,1,1,0,NA,8,8,4,4,nothing,10,US national laboratories for energy and security,2-year or associate degree,Female,"$150,000 to under $200,000",Metropolitan,White,No,Independent,The Republican Party,I voted,Donald Trump,Northeast,Massachusetts,Female,65+,Some college/2-yr degree,White,Northeast,Metropolitan,"> $50,000",Independent,Donald Trump,0.7629171766850927
R_1wRb1xv3W9q6OnP,2025-03-19T20:09:49Z,2025-03-19T20:15:11Z,1,69,13,60641,10,8,8,10,5,Dont know,3,None,3,None,NA,0,NA,NA,NA,NA,NA,NA,NA,NA,NA,NA,NA,NA,NA,4,4,3,NA,NA,I dint know anything about it,6,0,0,0,5,4,NA,0,100,50,50,5,5,5,5,5,5,5,8,5,5,5,4,5,5,5,5,5,3,4,4,4,4,4,4,4,4,3,4,4,4,4,4,4,4,4,4,3,0,NA,2,4,4,3,Mo,10,Lawrence Livermore National Laboratory,High school graduate or GED,Female,"$50,000 to under $75,000",Metropolitan,White,No,Republican,NA,I voted,Donald Trump,Midwest,Illinois,Female,65+,HS or less,White,Midwest,Metropolitan,"> $50,000",Republican,Donald Trump,0.9788173908280166
R_6gkgJFAvNggUwnS,2025-03-21T00:13:55Z,2025-03-21T00:29:58Z,1,20,20,21750,3,3,3,3,3,Nuclear power,5,Fusion of atoms,5,Make things from hydrogen,5,1,0,1,0,0,0,1,0,0,0,0,NA,6,2,7,7,5,NA,NA,"Well my area is very rural and I am not a fan of any development nearby, so to preserve the natural landscape",3,1,1,4,3,NA,5,70,30,45,55,10,9,9,9,2,3,2,2,8,5,6,5,7,6,7,6,8,5,4,6,4,6,6,4,5,4,6,3,2,4,4,3,4,3,4,3,2,0,NA,6,7,6,3,"nope
",10,Lawrence Livermore National Laboratory,"Some college, no degree",Male,"$50,000 to under $75,000",Metropolitan,White,No,Republican,NA,I voted,Donald Trump,South,Maryland,Male,18-29,Some college/2-yr degree,White,South,Metropolitan,"> $50,000",Republican,Donald Trump,0.9012222824681358
R_6qxXTIHYI2P4fey,2025-03-20T00:39:54Z,2025-03-20T00:59:11Z,1,70,14,47170,10,2,9,10,4,am not sure,4,nonradioactive,5,clesn,4,1,1,0,0,0,0,0,0,0,0,0,NA,2,1,6,7,6,NA,is much better than what we use now.,NA,4,1,1,0,3,NA,4,50,50,70,30,9,10,3,9,3,6,7,3,7,0,0,5,1,0,9,0,8,2,3,3,3,3,7,4,3,4,6,7,7,7,7,7,5,7,4,7,2,0,NA,7,1,6,3,I like it,50,US national laboratories for energy and security,Post-graduate degree,Male,"$15,000 to under $50,000",Metropolitan,White,No,Republican,NA,I voted,Donald Trump,Midwest,Indiana,Male,65+,4-yr/post-graduate degree,White,Midwest,Metropolitan,"< $50,000",Republican,Donald Trump,1.04418555492751
R_3HSUzPxAUdrqfQj,2025-03-21T16:14:04Z,2025-03-21T16:34:53Z,1,62,21,02764,9,6,9,10,3,Interesting,2,Dangerous,2,Unsure,2,1,0,0,0,0,0,0,0,0,1,0,NA,2,2,4,3,1,I just don’t know enough about it,NA,NA,4,1,0,0,5,NA,4,100,0,25,75,10,10,10,10,8,5,10,10,5,7,1,6,6,0,7,5,8,0,2,7,4,6,7,3,4,4,7,3,1,4,4,1,5,5,4,1,1,1,8,NA,7,6,8,NA,50,US national laboratories for energy and security,2-year or associate degree,Female,"More than $200,000",Metropolitan,White,No,Republican,NA,I voted,Donald Trump,Northeast,Massachusetts,Female,50-64,Some college/2-yr degree,White,Northeast,Metropolitan,"> $50,000",Republican,Donald Trump,0.7687830447724778
R_7dErbNouS9jdtyS,2025-03-20T21:12:55Z,2025-03-20T21:21:47Z,1,55,24,38671,5,7,8,8,5,Never heard of it,4,New,4,2 in 1,4,0,NA,NA,NA,NA,NA,NA,NA,NA,NA,NA,NA,NA,NA,4,4,4,NA,NA,I don't know how safe it will be if there is a leak,5,0,0,0,5,NA,4,20,80,25,75,5,5,5,5,10,10,10,10,0,5,8,5,5,8,5,8,7,5,6,4,6,6,4,6,6,6,4,6,4,6,6,4,6,4,6,4,3,0,NA,8,0,6,4,I think it's going to be too costly to create,10,Lawrence Livermore National Laboratory,High school graduate or GED,Female,"$15,000 to under $50,000",Metropolitan,White,No,Republican,NA,I voted,Donald Trump,South,Mississippi,Female,50-64,HS or less,White,South,Metropolitan,"< $50,000",Republican,Donald Trump,0.6557205065100626
R_1uTIOvACYllzFAa,2025-03-19T16:04:50Z,2025-03-19T16:15:53Z,1,68,5,90278,10,7,10,10,7,combing multiple energy elements,4,innovative power source,4,better efficiency,4,1,0,0,0,0,0,0,0,1,0,0,NA,3,2,3,6,6,NA,this can help develop energy source that will help move away from fossil fuels.,NA,2,1,1,0,3,5,NA,50,50,60,40,10,10,10,10,3,5,6,6,7,7,7,7,7,6,7,7,7,6,4,4,4,4,5,4,4,4,4,5,5,5,5,5,5,5,5,3,2,0,NA,6,5,6,2,no,50,US national laboratories for energy and security,4-year or bachelor degree,Male,"$150,000 to under $200,000",Metropolitan,White,No,Republican,NA,I voted,Donald Trump,West,California,Male,65+,4-yr/post-graduate degree,White,West,Metropolitan,"> $50,000",Republican,Donald Trump,1.043032711588698
R_7rxu0Nu9pvMCbFj,2025-03-19T19:30:44Z,2025-03-19T19:44:03Z,1,56,3,85901,10,10,7,10,6,What,3,I'm confused,3,What is this,3,0,NA,NA,NA,NA,NA,NA,NA,NA,NA,NA,NA,NA,NA,4,4,4,NA,NA,I don't know enough about it,3,1,1,0,5,NA,4,80,20,80,20,7,7,7,7,4,4,4,4,5,4,4,3,3,2,3,6,5,0,4,3,3,2,1,2,4,3,1,NA,NA,NA,NA,NA,NA,NA,NA,NA,2,1,6,NA,7,5,5,NA,10,Lawrence Livermore National Laboratory,4-year or bachelor degree,Female,"$50,000 to under $75,000",Non-metro,White,No,Independent,Neither,I voted,Donald Trump,West,Arizona,Female,50-64,4-yr/post-graduate degree,White,West,Non-metro,"> $50,000",Independent,Donald Trump,0.688642762938886
R_50pmuYesyY2Iufb,2025-03-18T19:43:43Z,2025-03-18T19:52:56Z,1,52,38,17201,5,7,10,4,6,Nuclear,3,Unsafe,2,Long term,2,2,NA,NA,NA,NA,NA,NA,NA,NA,NA,NA,NA,NA,NA,4,3,2,I'm not sure it's safe and we have alot of farms and don't  need to lose anymore,NA,NA,4,1,1,0,3,5,NA,75,25,45,55,7,8,8,8,7,8,6,8,7,5,5,2,5,6,8,2,4,4,3,3,6,3,5,4,2,4,2,5,5,6,5,5,4,6,4,6,2,1,7,NA,5,3,7,Mo not really,50,US national laboratories for energy and security,"Some college, no degree",Female,"$50,000 to under $75,000",Metropolitan,White,No,Independent,The Democratic Party,I voted,Kamala Harris,Northeast,Pennsylvania,Female,50-64,Some college/2-yr degree,White,Northeast,Metropolitan,"> $50,000",Independent,Kamala Harris,0.5391103353032646
R_5LpxV46MHtsLZS1,2025-03-19T17:12:34Z,2025-03-19T17:20:57Z,1,53,9,33983,7,8,9,6,4,Nuclear reaction power,5,Unlimited potential,5,Great cost,5,1,1,0,1,0,0,0,1,0,0,0,NA,7,2,7,7,7,NA,Great substitute while we work on the coal/ gas issues.,NA,4,1,1,0,3,7,NA,75,25,30,70,10,10,9,10,8,9,5,5,10,9,8,8,8,8,8,7,8,6,1,4,4,4,7,1,4,4,1,7,4,7,7,1,6,7,7,7,3,0,NA,8,2,4,0,Great information,50,Lawrence Livermore National Laboratory,2-year or associate degree,Male,"$15,000 to under $50,000",Metropolitan,White,No,Independent,The Republican Party,I voted,Donald Trump,South,Florida,Male,50-64,Some college/2-yr degree,White,South,Metropolitan,"< $50,000",Independent,Donald Trump,0.592364183854556
R_51szj8YWb4I45VY,2025-03-19T19:36:20Z,2025-03-19T19:48:32Z,1,74,36,73072,7,9,2,4,0,NEUCULAR ENERGY-,5,GREAT WAY TO PROVIDE ENERGY,5,BE VERY CARFUL USING THIS,5,0,NA,NA,NA,NA,NA,NA,NA,NA,NA,NA,NA,NA,NA,7,7,7,NA,GOING TO HAVE TO PROVIDE MORE ENERGY SOONER THAN LATER SO GET IT DONE,NA,1,1,1,0,3,7,NA,90,10,50,50,3,4,6,4,4,1,3,10,10,8,0,5,1,0,6,2,1,0,4,5,3,4,1,2,4,2,7,6,3,3,2,1,2,3,1,1,2,0,NA,10,0,7,3,NEED TO GET BUSY AND FIGURE THIS OUT,10,Lawrence Livermore National Laboratory,High school graduate or GED,Male,"$100,000 to under $150,000",Metropolitan,White,No,Republican,NA,I voted,Donald Trump,South,Oklahoma,Male,65+,HS or less,White,South,Metropolitan,"> $50,000",Republican,Donald Trump,0.9076612091931551
R_1dv7oATPVxCzFxW,2025-03-24T02:35:13Z,2025-03-24T02:46:00Z,1,58,9,33511,6,8,8,6,10,Atomic,4,Physics,4,Neutrons,4,1,1,1,0,1,0,1,1,0,0,0,NA,6,2,5,7,6,NA,I think it's low risk snd would improve the local economy,NA,3,1,1,2,3,NA,6,50,50,60,40,9,10,10,6,2,4,7,6,8,8,6,10,10,8,6,8,10,8,4,4,4,4,5,3,4,4,6,4,4,4,4,3,5,4,4,6,3,1,10,NA,10,1,1,NA,10,US national laboratories for energy and security,High school graduate or GED,Female,"$50,000 to under $75,000",Metropolitan,White,No,Democrat,NA,I voted,Kamala Harris,South,Florida,Female,50-64,HS or less,White,South,Metropolitan,"> $50,000",Democrat,Kamala Harris,0.5743190753299082
R_1PZXSQDEhi1t2i5,2025-03-18T21:10:19Z,2025-03-18T21:19:48Z,1,46,10,30461,7,8,7,7,6,Joining together,3,New,4,Unfamiliar,2,0,NA,NA,NA,NA,NA,NA,NA,NA,NA,NA,NA,NA,NA,5,5,3,NA,NA,I’m just not familiar at all with it. Would need more education.,3,1,1,0,3,5,NA,75,25,30,70,7,8,7,7,7,6,8,7,7,7,7,5,8,7,5,7,7,4,3,5,4,5,4,1,5,2,2,4,4,4,5,4,4,6,6,5,2,1,6,NA,8,4,4,No,10,Lawrence Livermore National Laboratory,4-year or bachelor degree,Female,"$100,000 to under $150,000",Non-metro,White,No,Republican,NA,I voted,Donald Trump,South,Georgia,Female,30-49,4-yr/post-graduate degree,White,South,Non-metro,"> $50,000",Republican,Donald Trump,0.8261031183076893
R_6K4X06ZUzx65aHD,2025-03-19T16:15:22Z,2025-03-23T17:49:47Z,1,82,32,13732,10,9,10,10,9,NA,NA,NA,NA,NA,NA,0,NA,NA,NA,NA,NA,NA,NA,NA,NA,NA,NA,NA,NA,4,7,7,NA,"HOPEFULLY TO PRODUCE CLEAN ENERGY. NATURAL GAS OK, BUT COSTS ARE RISING HERE",NA,2,1,1,4,5,NA,7,60,40,30,70,10,9,10,10,5,9,8,8,10,9,7,8,7,6,7,8,8,0,4,5,4,4,6,4,4,6,6,5,5,4,4,5,4,6,5,5,2,1,9,NA,9,6,4,"KEEP UP THE RESEARCH, WE NEED NEW ENERGY OPTIONS",50,US national laboratories for energy and security,2-year or associate degree,Male,"$75,000 to under $100,000",Metropolitan,White,No,Republican,NA,I voted,Donald Trump,Northeast,New York,Male,65+,Some college/2-yr degree,White,Northeast,Metropolitan,"> $50,000",Republican,Donald Trump,0.9565696797938077
R_7zJ5QCqG5RmJwUk,2025-03-18T19:19:30Z,2025-03-20T16:48:38Z,1,57,20,20748,10,10,10,10,10,nuclear,3,innovative,5,dangerous,1,2,NA,NA,NA,NA,NA,NA,NA,NA,NA,NA,NA,NA,NA,7,7,7,NA,"It would be good for the environment, I think. It would be an innovative source of clean energy.",NA,2,1,1,0,3,NA,7,30,70,50,50,10,10,10,10,1,5,10,10,10,10,10,10,10,10,10,10,10,10,4,4,4,4,4,1,4,4,4,4,4,4,4,4,7,4,4,4,1,1,10,NA,10,1,3,I can't think of anything thank you.,50,US national laboratories for energy and security,2-year or associate degree,Female,"$15,000 to under $50,000",Metropolitan,White,No,Independent,The Democratic Party,I voted,Kamala Harris,South,Maryland,Female,50-64,Some college/2-yr degree,White,South,Metropolitan,"< $50,000",Independent,Kamala Harris,0.4833243275428284
R_7SobUiPdBkNCTpB,2025-03-18T19:56:28Z,2025-03-18T20:07:24Z,1,75,5,94122,9,9,10,8,10,Combination efficient expensive,3,efficient,4,Expenseive,2,0,NA,NA,NA,NA,NA,NA,NA,NA,NA,NA,NA,NA,NA,4,4,5,NA,NA,I’m not sure how well it has been tested,2,1,1,0,5,4,NA,80,20,40,60,9,7,6,7,7,9,6,10,4,5,7,7,9,6,4,6,8,8,5,5,5,6,4,4,4,6,6,4,5,4,6,4,6,4,6,4,NA,1,7,NA,8,3,3,NA,50,Lawrence Livermore National Laboratory,4-year or bachelor degree,Male,"$150,000 to under $200,000",Metropolitan,White,No,Democrat,NA,I voted,Kamala Harris,West,California,Male,65+,4-yr/post-graduate degree,White,West,Metropolitan,"> $50,000",Democrat,Kamala Harris,0.8211834898675506
R_1qfI4GmeQOlUv6W,2025-03-19T19:23:50Z,2025-03-19T23:03:51Z,1,47,22,49684,7,6,8,4,10,combined energy,4,mixed flavors,4,compounded or mixed,3,0,NA,NA,NA,NA,NA,NA,NA,NA,NA,NA,NA,NA,NA,3,5,6,NA,NA,"I don't know much about fusion energy, so I'm not very certain in my feelings about it, one way or the other.",1,1,1,0,1,NA,5,20,80,40,60,9,9,9,8,7,3,6,2,8,8,7,5,8,5,2,7,8,4,5,5,4,4,6,1,3,4,5,5,5,5,5,5,7,6,5,5,4,1,9,NA,10,1,3,"I didn't know much about fusion energy, but I definitely think it deserves some funding if it's backed by scientists, regardless of how many years down the road it might be before coming into regular use. Delaying its development will only put us behind other countries.",50,Lawrence Livermore National Laboratory,4-year or bachelor degree,Male,"$50,000 to under $75,000",Non-metro,White,No,Democrat,NA,I voted,Kamala Harris,Midwest,Michigan,Male,30-49,4-yr/post-graduate degree,White,Midwest,Non-metro,"> $50,000",Democrat,Kamala Harris,0.7558187458077453
R_5KQ5rAmYoeHMXmc,2025-03-18T20:26:41Z,2025-03-18T20:39:43Z,1,79,14,46222,10,6,7,9,4,energy of the future,3,scientific,3,another bother,3,0,NA,NA,NA,NA,NA,NA,NA,NA,NA,NA,NA,NA,NA,4,4,4,NA,NA,"everything is constantly changing, with no proof that it will make anything better",3,0,1,0,5,NA,4,50,50,40,60,7,8,8,5,9,7,9,9,6,7,7,8,8,5,5,7,7,5,4,4,4,4,6,4,4,3,2,4,4,4,4,1,6,4,4,7,3,0,NA,2,5,6,4,not at this time,50,US national laboratories for energy and security,High school graduate or GED,Male,"$50,000 to under $75,000",Metropolitan,White,No,Republican,NA,I voted,Donald Trump,Midwest,Indiana,Male,65+,HS or less,White,Midwest,Metropolitan,"> $50,000",Republican,Donald Trump,1.016092591449814
R_5t5b8pz6NMgzcOt,2025-03-19T18:37:03Z,2025-03-19T18:46:42Z,1,77,17,40214,10,10,10,10,10,do not know,3,NA,3,NA,3,0,NA,NA,NA,NA,NA,NA,NA,NA,NA,NA,NA,NA,NA,4,5,1,Explosion and harmful to humans,NA,NA,6,0,0,0,4,NA,4,20,80,40,60,6,5,7,6,6,5,5,5,6,3,3,3,3,4,4,3,4,3,3,3,3,3,3,3,3,3,3,4,3,4,4,4,3,3,3,3,4,1,5,NA,4,3,5,No,10,US national laboratories for energy and security,High school graduate or GED,Female,"$150,000 to under $200,000",Metropolitan,White,No,Democrat,NA,I voted,Kamala Harris,South,Kentucky,Female,65+,HS or less,White,South,Metropolitan,"> $50,000",Democrat,Kamala Harris,0.688389833221799
R_5ri26ie7LPerda2,2025-03-19T23:33:50Z,2025-03-19T23:48:40Z,1,66,49,53093,9,9,10,9,9,Don't know,3,Don't know,3,Don't kniw,3,0,NA,NA,NA,NA,NA,NA,NA,NA,NA,NA,NA,NA,NA,4,4,4,NA,NA,It is too early to start making changes,4,1,1,0,3,4,NA,75,25,50,50,5,5,5,5,5,8,7,8,10,8,7,7,8,5,7,8,5,5,4,4,4,5,6,5,4,4,6,4,4,4,4,6,6,4,4,6,3,1,10,NA,10,4,6,No,50,US national laboratories for energy and security,2-year or associate degree,Female,"$15,000 to under $50,000",Metropolitan,White,No,Republican,NA,I voted,Donald Trump,Midwest,Wisconsin,Female,65+,Some college/2-yr degree,White,Midwest,Metropolitan,"< $50,000",Republican,Donald Trump,0.924816373553845
R_6dh5PQp2XF0dN1v,2025-03-19T16:14:59Z,2025-03-19T19:13:14Z,1,67,30,07080,3,9,9,6,9,nuclear-3 mile island-not in my back yard-waste disposal,2,3 mile island,1,waste disposal,2,2,NA,NA,NA,NA,NA,NA,NA,NA,NA,NA,NA,NA,NA,3,1,1,nuclear accidents,NA,NA,2,1,0,0,2,4,NA,65,35,35,65,7,9,6,8,8,4,1,2,8,6,6,5,8,6,3,8,8,2,4,3,4,4,5,2,4,4,6,5,5,4,4,3,7,5,4,6,3,1,9,NA,9,5,2,NA,50,Lawrence Livermore National Laboratory,4-year or bachelor degree,Male,"$50,000 to under $75,000",Metropolitan,White,No,Democrat,NA,I voted,Kamala Harris,Northeast,New Jersey,Male,65+,4-yr/post-graduate degree,White,Northeast,Metropolitan,"> $50,000",Democrat,Kamala Harris,0.8191236290151549
R_1nVDES2QGkb67A5,2025-03-18T20:51:30Z,2025-03-18T21:03:11Z,1,63,1,35033,9,10,10,9,10,Affordable,4,New,4,Better,4,1,1,0,0,1,0,0,0,1,0,0,NA,5,3,5,5,6,NA,NA,Not enough about it has been tested.Needs more data and studied more.,2,1,1,4,3,NA,4,50,50,40,60,9,9,8,9,9,7,8,9,10,10,8,9,8,8,9,9,9,3,5,5,5,4,5,4,3,3,7,6,6,7,6,5,6,7,7,4,2,0,NA,6,5,7,4,None,50,US national laboratories for energy and security,High school graduate or GED,Male,"$15,000 to under $50,000",Non-metro,White,No,Republican,NA,I voted,Donald Trump,South,Alabama,Male,50-64,HS or less,White,South,Non-metro,"< $50,000",Republican,Donald Trump,0.6754090211074296
R_5KVPrHXLSMSikuJ,2025-03-19T08:31:08Z,2025-03-19T08:39:26Z,1,61,38,18615,5,5,6,7,3,Not,3,Familiar,3,With,3,0,NA,NA,NA,NA,NA,NA,NA,NA,NA,NA,NA,NA,NA,4,4,5,NA,NA,Anything to make it betterment,6,0,1,0,5,NA,4,75,25,50,50,5,6,5,5,5,5,6,5,6,3,5,2,5,8,8,3,6,5,4,4,4,4,4,4,4,4,4,4,4,3,4,3,5,6,3,7,3,0,NA,10,6,7,7,None,10,US national laboratories for energy and security,High school graduate or GED,Male,"$15,000 to under $50,000",Metropolitan,White,No,Republican,NA,I voted,Donald Trump,Northeast,Pennsylvania,Male,50-64,HS or less,White,Northeast,Metropolitan,"< $50,000",Republican,Donald Trump,0.6824913960819324
R_5JJLk9lgEcVpuqr,2025-03-22T15:44:14Z,2025-03-22T15:57:42Z,1,45,25,63441,5,8,7,10,5,Nuclear,3,Power,4,Electric,5,1,1,1,1,1,0,0,0,1,0,0,NA,1,3,3,3,1,NA,NA,NA,3,0,1,0,1,NA,5,75,25,80,20,3,5,5,5,7,4,8,3,7,3,0,7,7,0,9,4,5,1,7,NA,1,4,6,2,1,NA,4,7,7,7,5,1,7,7,4,6,2,0,NA,8,4,6,0,NA,10,US national laboratories for energy and security,Some high school or less,Male,"$75,000 to under $100,000",Non-metro,White,No,Republican,NA,I voted,Donald Trump,Midwest,Missouri,Male,30-49,HS or less,White,Midwest,Non-metro,"> $50,000",Republican,Donald Trump,0.8397282957096766
R_715shdeTAXGbJUw,2025-03-19T20:32:12Z,2025-03-19T20:37:14Z,1,54,28,89113,9,8,8,8,9,savings,4,combined enery,3,costing,3,0,NA,NA,NA,NA,NA,NA,NA,NA,NA,NA,NA,NA,NA,5,6,5,NA,NA,we don't have it here where I live,4,0,0,4,5,6,NA,100,0,100,0,9,9,8,8,8,9,8,8,10,8,8,9,8,8,6,8,8,8,6,6,6,6,5,6,5,6,7,7,6,5,6,6,7,7,6,6,3,1,7,NA,8,4,7,NA,50,Lawrence Livermore National Laboratory,4-year or bachelor degree,Female,"$150,000 to under $200,000",Metropolitan,Mixed race,Yes,Independent,Neither,I voted,Donald Trump,West,Nevada,Female,50-64,4-yr/post-graduate degree,Hispanic,West,Metropolitan,"> $50,000",Independent,Donald Trump,0.8322359052631287
R_7cC5VZHjDqavSNP,2025-03-20T17:21:10Z,2025-03-20T17:32:01Z,1,72,5,96002,5,10,8,4,10,nuclear power,3,radiation,2,nuclear reactors,3,2,NA,NA,NA,NA,NA,NA,NA,NA,NA,NA,NA,NA,NA,3,4,4,NA,NA,I would have no mixed feelings if I was more educated about the subject,3,0,0,0,5,5,NA,75,25,30,70,10,9,10,6,10,10,10,10,2,6,2,9,8,5,0,0,9,0,4,2,4,4,6,1,2,4,6,4,3,4,4,2,6,6,4,2,4,1,10,NA,10,2,3,I am not sufficiently educated about fusion energy to have a valid opinion,50,Lawrence Livermore National Laboratory,"Some college, no degree",Male,"$75,000 to under $100,000",Metropolitan,White,No,Democrat,NA,I voted,Kamala Harris,West,California,Male,65+,Some college/2-yr degree,White,West,Metropolitan,"> $50,000",Democrat,Kamala Harris,0.7550046845440834
R_1SctFhVymcufcZQ,2025-03-19T21:08:04Z,2025-03-19T21:25:25Z,1,67,10,30305,5,9,7,9,10,"Combination,",3,Coal,3,Solar,3,2,NA,NA,NA,NA,NA,NA,NA,NA,NA,NA,NA,NA,NA,4,4,1,I don't know enough about fusion energy to know if these plants could possibly emit harmful chemical or emissions.,NA,NA,1,1,1,0,2,4,NA,75,25,50,50,10,10,10,9,6,7,10,6,5,10,10,9,10,10,5,10,9,5,4,4,6,6,2,2,4,4,6,4,4,4,7,2,7,4,5,7,2,1,7,NA,10,4,4,Not at this time.,10,US national laboratories for energy and security,"Some college, no degree",Female,"$15,000 to under $50,000",Metropolitan,Black or African-American,No,Democrat,NA,I voted,Kamala Harris,South,Georgia,Female,65+,Some college/2-yr degree,Black,South,Metropolitan,"< $50,000",Democrat,Kamala Harris,0.6535808537608548
R_1k6qZLwpTFO2z3c,2025-03-18T21:45:52Z,2025-03-18T21:53:05Z,1,42,5,93722,9,10,10,10,9,unique,5,trusted,5,relevant,5,2,NA,NA,NA,NA,NA,NA,NA,NA,NA,NA,NA,NA,NA,7,7,6,NA,it helps and its clean energy,NA,2,1,1,3,4,NA,5,50,50,50,50,8,8,8,8,8,7,8,9,10,9,10,10,10,10,9,9,9,10,4,4,4,4,4,4,4,4,4,7,6,7,7,6,7,6,7,7,3,0,NA,0,6,7,6,it might be useful for the future,10,Lawrence Livermore National Laboratory,Post-graduate degree,Male,"More than $200,000",Metropolitan,Black or African-American,Yes,Democrat,NA,I voted,Donald Trump,West,California,Male,30-49,4-yr/post-graduate degree,Hispanic,West,Metropolitan,"> $50,000",Democrat,Donald Trump,0.9683150933923976
R_1ZCP1vA3EoFehI5,2025-03-19T20:39:20Z,2025-03-19T20:53:40Z,1,66,32,11580,10,7,8,9,9,Possible alternative energy,4,Combining multiple energy,4,New innovative technology,4,0,NA,NA,NA,NA,NA,NA,NA,NA,NA,NA,NA,NA,NA,6,6,5,NA,NA,Would need more information,3,1,1,4,1,6,NA,50,50,60,40,9,7,8,9,8,8,9,8,8,9,9,8,9,6,8,9,9,8,5,4,4,5,4,5,4,5,5,4,4,4,4,5,4,4,4,5,2,1,8,NA,7,3,7,Sounds promising,50,US national laboratories for energy and security,4-year or bachelor degree,Male,"$75,000 to under $100,000",Metropolitan,White,No,Republican,NA,I voted,Donald Trump,Northeast,New York,Male,65+,4-yr/post-graduate degree,White,Northeast,Metropolitan,"> $50,000",Republican,Donald Trump,1.0404163630175447
R_3CjlxGvDTTXG5e8,2025-03-20T03:51:16Z,2025-03-20T03:57:17Z,1,32,10,31906,9,9,8,8,9,Chemicals connection,4,Retrieve,5,Machine,5,1,0,0,1,1,1,0,0,0,0,0,NA,8,2,6,6,6,NA,It make things easier to produce,NA,3,1,1,3,1,6,NA,20,80,30,70,9,7,8,9,5,2,7,6,9,9,8,9,9,10,8,8,9,9,3,5,6,4,3,4,5,3,6,4,6,7,7,7,6,6,6,6,1,1,8,NA,9,1,8,It's very important to start using,10,Lawrence Livermore National Laboratory,2-year or associate degree,Male,"$15,000 to under $50,000",Metropolitan,Black or African-American,No,Republican,NA,I voted,Donald Trump,South,Georgia,Male,30-49,Some college/2-yr degree,Black,South,Metropolitan,"< $50,000",Republican,Donald Trump,0.7177573828155105
R_5xfOlb2003REQJH,2025-03-19T16:13:38Z,2025-03-19T16:31:55Z,1,68,14,46406,10,10,10,10,7,High temperature pressure,3,Atomic nuclei,3,Neutron radiation,1,0,NA,NA,NA,NA,NA,NA,NA,NA,NA,NA,NA,NA,NA,5,4,1,I'm afraid that there are too many risks involved which could prove dangerous.,NA,NA,2,1,0,0,5,NA,4,80,20,30,70,6,5,6,6,10,7,10,10,0,7,8,7,10,4,7,8,8,5,5,5,5,5,4,5,5,5,4,6,6,6,5,4,5,6,6,3,3,0,NA,5,5,7,8,There isn't anything.,50,Lawrence Livermore National Laboratory,High school graduate or GED,Female,"$15,000 to under $50,000",Metropolitan,White,No,Republican,NA,I voted,Donald Trump,Midwest,Indiana,Female,65+,HS or less,White,Midwest,Metropolitan,"< $50,000",Republican,Donald Trump,0.8798517085336746
R_7DvaxYZSymTj5IZ,2025-03-19T16:26:09Z,2025-03-19T16:35:27Z,1,72,40,29212,10,8,8,8,3,nuclear,5,safe,5,sustainable,5,1,0,0,0,0,0,0,0,0,1,0,NA,3,4,7,7,7,NA,We need to develop every possible energy source.,NA,3,1,1,0,3,NA,7,80,20,25,75,9,10,9,8,9,9,7,8,9,8,7,7,7,6,7,7,7,1,4,4,4,4,5,2,4,4,7,4,5,4,4,5,6,4,4,1,1,1,2,NA,4,5,5,nothing,10,Lawrence Livermore National Laboratory,4-year or bachelor degree,Male,"$100,000 to under $150,000",Metropolitan,White,No,Republican,NA,I voted,Donald Trump,South,South Carolina,Male,65+,4-yr/post-graduate degree,White,South,Metropolitan,"> $50,000",Republican,Donald Trump,1.0376726417682143
R_3Op0opPom940xG0,2025-03-18T22:14:26Z,2025-03-18T22:25:08Z,1,71,32,10010,10,8,9,10,2,Heat,4,climate,4,earth,4,2,NA,NA,NA,NA,NA,NA,NA,NA,NA,NA,NA,NA,NA,4,5,2,I live in New York City.  There would be no positive place for a facility.,NA,NA,2,1,1,0,3,4,NA,70,30,40,60,9,7,6,9,9,9,9,8,8,6,8,9,8,3,10,8,5,3,4,3,4,2,2,4,4,2,6,4,5,4,6,6,4,4,6,3,2,0,NA,6,4,6,3,NA,10,US national laboratories for energy and security,4-year or bachelor degree,Female,"$75,000 to under $100,000",Metropolitan,White,No,Republican,NA,I voted,Donald Trump,Northeast,New York,Female,65+,4-yr/post-graduate degree,White,Northeast,Metropolitan,"> $50,000",Republican,Donald Trump,1.0022488485724845
R_7EpcwEVCcjK7AxU,2025-03-19T17:29:44Z,2025-03-19T17:34:36Z,1,81,43,76182,8,6,8,9,6,don't know much,4,NA,4,NA,4,0,NA,NA,NA,NA,NA,NA,NA,NA,NA,NA,NA,NA,NA,5,5,5,NA,NA,can't really discribe it,4,1,1,0,3,6,NA,70,30,70,30,8,8,8,8,7,7,8,8,8,9,7,7,7,7,5,7,7,1,5,5,5,5,5,5,5,5,5,5,5,5,5,5,5,5,5,5,2,1,9,NA,7,6,1,No,10,Lawrence Livermore National Laboratory,Post-graduate degree,Male,"$150,000 to under $200,000",Metropolitan,White,No,Republican,NA,I voted,Donald Trump,South,Texas,Male,65+,4-yr/post-graduate degree,White,South,Metropolitan,"> $50,000",Republican,Donald Trump,1.0376726417682143
R_5K6yLZ3q1PqxuWH,2025-03-19T17:03:55Z,2025-03-19T17:12:20Z,1,74,13,60004,6,5,7,4,10,Nucular,2,Atomic,2,Radiation,1,1,1,0,0,1,0,0,0,0,0,0,NA,7,2,2,2,1,I think it is not safe,NA,NA,1,1,0,0,4,2,NA,80,20,20,80,2,2,2,2,9,7,9,8,0,3,5,5,8,9,5,2,8,7,4,2,3,2,2,1,3,3,4,4,4,4,5,5,4,4,4,4,2,1,10,NA,10,1,0,No,10,US national laboratories for energy and security,4-year or bachelor degree,Male,"$100,000 to under $150,000",Metropolitan,White,No,Democrat,NA,I voted,Kamala Harris,Midwest,Illinois,Male,65+,4-yr/post-graduate degree,White,Midwest,Metropolitan,"> $50,000",Democrat,Kamala Harris,0.9145599023135198
R_157jurK3WIva5dT,2025-03-22T23:42:49Z,2025-03-23T00:25:44Z,1,21,9,33324,7,6,7,6,8,Efficient,4,New,4,Future,4,1,0,0,0,1,0,0,0,0,0,0,NA,2,4,5,5,5,NA,NA,"Worried about an accident that could occur that results in something like Chernobyl, but want new clean energy that would benefit humanity",3,1,1,0,1,NA,5,0,100,30,70,7,8,8,6,8,7,8,7,8,6,6,6,7,7,4,6,5,4,4,4,4,4,4,3,4,4,5,5,4,4,4,4,5,4,4,3,2,1,6,NA,8,1,4,NA,50,Lawrence Livermore National Laboratory,"Some college, no degree",Female,"$50,000 to under $75,000",Metropolitan,Asian or Asian-American,No,Independent,The Democratic Party,I voted,Kamala Harris,South,Florida,Female,18-29,Some college/2-yr degree,Other,South,Metropolitan,"> $50,000",Independent,Kamala Harris,0.6061317874034163
R_6psbWTVdwgvIFdb,2025-03-19T21:48:08Z,2025-03-19T22:02:33Z,1,67,20,20872,2,0,8,7,0,ATOMIC ENERGY,3,3 MILE ISLAND,2,SHERINOBLE,1,0,NA,NA,NA,NA,NA,NA,NA,NA,NA,NA,NA,NA,NA,6,5,4,NA,NA,I DON T KNOW ENOUGH ABOUT IT.    WHY NOT HAVE SERVAL SCIENTISTS WRITE AN SSAY ON THE MATTER AND PUBLISH IT SO THAT EVERYONE CAN RED IT AND then MAKE AN OPINION. TRYING TO ANSWER QUESTIONS YOU KNOW NOTHING ABOUT IS LIKE PUTTING YOUR HEAD IN THE SAND,3,1,1,0,5,4,NA,80,20,50,50,5,1,2,3,10,10,10,8,1,7,2,8,3,0,6,8,3,0,2,7,2,4,7,4,2,6,7,6,1,5,3,1,3,5,2,1,4,0,NA,6,1,5,3,NO,10,US national laboratories for energy and security,High school graduate or GED,Male,"$50,000 to under $75,000",Metropolitan,White,No,Independent,Neither,I voted,Someone else,South,Maryland,Male,65+,HS or less,White,South,Metropolitan,"> $50,000",Independent,3rd or didn't vote,1.8512539049428776
R_7N9r9erXnsx78ff,2025-03-19T19:06:17Z,2025-03-19T19:21:25Z,1,82,3,86409,9,8,8,9,0,none,3,none,3,none,3,0,NA,NA,NA,NA,NA,NA,NA,NA,NA,NA,NA,NA,NA,4,4,1,"If it has to do with atoms becoming, it could leak into the air.",NA,NA,3,1,0,0,3,NA,1,100,0,0,100,1,1,1,1,10,10,10,10,10,0,0,0,0,0,0,0,0,0,1,1,1,1,1,1,1,1,1,1,1,1,1,1,1,1,1,1,3,0,NA,0,0,7,5,no,50,US national laboratories for energy and security,High school graduate or GED,Male,"$50,000 to under $75,000",Metropolitan,Mixed race,No,Republican,NA,I voted,Donald Trump,West,Arizona,Male,65+,HS or less,Other,West,Metropolitan,"> $50,000",Republican,Donald Trump,0.9083520980859653
R_7zI6z6KTDrWQhzd,2025-03-22T14:13:42Z,2025-03-22T14:27:28Z,1,81,5,90804,10,6,8,10,6,Don't know,3,Never heard before,3,Nothing,3,0,NA,NA,NA,NA,NA,NA,NA,NA,NA,NA,NA,NA,NA,4,2,1,I would need to know how much scientific research has gone into this as far as safety. What are the pros vs the cons?,NA,NA,5,1,1,4,5,NA,4,50,50,30,70,10,6,8,8,5,6,7,7,7,7,9,5,8,8,5,6,9,4,4,4,3,4,4,3,4,4,4,4,4,4,4,5,3,4,4,4,2,1,7,NA,8,1,3,It's rather confusing to me,10,US national laboratories for energy and security,"Some college, no degree",Female,"$50,000 to under $75,000",Metropolitan,White,No,Democrat,NA,I voted,Kamala Harris,West,California,Female,65+,Some college/2-yr degree,White,West,Metropolitan,"> $50,000",Democrat,Kamala Harris,0.727307453677926
R_3zSUq3nQaSA1OZb,2025-03-20T07:44:03Z,2025-03-20T08:08:07Z,1,70,1,35987,9,10,10,10,10,continue research and begin utilization,5,lobbies for oil/gas will fight,1,another promise for the future of the environment,5,1,0,1,0,0,0,1,1,0,0,0,NA,6,3,6,7,7,NA,"I live in a very rural area and would have no objection to a fusion energy facility nearby. The benefits of any alternative energy source should be researched, developed, and made available to everyone.",NA,1,1,1,0,2,7,NA,50,50,60,40,10,10,10,10,9,5,9,7,7,6,6,7,10,9,7,6,10,7,6,5,4,1,5,3,7,7,6,6,5,5,7,4,7,2,7,5,3,1,10,NA,10,2,1,Every alternative energy source is critical and should be pursued diligently and expeditiously.,10,US national laboratories for energy and security,4-year or bachelor degree,Male,"$15,000 to under $50,000",NA,White,No,Democrat,NA,I voted,Kamala Harris,NA,Alabama,Male,65+,4-yr/post-graduate degree,White,South,Metropolitan,"< $50,000",Democrat,Kamala Harris,0.7343624324053901
R_5ykmz8MJROLxMh2,2025-03-19T17:20:54Z,2025-03-19T17:47:33Z,1,83,32,11746,9,9,6,9,2,NUCLEAR power,5,ENERGY-EFFICIENT,5,ENERGY INDEPENDENCE,5,1,1,0,0,0,0,0,0,1,1,0,NA,3,4,7,7,4,NA,NA,THE PART OF THE COUNTRY I LIVE IN IS DENSLY POPULATED. I THINK THAT IT WOULD MAKE SENSE TO PIONEER THIS EFFORT IN SPARSLY POPULATED PLACES OF THIS VAST NATION. WITH THAT SAID i AM TOTALY FOR EXPLORING DEVELOPMENT OF FUSION AND FISION ENERGY,2,1,1,0,3,NA,7,70,30,50,50,5,10,10,10,5,9,9,1,10,7,5,8,7,3,8,7,9,5,4,6,4,4,6,3,4,4,6,4,3,4,4,1,5,4,4,3,2,0,NA,5,3,6,3,MY ANSWERS TO SOME OF THE QUESTIONS ARE MORE NUANCED TO THE CHOICES YOU OFFERED SO THIS SURVEY IS NOT AT ALL ACCURATE IN REFLECTIONG MY TRUE VIEWS ON ENERGY OE THE GOVERNMANT AND RESEARCH FACILLITIES INVOLVED WITH ENERGY,50,US national laboratories for energy and security,"Some college, no degree",Male,"$50,000 to under $75,000",Metropolitan,White,No,Independent,The Republican Party,I voted,Donald Trump,Northeast,New York,Male,65+,Some college/2-yr degree,White,Northeast,Metropolitan,"> $50,000",Independent,Donald Trump,0.7919704925387225
R_1C3W6Bd599ErEWq,2025-03-19T22:06:52Z,2025-03-19T22:16:17Z,1,82,9,32765,10,10,10,10,0,tieing fusion togheter,3,non active,1,never,1,0,NA,NA,NA,NA,NA,NA,NA,NA,NA,NA,NA,NA,NA,7,1,1,not in my back yard,NA,NA,4,0,0,0,4,NA,2,50,50,50,50,2,3,2,2,1,1,1,1,0,0,0,0,0,0,0,0,0,0,1,1,1,1,1,1,1,1,1,2,2,2,2,2,2,2,2,2,2,0,NA,0,0,7,0,"no, know nothing about t thebgovernmentlies",50,Lawrence Livermore National Laboratory,High school graduate or GED,Male,"$50,000 to under $75,000",Metropolitan,White,No,Republican,NA,I voted,Donald Trump,South,Florida,Male,65+,HS or less,White,South,Metropolitan,"> $50,000",Republican,Donald Trump,0.9076612091931551
R_6oG2OtYT7xSViEc,2025-03-19T18:46:10Z,2025-03-19T18:53:48Z,1,58,11,96707,6,7,9,8,5,high,3,power,3,energy,4,0,NA,NA,NA,NA,NA,NA,NA,NA,NA,NA,NA,NA,NA,4,5,5,NA,NA,i dont really know what it means,2,1,1,0,3,5,NA,0,100,100,0,8,9,6,9,7,9,7,7,5,6,8,8,7,7,8,7,6,7,6,5,5,7,5,4,7,4,6,5,6,4,6,4,4,4,5,7,3,1,6,NA,5,5,6,not at all,10,Lawrence Livermore National Laboratory,High school graduate or GED,Male,"Less than $15,000",Metropolitan,Black or African-American,No,Democrat,NA,I voted,Kamala Harris,West,Hawaii,Male,50-64,HS or less,Black,West,Metropolitan,"< $50,000",Democrat,Kamala Harris,0.5413040250961607
R_7QacRkoTVzCKmSx,2025-03-20T23:11:47Z,2025-03-20T23:30:07Z,1,54,13,61032,4,5,5,5,5,I don't know,3,I have know clue,3,Nothing,3,0,NA,NA,NA,NA,NA,NA,NA,NA,NA,NA,NA,NA,NA,4,4,5,NA,NA,I have no idea what fusion energy is I have never heard of it before,3,1,1,0,5,4,NA,50,50,50,50,5,5,5,5,5,5,5,5,5,5,5,5,5,5,5,5,5,5,5,4,4,4,4,4,4,4,4,5,4,4,4,4,4,4,4,4,3,1,5,NA,5,4,5,Nothing,10,Lawrence Livermore National Laboratory,High school graduate or GED,Female,"$15,000 to under $50,000",Non-metro,White,No,Other or none,Neither,I did not vote,NA,Midwest,Illinois,Female,50-64,HS or less,White,Midwest,Non-metro,"< $50,000",Independent,3rd or didn't vote,1.4855489640730624
R_6MbOXsVCVldurKE,2025-03-20T15:51:43Z,2025-03-20T16:09:14Z,1,43,9,34453,10,8,9,9,9,atoms,4,powerful,4,awesome,5,1,0,1,0,0,0,0,0,0,0,0,NA,9,2,7,6,6,NA,i think it will be a reliable energy source,NA,3,1,1,2,2,6,NA,80,20,80,20,9,7,7,8,9,8,8,7,9,8,6,7,7,9,8,8,7,7,6,6,7,5,6,5,6,5,6,6,7,6,6,7,6,7,5,5,2,1,9,NA,8,4,9,i like the idea of fusion energy will become a big thing,10,US national laboratories for energy and security,4-year or bachelor degree,Male,"$100,000 to under $150,000",Metropolitan,White,No,Independent,The Republican Party,I voted,Donald Trump,South,Florida,Male,30-49,4-yr/post-graduate degree,White,South,Metropolitan,"> $50,000",Independent,Donald Trump,0.7155529488344906
R_1TGe0X3iVc8Isf3,2025-03-19T17:34:14Z,2025-03-19T17:43:17Z,1,67,38,18407,10,10,10,10,10,Don't know,3,Don't know,3,Positive,3,0,NA,NA,NA,NA,NA,NA,NA,NA,NA,NA,NA,NA,NA,2,5,1,It will hurt everything I don't think it is good,NA,NA,4,0,0,0,3,NA,7,50,50,50,50,6,6,6,6,6,6,6,6,9,0,0,0,1,0,0,0,1,0,4,4,4,4,4,4,4,4,4,4,4,4,4,4,5,4,4,4,3,1,6,NA,10,7,5,NA,50,US national laboratories for energy and security,High school graduate or GED,Female,"$150,000 to under $200,000",Metropolitan,White,No,Republican,NA,I voted,Donald Trump,Northeast,Pennsylvania,Female,65+,HS or less,White,Northeast,Metropolitan,"> $50,000",Republican,Donald Trump,0.8766757117712946
R_6UciWAPDWfyrCvW,2025-03-20T00:04:06Z,2025-03-20T00:11:12Z,1,71,5,92009,5,7,7,6,10,nuclear energy,2,not safe,2,useless,2,2,NA,NA,NA,NA,NA,NA,NA,NA,NA,NA,NA,NA,NA,2,2,2,It not fully able to work safely,NA,NA,6,0,0,0,5,NA,1,30,70,25,75,1,2,1,2,1,2,3,2,1,5,6,7,8,9,6,5,7,4,4,4,4,5,4,5,5,5,4,5,5,5,4,4,5,4,5,5,3,0,NA,1,3,1,3,no i wait and see first,10,US national laboratories for energy and security,Post-graduate degree,Male,"$50,000 to under $75,000",Metropolitan,White,Yes,Democrat,NA,I voted,Kamala Harris,West,California,Male,65+,4-yr/post-graduate degree,Hispanic,West,Metropolitan,"> $50,000",Democrat,Kamala Harris,0.9847118256408958
R_6BWWJK7LO079Uku,2025-03-22T18:11:40Z,2025-03-22T18:26:06Z,1,73,9,33169,10,10,5,10,10,Saving for gas,3,Energy prices,3,Fracking,3,1,0,0,0,1,0,0,0,0,0,0,NA,7,2,7,7,7,NA,Lowering the cost of living,NA,4,1,1,3,1,NA,6,30,70,45,55,10,10,10,3,5,4,7,4,10,10,10,6,10,3,8,5,6,7,3,2,4,4,6,6,3,7,4,4,4,4,4,4,6,4,4,6,2,1,10,NA,10,2,1,No,50,Lawrence Livermore National Laboratory,Post-graduate degree,Male,"$50,000 to under $75,000",Metropolitan,Black or African-American,No,Democrat,NA,I voted,Kamala Harris,South,Florida,Male,65+,4-yr/post-graduate degree,Black,South,Metropolitan,"> $50,000",Democrat,Kamala Harris,0.8209442915770065
R_53yck8LjfAmIsxi,2025-03-19T15:55:29Z,2025-03-19T15:59:38Z,1,28,35,44266,7,8,7,8,8,Complicated,3,New,3,Interesting,3,0,NA,NA,NA,NA,NA,NA,NA,NA,NA,NA,NA,NA,NA,4,4,4,NA,NA,I'm not sure about it,1,1,1,0,3,4,NA,50,50,50,50,8,7,8,7,8,7,8,8,9,8,8,7,7,9,8,8,9,8,4,4,4,4,4,4,4,4,4,4,4,4,4,4,4,4,4,4,3,0,NA,5,6,4,6,No,10,US national laboratories for energy and security,High school graduate or GED,Female,"$15,000 to under $50,000",Metropolitan,White,No,Other or none,Neither,I was not registered to vote,NA,Midwest,Ohio,Female,18-29,HS or less,White,Midwest,Metropolitan,"< $50,000",Independent,3rd or didn't vote,1.6951721593248195
R_5mlt8CncPIMMyao,2025-03-18T23:29:19Z,2025-03-18T23:45:39Z,1,67,43,76033,10,9,10,9,9,Advanced,4,Expensive,4,Scientific,4,0,NA,NA,NA,NA,NA,NA,NA,NA,NA,NA,NA,NA,NA,4,5,4,NA,NA,I would like to have more information,4,1,1,0,5,4,NA,60,40,30,70,8,5,6,8,8,5,5,7,9,5,8,5,6,5,5,7,5,5,4,4,5,4,6,4,4,4,4,4,4,4,4,5,4,4,4,4,3,0,NA,5,5,2,7,NA,10,Lawrence Livermore National Laboratory,High school graduate or GED,Male,"$15,000 to under $50,000",Metropolitan,White,No,Democrat,NA,I did not vote,NA,South,Texas,Male,65+,HS or less,White,South,Metropolitan,"< $50,000",Democrat,3rd or didn't vote,1.868281061061605
R_5RqpJKkoZvoPO12,2025-03-24T00:17:48Z,2025-03-24T00:29:17Z,1,66,43,78597,7,5,8,8,2,Modern,4,Confusing,2,Complicated,2,0,NA,NA,NA,NA,NA,NA,NA,NA,NA,NA,NA,NA,NA,4,4,2,Not enough information regarding possible side affects,NA,NA,3,1,1,0,5,NA,4,90,10,85,15,4,6,5,3,7,7,4,8,6,3,3,1,2,1,5,3,4,2,4,5,4,4,6,3,4,4,2,4,4,4,4,6,4,4,4,3,3,0,NA,6,3,6,3,I still don’t have enough information.,10,Lawrence Livermore National Laboratory,4-year or bachelor degree,Female,"$75,000 to under $100,000",Metropolitan,White,No,Independent,The Republican Party,I voted,Donald Trump,South,Texas,Female,65+,4-yr/post-graduate degree,White,South,Metropolitan,"> $50,000",Independent,Donald Trump,0.8276012703557705
R_6cjWaTwHSfWwfjC,2025-03-18T20:15:12Z,2025-03-18T20:30:07Z,1,74,38,19335,8,9,9,7,8,I have no idea.,3,I still have no idea.,3,I still have no idea.,3,0,NA,NA,NA,NA,NA,NA,NA,NA,NA,NA,NA,NA,NA,6,7,7,NA,It sounds like a great way to get energy. it is appealing because I think it would be very cost effective.,NA,2,1,1,0,3,6,NA,50,50,50,50,10,9,9,8,7,5,8,7,8,9,7,7,8,8,9,8,10,5,4,4,3,4,5,2,4,2,4,4,4,5,4,3,5,4,6,4,2,1,10,NA,10,6,2,I think it is a great idea to move away from fossil fuels. I hope fusion energy will eventually be common place in our country.,50,Lawrence Livermore National Laboratory,Post-graduate degree,Female,"$50,000 to under $75,000",Metropolitan,White,No,Republican,NA,I voted,Kamala Harris,Northeast,Pennsylvania,Female,65+,4-yr/post-graduate degree,White,Northeast,Metropolitan,"> $50,000",Republican,Kamala Harris,0.8489009847757396
R_5QVwXHHDNZBKndf,2025-03-18T20:06:57Z,2025-03-18T20:24:41Z,1,67,43,77546,8,5,5,8,4,nuclear,5,limitless,5,intelligent,5,2,NA,NA,NA,NA,NA,NA,NA,NA,NA,NA,NA,NA,NA,6,6,5,NA,NA,Need to know more for a final decision but very positively inclined.,3,1,1,0,3,NA,6,75,25,60,40,9,8,9,8,5,5,4,4,8,6,6,7,7,3,4,6,5,3,4,3,4,4,5,3,4,5,5,5,4,4,5,3,5,4,5,5,3,0,NA,7,3,7,2,NA,10,Lawrence Livermore National Laboratory,2-year or associate degree,Male,"$75,000 to under $100,000",Metropolitan,White,No,Independent,The Republican Party,I voted,Donald Trump,South,Texas,Male,65+,Some college/2-yr degree,White,South,Metropolitan,"> $50,000",Independent,Donald Trump,0.789881957269132
R_7QhaxQWCRFumHc9,2025-03-19T16:59:19Z,2025-03-19T17:19:00Z,1,56,43,77099,10,10,10,10,10,No active yet,3,Not active yet,3,Not active yet,3,1,0,0,0,1,0,0,0,0,0,0,NA,0,3,7,7,5,NA,NA,No clear knowledge yet,4,1,1,4,1,7,NA,35,65,80,20,10,10,10,10,10,10,10,10,10,8,10,10,10,10,10,10,10,10,7,7,7,7,7,7,7,7,1,4,4,4,4,4,4,4,4,1,3,0,NA,0,10,5,8,Not at this time,10,Lawrence Livermore National Laboratory,High school graduate or GED,Male,"Less than $15,000",Metropolitan,Black or African-American,No,Democrat,NA,I did not vote,NA,South,Texas,Male,50-64,HS or less,Black,South,Metropolitan,"< $50,000",Democrat,3rd or didn't vote,1.5662895313950154
R_3eh8pPbrkxPnmDh,2025-03-24T12:24:10Z,2025-03-24T12:40:27Z,1,69,43,76010,10,10,10,10,10,What is it,3,I have no idea what this is,3,Please explain what this is,3,0,NA,NA,NA,NA,NA,NA,NA,NA,NA,NA,NA,NA,NA,5,5,5,NA,NA,I need more information for an informed decision,3,1,1,0,3,6,NA,50,50,50,50,10,10,10,8,10,10,10,10,7,7,8,8,8,8,6,8,9,6,4,4,5,4,5,4,4,4,5,4,4,4,4,3,6,4,4,5,2,1,9,NA,10,2,4,I would like to understand it better,10,US national laboratories for energy and security,4-year or bachelor degree,Female,"$100,000 to under $150,000",Metropolitan,White,No,Democrat,NA,I voted,Kamala Harris,South,Texas,Female,65+,4-yr/post-graduate degree,White,South,Metropolitan,"> $50,000",Democrat,Kamala Harris,0.7869933071620695
R_7bhcHZnt4viPV6h,2025-03-19T17:00:39Z,2025-03-19T17:12:17Z,1,68,19,03904,8,9,9,7,9,innovative,4,new,4,helpful,4,2,NA,NA,NA,NA,NA,NA,NA,NA,NA,NA,NA,NA,NA,5,5,5,NA,NA,i DONT KNOW ENOUGH ABOUT THE DOWNSIDE OF FUSION ENERGY,2,1,1,0,3,NA,5,70,30,60,40,10,10,10,10,7,6,8,8,2,9,8,8,9,9,7,8,9,6,4,4,4,4,5,3,4,4,5,5,4,4,4,6,5,5,4,4,2,1,9,NA,8,3,3,I dont really know enough about it to express a view one way or the other,50,US national laboratories for energy and security,"Some college, no degree",Female,"$75,000 to under $100,000",Metropolitan,White,No,Democrat,NA,I voted,Kamala Harris,Northeast,Maine,Female,65+,Some college/2-yr degree,White,Northeast,Metropolitan,"> $50,000",Democrat,Kamala Harris,0.725483071953291
R_338ja8fBT7iCKhy,2025-03-22T01:25:40Z,2025-03-22T01:33:51Z,1,31,32,10579,7,7,8,7,7,Science,3,Chemistry,3,Power,3,0,NA,NA,NA,NA,NA,NA,NA,NA,NA,NA,NA,NA,NA,4,4,1,Don’t know enough about it,NA,NA,5,1,1,0,5,NA,4,80,20,50,50,7,7,7,7,7,7,7,7,5,4,6,4,6,4,2,4,4,2,4,4,4,4,4,4,4,4,4,4,4,6,4,5,7,4,4,6,4,1,10,NA,10,6,4,No,10,US national laboratories for energy and security,4-year or bachelor degree,Female,"$50,000 to under $75,000",Metropolitan,White,No,Republican,NA,I voted,Donald Trump,Northeast,New York,Female,30-49,4-yr/post-graduate degree,White,Northeast,Metropolitan,"> $50,000",Republican,Donald Trump,0.8347656796129376
R_7f6ZRO7TYaKUQAK,2025-03-19T23:49:27Z,2025-03-20T00:00:46Z,1,64,5,95018,10,10,10,10,10,None,3,Nothing,3,Na,3,2,NA,NA,NA,NA,NA,NA,NA,NA,NA,NA,NA,NA,NA,1,2,1,"I don't understand the difference between fusion and nuclear energy. In our area we do have a solar battery plant, and it burns regularly and has polluted the agriculture and soil with toxic levels of metals. Unless fusion is also called green energy then I am against it.",NA,NA,2,1,0,4,5,4,NA,50,50,0,100,1,1,1,1,1,1,1,1,0,0,0,0,0,0,0,0,0,0,1,1,3,4,4,1,1,1,4,4,1,4,4,4,7,7,7,1,4,1,10,NA,10,4,0,I don't understand it.,50,Lawrence Livermore National Laboratory,"Some college, no degree",Female,"Less than $15,000",Metropolitan,White,No,Democrat,NA,I did not vote,NA,West,California,Female,50-64,Some college/2-yr degree,White,West,Metropolitan,"< $50,000",Democrat,3rd or didn't vote,1.586401046319611
R_1mJO6OwmrQtzIop,2025-03-19T18:50:17Z,2025-03-19T19:05:43Z,1,68,22,48021,10,10,10,10,10,What is it?,2,Hot,1,Melted,1,0,NA,NA,NA,NA,NA,NA,NA,NA,NA,NA,NA,NA,NA,4,1,1,"Not knowing what it entails, I just don't want to live nearby that . What are the long term effects on health, property values, etc",NA,NA,6,0,0,0,5,1,NA,100,0,10,90,1,1,1,1,1,1,1,1,5,0,0,0,0,0,0,0,0,0,4,4,1,1,4,1,4,1,4,7,7,7,7,7,7,7,7,7,3,1,5,NA,10,3,2,No,10,Lawrence Livermore National Laboratory,Post-graduate degree,Female,"$50,000 to under $75,000",Metropolitan,White,No,Democrat,NA,I voted,Kamala Harris,Midwest,Michigan,Female,65+,4-yr/post-graduate degree,White,Midwest,Metropolitan,"> $50,000",Democrat,Kamala Harris,0.8810094127948959
R_76goGL3GTkyczrG,2025-03-20T17:23:14Z,2025-03-20T17:38:11Z,1,67,9,33771,7,10,9,7,9,Gas,2,Fire,2,Explosion,1,2,NA,NA,NA,NA,NA,NA,NA,NA,NA,NA,NA,NA,NA,4,5,5,NA,NA,Worries about risks being that close,2,1,1,0,1,6,NA,70,30,60,40,10,10,10,8,6,3,7,3,9,9,10,8,10,8,9,10,9,6,4,4,4,2,5,3,4,4,5,4,4,4,6,6,4,3,6,3,3,1,10,NA,10,4,3,NA,10,Lawrence Livermore National Laboratory,"Some college, no degree",Male,"$75,000 to under $100,000",Metropolitan,White,No,Democrat,NA,I voted,Donald Trump,South,Florida,Male,65+,Some college/2-yr degree,White,South,Metropolitan,"> $50,000",Democrat,Donald Trump,0.8868100630496579
R_18UOMHs146IJu5v,2025-03-19T04:59:56Z,2025-03-19T05:13:30Z,1,66,5,90810,10,10,10,10,10,Come together,3,Fuel,4,Nuclear,3,0,NA,NA,NA,NA,NA,NA,NA,NA,NA,NA,NA,NA,NA,1,1,1,Dangerous,NA,NA,6,1,1,0,3,NA,4,50,50,50,50,7,6,8,6,3,7,7,5,10,4,4,4,4,4,4,4,0,0,5,4,3,4,4,4,5,3,1,5,5,4,3,4,4,4,3,1,3,0,NA,5,5,4,4,No,50,Lawrence Livermore National Laboratory,High school graduate or GED,Male,"$100,000 to under $150,000",Metropolitan,Asian or Asian-American,No,Republican,NA,I voted,Donald Trump,West,California,Male,65+,HS or less,Other,West,Metropolitan,"> $50,000",Republican,Donald Trump,0.9083520980859653
R_7jlyssQtFQwXu2R,2025-03-19T18:53:44Z,2025-03-19T21:57:00Z,1,58,33,28655,10,10,10,10,10,Powerful,4,Expensive,1,Sustainable,5,0,NA,NA,NA,NA,NA,NA,NA,NA,NA,NA,NA,NA,NA,4,5,5,NA,NA,Don't not know much about it.,2,1,1,0,5,4,NA,50,50,50,50,1,1,1,1,1,1,1,1,0,0,0,0,5,0,5,0,5,0,1,1,1,1,1,1,1,1,1,1,1,1,1,1,1,1,1,1,3,1,10,NA,10,3,0,NA,10,Lawrence Livermore National Laboratory,High school graduate or GED,Male,"$75,000 to under $100,000",Metropolitan,White,No,Democrat,NA,I voted,Kamala Harris,South,North Carolina,Male,50-64,HS or less,White,South,Metropolitan,"> $50,000",Democrat,Kamala Harris,0.5961902220365863
R_3fHRzLBobDlTozU,2025-03-19T22:50:04Z,2025-03-19T23:58:45Z,1,72,38,17109,8,9,9,7,8,nuclear,5,being developed,4,less waste,5,1,0,0,0,1,1,0,0,0,0,1,I'm a nuclear engineer,7,2,5,6,4,NA,NA,I worked at and live near 3 Mile Island and have personal experience seeing what can happen if things go wrong.,3,1,1,1,1,NA,5,25,75,50,50,9,10,9,8,3,3,9,5,3,8,5,9,9,2,6,7,8,5,4,5,3,5,5,2,4,4,6,4,5,4,4,5,6,4,4,3,4,1,10,NA,9,4,2,I'm a retired nuclear engineer with experience working with fission reactors. I have my doubts regarding the ability to have a fail-safe containment field inside a fusion reactor; that's my main concern.,10,US national laboratories for energy and security,Post-graduate degree,Male,"$100,000 to under $150,000",Metropolitan,White,No,Independent,Neither,I voted,Kamala Harris,Northeast,Pennsylvania,Male,65+,4-yr/post-graduate degree,White,Northeast,Metropolitan,"> $50,000",Independent,Kamala Harris,0.72959363260592
R_3oAMzJZ4NFMI0Sp,2025-03-18T20:43:35Z,2025-03-18T21:03:43Z,1,73,5,94577,10,5,7,10,7,Nuclear,4,Technology,4,Future,3,0,NA,NA,NA,NA,NA,NA,NA,NA,NA,NA,NA,NA,NA,5,5,4,NA,NA,"Because of the current administration's policies, I don't trust that proper testing will be done before the site is established.",3,1,1,0,3,NA,4,50,50,40,60,8,8,8,7,4,3,6,5,5,0,0,5,7,8,6,0,7,7,3,2,4,4,5,2,2,4,5,7,7,4,4,3,6,7,4,4,2,1,9,NA,9,2,0,NA,10,Lawrence Livermore National Laboratory,"Some college, no degree",Male,"$50,000 to under $75,000",Metropolitan,Asian or Asian-American,No,Democrat,NA,I voted,Kamala Harris,West,California,Male,65+,Some college/2-yr degree,Other,West,Metropolitan,"> $50,000",Democrat,Kamala Harris,0.7516965072559695
R_3zEJCMPkwwGmjuh,2025-03-19T21:29:29Z,2025-03-19T21:34:53Z,1,25,43,78665,6,5,8,6,6,unknown,3,unsure,3,not sure,3,0,NA,NA,NA,NA,NA,NA,NA,NA,NA,NA,NA,NA,NA,4,4,4,NA,NA,I'm not really sure what it is.,2,1,1,0,5,4,NA,50,50,50,50,5,5,5,5,5,5,5,5,5,5,5,4,5,5,5,5,5,5,4,4,4,4,4,4,4,4,4,4,4,4,4,4,4,4,4,4,3,0,NA,5,5,4,5,I'm not sure I really understand it.,10,Lawrence Livermore National Laboratory,"Some college, no degree",Female,"Less than $15,000",Metropolitan,Mixed race,No,Independent,Neither,I did not vote,NA,South,Texas,Female,18-29,Some college/2-yr degree,Other,South,Metropolitan,"< $50,000",Independent,3rd or didn't vote,1.5846859817270857
R_7OAJ8VqHZCmReCI,2025-03-19T15:55:58Z,2025-03-19T16:13:15Z,1,61,5,93523,8,9,10,6,10,Nothing I don't understand fusion,3,More environmental,3,Energy efficiency,3,0,NA,NA,NA,NA,NA,NA,NA,NA,NA,NA,NA,NA,NA,3,3,4,NA,NA,50 miles is still to close to much of a hazard,6,1,0,4,4,4,NA,50,50,40,60,4,5,5,6,8,8,6,8,3,5,4,5,7,4,5,5,8,4,3,4,4,4,4,3,5,4,6,4,4,4,4,4,4,3,3,5,3,0,NA,5,7,4,4,I am going to study on fusion energy,50,US national laboratories for energy and security,High school graduate or GED,Male,"$15,000 to under $50,000",Metropolitan,White,Yes,Independent,The Republican Party,I did not vote,NA,West,California,Male,50-64,HS or less,Hispanic,West,Metropolitan,"< $50,000",Independent,3rd or didn't vote,1.6733974098447855
R_51YHONTTpXupKKS,2025-03-19T02:14:34Z,2025-03-19T02:32:38Z,1,66,46,22039,7,6,8,7,4,NEVERENDING ENERGY SUPPLY,4,STAR POWERING,4,SAFE AND CLEAN,4,1,0,0,0,1,0,0,0,0,0,1,SCIENCE CLASS,6,2,5,6,5,NA,NA,NOT UNTIL IT IS FULLY DEVELOPED AND SAFE,3,1,1,0,3,NA,5,35,65,70,30,9,9,8,9,5,6,5,6,5,6,3,6,7,6,8,5,8,1,3,6,3,3,6,4,3,4,7,3,5,4,3,3,4,5,4,2,2,0,NA,6,5,4,2,NA,10,US national laboratories for energy and security,4-year or bachelor degree,Male,"$100,000 to under $150,000",Metropolitan,White,No,Independent,The Democratic Party,I voted,Kamala Harris,South,Virginia,Male,65+,4-yr/post-graduate degree,White,South,Metropolitan,"> $50,000",Independent,Kamala Harris,0.7276695937073471
R_6OTNImkIewTda2Z,2025-03-22T16:23:44Z,2025-03-22T16:28:51Z,1,28,38,19130,9,9,9,9,9,Idk,3,None,3,Nothing,3,0,NA,NA,NA,NA,NA,NA,NA,NA,NA,NA,NA,NA,NA,1,1,1,I don't care for it,NA,NA,6,0,0,4,5,NA,2,20,80,30,70,5,5,5,5,5,5,5,5,1,1,1,1,1,1,1,1,1,1,2,2,2,2,1,2,2,2,2,3,2,2,2,2,2,2,2,2,3,0,NA,1,1,4,1,No,50,Lawrence Livermore National Laboratory,High school graduate or GED,Female,"Less than $15,000",Metropolitan,Black or African-American,No,Other or none,Neither,I was not registered to vote,NA,Northeast,Pennsylvania,Female,18-29,HS or less,Black,Northeast,Metropolitan,"< $50,000",Independent,3rd or didn't vote,1.5256754194571258
R_1f0BPwBojnHdfSP,2025-03-19T21:04:46Z,2025-03-19T21:18:04Z,1,72,20,21220,10,10,10,10,8,innovative,5,plausible,4,creative,5,1,1,0,0,0,0,0,0,0,0,0,NA,5,3,7,6,6,NA,"The technology is on its way to becoming mainstream. If it can be captured and disseminated safely, I see no reason to stall it's implementation.",NA,3,1,1,0,2,4,NA,80,20,30,70,10,10,10,10,6,8,9,9,9,10,2,4,10,2,7,1,5,4,1,3,4,1,7,1,3,1,4,5,2,5,5,1,5,3,6,4,3,1,6,NA,7,5,1,Let's fund it and see what happens.,10,Lawrence Livermore National Laboratory,Post-graduate degree,Male,"$50,000 to under $75,000",Metropolitan,White,No,Republican,NA,I voted,Someone else,South,Maryland,Male,65+,4-yr/post-graduate degree,White,South,Metropolitan,"> $50,000",Republican,3rd or didn't vote,2.556290400514486
R_6Htfk5GvaU3kFej,2025-03-24T02:50:45Z,2025-03-24T03:18:56Z,1,68,18,71106,10,6,10,10,10,No clue,5,No clue,3,No clue,3,0,NA,NA,NA,NA,NA,NA,NA,NA,NA,NA,NA,NA,NA,2,6,6,NA,It sounds like a worthwhile project and hope there would be no negative effects on the community.,NA,3,1,1,0,5,7,NA,25,75,75,25,10,10,10,10,5,5,6,5,8,8,8,8,9,8,10,8,7,6,3,2,3,4,5,4,6,4,3,6,6,5,4,6,4,6,4,7,1,1,9,NA,7,4,4,I think it is a worthwhile project.,50,Lawrence Livermore National Laboratory,High school graduate or GED,Female,"Less than $15,000",Metropolitan,White,No,Other or none,Neither,I voted,Kamala Harris,South,Louisiana,Female,65+,HS or less,White,South,Metropolitan,"< $50,000",Independent,Kamala Harris,0.5511551038308753
R_18Ve9RYdY15KNKw,2025-03-20T14:19:45Z,2025-03-20T14:34:10Z,1,57,5,93637,3,10,3,3,3,none,3,none,3,none,3,0,NA,NA,NA,NA,NA,NA,NA,NA,NA,NA,NA,NA,NA,4,4,4,NA,NA,dont know,6,0,0,4,4,3,NA,100,0,0,100,4,4,4,4,5,5,5,5,4,5,5,5,5,5,5,5,5,5,4,4,4,4,4,4,4,4,4,4,4,4,4,4,4,4,4,4,3,0,NA,4,5,4,4,NA,50,US national laboratories for energy and security,Some high school or less,Female,"$15,000 to under $50,000",Metropolitan,White,No,Independent,Neither,I did not vote,NA,West,California,Female,50-64,HS or less,White,West,Metropolitan,"< $50,000",Independent,3rd or didn't vote,1.3443072480248426
R_6CAUWBCtePBv2n9,2025-03-20T00:24:53Z,2025-03-20T00:39:52Z,1,35,33,27288,10,10,10,10,10,nuclear,5,clean,5,affordable,5,0,NA,NA,NA,NA,NA,NA,NA,NA,NA,NA,NA,NA,NA,4,6,4,NA,NA,I'm not fully informed on the risks so I would rather not have it close to home.,3,1,1,0,5,7,NA,75,25,50,50,10,10,10,9,6,4,7,1,8,5,3,5,5,5,6,2,6,1,4,5,4,4,5,4,4,5,7,4,3,4,4,2,5,4,5,1,2,1,9,NA,6,7,3,"I have not previously heard of it. If it's real, I think it could help the environment despite the nuclear waste it creates.",10,US national laboratories for energy and security,4-year or bachelor degree,Male,"$50,000 to under $75,000",Metropolitan,White,No,Republican,NA,I voted,Donald Trump,South,North Carolina,Male,30-49,4-yr/post-graduate degree,White,South,Metropolitan,"> $50,000",Republican,Donald Trump,0.8642698958997601
R_5D4Wxf1mq9Zr3tD,2025-03-19T17:32:14Z,2025-03-19T17:40:32Z,1,66,21,02494,10,10,10,10,10,nuclear,5,endless,5,future,5,1,0,0,0,0,0,0,0,0,0,1,IBEW,8,3,7,7,7,NA,wave of the future   needs to replace fossil fuel energy prodution,NA,2,0,1,3,5,NA,7,50,50,100,0,10,10,10,10,5,5,5,10,10,0,0,0,0,0,0,0,0,0,4,4,4,4,7,1,4,4,7,4,4,4,4,4,7,4,4,7,1,1,10,NA,10,1,0,not at this time,10,US national laboratories for energy and security,2-year or associate degree,Male,"More than $200,000",Metropolitan,White,No,Democrat,NA,I voted,Kamala Harris,Northeast,Massachusetts,Male,65+,Some college/2-yr degree,White,Northeast,Metropolitan,"> $50,000",Democrat,Kamala Harris,0.7531108269443424
R_3HAZB3al5UXmtre,2025-03-19T16:55:05Z,2025-03-19T17:05:30Z,1,45,43,76005,7,8,9,9,9,Unlocking power of the stars.,5,Using heat from nuclear fusion.,4,Proposed power,4,1,1,0,0,0,0,1,0,0,0,0,NA,2,4,7,5,4,NA,NA,I’m still not sure enough about it.,2,1,1,4,5,4,NA,0,100,50,50,10,10,10,10,7,6,7,8,5,6,7,7,10,10,7,8,8,5,4,4,4,4,5,4,5,4,5,4,4,4,4,4,4,4,4,4,1,1,9,NA,10,1,5,NA,50,Lawrence Livermore National Laboratory,4-year or bachelor degree,Male,"$100,000 to under $150,000",Metropolitan,White,No,Democrat,NA,I voted,Kamala Harris,South,Texas,Male,30-49,4-yr/post-graduate degree,White,South,Metropolitan,"> $50,000",Democrat,Kamala Harris,0.6804428676272396
R_5NOhNxzPuDce5hh,2025-03-20T23:59:17Z,2025-03-21T00:03:29Z,1,25,32,11516,5,5,5,5,5,Buring,3,fire,3,energy,3,2,NA,NA,NA,NA,NA,NA,NA,NA,NA,NA,NA,NA,NA,4,4,4,NA,NA,Fusion energy has a lot of variety to think about.,4,0,0,0,5,NA,4,50,50,50,50,6,6,6,6,5,5,5,5,4,5,5,5,5,5,5,5,5,5,4,4,4,4,4,4,4,4,4,4,5,4,4,5,3,4,5,5,3,1,5,NA,5,4,5,NA,50,Lawrence Livermore National Laboratory,4-year or bachelor degree,Male,"$75,000 to under $100,000",Metropolitan,Mixed race,No,Independent,The Democratic Party,I voted,Kamala Harris,Northeast,New York,Male,18-29,4-yr/post-graduate degree,Other,Northeast,Metropolitan,"> $50,000",Independent,Kamala Harris,0.686176812730766
R_31a5B9ZeAazfTYO,2025-03-23T11:22:47Z,2025-03-23T11:35:40Z,1,45,20,21207,9,8,9,8,10,Scientific,4,Environmental,4,Complicated,3,1,0,0,0,0,0,0,1,0,0,0,NA,3,2,4,5,4,NA,NA,I'm not sure the risks outweigh the benefits,3,1,1,0,3,NA,4,60,40,40,60,10,10,10,9,9,6,8,9,10,10,10,9,9,8,9,8,9,7,4,4,4,4,4,4,4,4,5,4,4,5,5,3,6,4,4,6,2,1,7,NA,10,4,5,No comment,50,US national laboratories for energy and security,High school graduate or GED,Male,"$15,000 to under $50,000",Metropolitan,Black or African-American,No,Democrat,NA,I voted,Kamala Harris,South,Maryland,Male,30-49,HS or less,Black,South,Metropolitan,"< $50,000",Democrat,Kamala Harris,0.5376181474643791
R_3IMlornIp9UcrPW,2025-03-19T17:08:06Z,2025-03-19T17:22:39Z,1,66,29,03079,10,10,10,10,10,reliable  good trendy,3,NA,3,NA,3,0,NA,NA,NA,NA,NA,NA,NA,NA,NA,NA,NA,NA,NA,4,4,5,NA,NA,i dont know the risks of this or energy i suppose people needs to be trained to do this the right way so their is no risk to anyone im thinking this probably needs to be monitored to be safe,1,1,1,0,3,NA,7,50,50,50,50,10,10,10,7,1,1,1,10,7,7,7,9,8,6,5,9,10,5,3,5,4,4,5,2,4,1,4,2,2,4,5,2,4,4,4,3,3,1,5,NA,8,4,5,if it works it would be good,50,US national laboratories for energy and security,High school graduate or GED,Female,"$15,000 to under $50,000",Metropolitan,White,No,Independent,The Republican Party,I was not registered to vote,NA,Northeast,New Hampshire,Female,65+,HS or less,White,Northeast,Metropolitan,"< $50,000",Independent,3rd or didn't vote,1.6072705664364286
R_1QmIeGScff2dqv8,2025-03-20T02:26:16Z,2025-03-20T11:53:23Z,1,73,39,02814,10,8,5,8,6,what is it,3,concern,2,nuclear,2,0,NA,NA,NA,NA,NA,NA,NA,NA,NA,NA,NA,NA,NA,5,5,4,NA,NA,not clear on what the effects would be,4,1,1,0,5,6,NA,25,75,40,60,8,10,8,8,9,8,7,10,5,3,6,5,5,6,4,5,6,2,3,3,3,4,4,2,3,4,5,5,4,4,4,5,6,4,4,3,3,1,4,NA,8,4,2,I would have to look into it more to decide if I think it is the right thing to pursue,10,US national laboratories for energy and security,4-year or bachelor degree,Male,"$50,000 to under $75,000",Metropolitan,White,No,Independent,The Democratic Party,I voted,Donald Trump,Northeast,Rhode Island,Male,65+,4-yr/post-graduate degree,White,Northeast,Metropolitan,"> $50,000",Independent,Donald Trump,0.8613894804212939
R_7rqOdkTWcUGTsX9,2025-03-19T20:46:03Z,2025-03-20T01:15:41Z,1,76,9,33713,10,10,9,9,10,Still experimenting,4,Very expensive,3,Could save the world,5,1,1,1,1,1,1,0,0,1,0,0,NA,7,2,7,7,7,NA,"Fusion is a lot safer than fission, coal or oil  for producing electricity and it should be non polluting",NA,2,1,1,3,1,7,NA,50,50,50,50,10,10,10,10,5,4,4,6,8,7,7,7,9,8,7,5,8,4,3,3,3,4,4,5,3,4,6,5,5,5,5,5,7,5,5,7,4,1,10,NA,9,1,3,NA,10,US national laboratories for energy and security,"Some college, no degree",Male,"$50,000 to under $75,000",Metropolitan,White,No,Democrat,NA,I voted,Kamala Harris,South,Florida,Male,65+,Some college/2-yr degree,White,South,Metropolitan,"> $50,000",Democrat,Kamala Harris,0.7511247699651963
R_7oVA9teuAXzFMGt,2025-03-19T21:29:44Z,2025-03-19T21:37:36Z,1,42,43,75093,3,4,6,6,8,Challenging,4,Immature,3,Nuclear,4,1,1,1,1,1,1,1,1,1,0,0,NA,7,2,6,6,6,NA,"Fusion would provide clean energy in nearly limitless quantities and produce a limited amount of dangerous waste, especially when compared with fission. And the lack of any meaningful carbon emissions would be icing on the cake.",NA,5,1,1,3,1,NA,5,20,80,20,80,9,9,5,7,6,6,4,6,7,6,6,7,7,6,5,6,7,4,3,5,4,4,5,2,3,3,3,6,2,5,4,3,7,3,5,5,2,1,9,NA,9,1,4,I'm all for it! I wish stellarators had more support as well as conventional tokamaks.,50,Lawrence Livermore National Laboratory,Post-graduate degree,Male,"$50,000 to under $75,000",NA,White,No,Democrat,NA,I voted,Kamala Harris,NA,Texas,Male,30-49,4-yr/post-graduate degree,White,South,Metropolitan,"> $50,000",Democrat,Kamala Harris,0.6804428676272396
R_7RIeyfCAaQMbPFL,2025-03-19T17:11:18Z,2025-03-19T17:21:07Z,1,71,44,84606,6,7,8,8,5,innovative,4,clean,4,efficient,4,1,0,1,0,0,0,0,0,0,0,0,NA,4,3,6,7,7,NA,I feel like it can be done safely and we need the new efficient source of energy.,NA,2,1,1,0,2,NA,6,50,50,60,40,9,9,9,7,5,6,7,6,10,9,6,8,7,5,7,8,6,5,4,5,4,4,6,3,4,4,5,4,4,4,4,2,5,4,5,3,2,1,7,NA,8,6,5,I hope it will continue to be studied and developed.,10,US national laboratories for energy and security,4-year or bachelor degree,Female,"$50,000 to under $75,000",Metropolitan,White,No,Independent,The Republican Party,I did not vote,NA,West,Utah,Female,65+,4-yr/post-graduate degree,White,West,Metropolitan,"> $50,000",Independent,3rd or didn't vote,2.049314124394069
R_5jB4mg7DzJ11Tyk,2025-03-19T21:04:19Z,2025-03-19T21:17:10Z,1,83,35,43130,8,6,9,7,10,do not understand,3,it is scientific,3,it relates to atoms,3,2,NA,NA,NA,NA,NA,NA,NA,NA,NA,NA,NA,NA,NA,4,4,3,NA,NA,I do not know about it it--facts --to reach a definite conclusion .,4,1,1,0,3,NA,5,60,40,30,70,8,8,7,6,8,7,7,8,4,6,6,7,7,9,6,6,7,7,3,4,4,4,5,3,3,4,5,5,3,4,4,3,5,5,4,4,2,1,9,NA,9,1,2,NA,50,Lawrence Livermore National Laboratory,Post-graduate degree,Female,"$75,000 to under $100,000",Metropolitan,White,No,Democrat,NA,I voted,Kamala Harris,Midwest,Ohio,Female,65+,4-yr/post-graduate degree,White,Midwest,Metropolitan,"> $50,000",Democrat,Kamala Harris,0.8810094127948959
R_6HvlAHZjxXgpRO9,2025-03-19T18:23:51Z,2025-03-19T18:41:37Z,1,80,23,55057,7,8,6,7,8,Not yet practical - always 30 years away - Trump cutting research funding,3,Always 30 years away,2,Trump cutting research funding,1,1,0,0,0,1,0,0,0,1,0,0,NA,3,2,5,6,6,NA,"Fusion energy might be self sustaining and doesn’t seem to present the risks of fission energy.  If it’s close, I’ll probably be able to benefit from it.",NA,4,1,1,1,5,NA,6,30,70,50,50,8,7,8,6,5,7,8,6,6,5,3,8,4,3,6,7,6,3,4,5,3,4,6,5,6,4,6,4,2,4,4,2,5,5,4,3,3,1,6,NA,7,4,6,"What we really need to know is, what are the chances of it working?  And what we really need is, someone we can trust to tell us.",50,Lawrence Livermore National Laboratory,Post-graduate degree,Male,"$75,000 to under $100,000",Non-metro,White,No,Independent,The Democratic Party,I voted,Kamala Harris,Midwest,Minnesota,Male,65+,4-yr/post-graduate degree,White,Midwest,Non-metro,"> $50,000",Independent,Kamala Harris,0.8082769999429431
R_7tyhra7Gv6aYJWh,2025-03-19T15:59:14Z,2025-03-19T17:48:05Z,1,64,35,45005,8,7,8,5,5,clean,5,unlimited,5,difficult,3,1,1,1,1,1,0,1,1,0,0,0,NA,6,2,6,7,4,NA,NA,"I dont KNOW for certain what the risks are. In any event, I dont own all the land within 50 miles so it will or will not be built and whether I like it or not will not matter.",3,1,1,0,4,7,NA,50,50,50,50,6,10,10,10,3,2,1,2,9,8,8,8,8,2,8,8,8,5,4,4,4,3,3,2,4,3,7,4,5,6,4,5,5,4,6,7,2,0,NA,3,3,4,1,If it can be developed it will be. Resistance might come from oil companies who stand to lose market share.,50,US national laboratories for energy and security,Post-graduate degree,Male,"$150,000 to under $200,000",Metropolitan,White,No,Republican,NA,I voted,Donald Trump,Midwest,Ohio,Male,50-64,4-yr/post-graduate degree,White,Midwest,Metropolitan,"> $50,000",Republican,Donald Trump,0.9691447995256264
R_3zSeSo3yK58PIHQ,2025-03-19T19:40:35Z,2025-03-19T19:54:04Z,1,65,18,71360,9,9,10,5,10,Undefined,3,Unclear,3,Uninformed,3,0,NA,NA,NA,NA,NA,NA,NA,NA,NA,NA,NA,NA,NA,4,4,4,NA,NA,I have never heard of fusion energy before today. I would be open to knowing more about it. People in Louisiana are so fixated on getting their old oil and gas industry jobs back that they are unwilling to consider other options and now the Trump Administration is unfortunately catering to the old ways.,2,1,1,0,5,NA,7,50,50,50,50,5,5,5,5,5,5,5,5,5,5,5,5,5,5,5,5,5,5,4,4,4,4,4,4,4,4,4,4,4,4,4,4,4,4,4,4,5,1,5,NA,10,2,1,"I never heard of this before today but want to know more about fusion energy. Please understand that the Trump Administration is now filled with ""yes men"" so it's not possible to trust government agencies the way one could in previous years. Trump is on a kamikaze mission with fossil fuels and the destruction of public lands to line his donors' pockets, so it will be extremely difficult for the companies behind alternative energy to make progress and get funding. Before the 2024 election, there were several ""green"" energy companies willing to come to Louisiana to provide jobs for people who lost their income from oil and gas, but I don't think that's a realistic possibility now.",10,US national laboratories for energy and security,"Some college, no degree",Female,"$15,000 to under $50,000",Metropolitan,White,No,Democrat,NA,I voted,Kamala Harris,South,Louisiana,Female,65+,Some college/2-yr degree,White,South,Metropolitan,"< $50,000",Democrat,Kamala Harris,0.6504116039591094
R_6lAKU2Tx110l9zC,2025-03-23T00:55:18Z,2025-03-23T01:02:26Z,1,40,46,24343,9,8,9,6,9,Anxiety,2,Unknown,2,Pollution,1,2,NA,NA,NA,NA,NA,NA,NA,NA,NA,NA,NA,NA,NA,3,4,1,My area is very undeveloped and I love it that way,NA,NA,2,1,1,0,4,NA,4,70,30,50,50,6,8,7,5,9,8,5,10,0,2,5,6,8,7,1,0,8,0,2,3,4,4,5,1,1,4,1,7,4,4,4,4,7,7,7,4,3,1,8,NA,9,3,1,NA,50,Lawrence Livermore National Laboratory,High school graduate or GED,Female,"$50,000 to under $75,000",Non-metro,White,No,Independent,The Democratic Party,I voted,Kamala Harris,South,Virginia,Female,30-49,HS or less,White,South,Non-metro,"> $50,000",Independent,Kamala Harris,0.506724066594205
R_74zQu2J4vpLb9WP,2025-03-20T05:09:29Z,2025-03-20T05:32:01Z,1,76,5,91606,8,5,5,8,7,have no thought on this,3,nuggou,3,no opinion,3,0,NA,NA,NA,NA,NA,NA,NA,NA,NA,NA,NA,NA,NA,4,6,5,NA,NA,do not know enough to make an intelligent comment,2,1,1,0,2,NA,4,76,24,70,30,8,7,7,7,8,6,7,7,4,7,6,7,7,7,5,7,6,4,5,6,4,4,4,4,4,5,4,4,4,4,4,4,4,4,4,4,2,1,6,NA,9,1,3,sounds interesting,50,US national laboratories for energy and security,4-year or bachelor degree,Male,"$15,000 to under $50,000",Metropolitan,White,No,Democrat,NA,I voted,Kamala Harris,West,California,Male,65+,4-yr/post-graduate degree,White,West,Metropolitan,"< $50,000",Democrat,Kamala Harris,0.7381557615853195
R_5D1ad5gb6RuvI3q,2025-03-19T07:48:24Z,2025-03-19T08:52:29Z,1,57,9,34470,6,6,9,9,6,Combustion,3,Merger,4,None,3,0,NA,NA,NA,NA,NA,NA,NA,NA,NA,NA,NA,NA,NA,5,6,5,NA,NA,I’m not sure if it will be a good thing or a bad thing. I don’t know too much about it,2,1,1,0,3,4,NA,50,50,60,40,10,8,7,5,6,9,9,2,9,8,9,5,3,4,3,5,6,0,4,4,5,5,7,4,4,3,4,5,4,5,4,7,5,3,5,1,2,1,2,NA,5,4,4,No,50,US national laboratories for energy and security,2-year or associate degree,Female,"$50,000 to under $75,000",Metropolitan,Black or African-American,No,Democrat,NA,I voted,Kamala Harris,South,Florida,Female,50-64,Some college/2-yr degree,Black,South,Metropolitan,"> $50,000",Democrat,Kamala Harris,0.606611040061577
R_7feoo40fEh7tQej,2025-03-20T01:02:37Z,2025-03-20T01:21:55Z,1,69,5,95628,7,9,10,7,7,costly,1,evolving,4,consequences,2,1,1,0,0,0,0,0,0,0,0,0,NA,0,4,7,7,7,NA,"If it works and is economical to operate, then I'm all for it as it doesn't produce radioactive waste.",NA,4,1,1,0,2,NA,4,0,100,90,10,8,10,10,8,10,8,10,8,0,10,8,10,10,8,8,10,10,8,4,5,4,4,5,3,4,4,3,4,3,4,4,3,6,4,4,5,2,1,9,NA,8,4,2,none,10,US national laboratories for energy and security,Post-graduate degree,Male,"$150,000 to under $200,000",Metropolitan,White,No,Independent,Neither,I did not vote,NA,West,California,Male,65+,4-yr/post-graduate degree,White,West,Metropolitan,"> $50,000",Independent,3rd or didn't vote,2.1273558468232667
R_5BB0PPwp7eM3rbj,2025-03-18T21:06:05Z,2025-03-18T21:17:12Z,1,50,22,48843,6,8,8,8,2,Physic,3,hydrogen,3,atomic,3,1,0,1,0,1,0,0,0,1,0,0,NA,5,1,4,5,4,NA,NA,"If the govt runs it, they will do it poorly. I live in a very rural area and it would destroy farmland. I honestly don't trust people to do it right. It could be very destructive.",3,1,1,0,3,1,NA,100,0,10,90,6,8,8,8,7,5,7,7,8,3,2,3,3,1,3,3,1,0,3,3,3,4,7,3,3,3,7,4,4,3,4,7,6,4,5,3,3,0,NA,6,3,4,1,NA,50,US national laboratories for energy and security,4-year or bachelor degree,Female,"$75,000 to under $100,000",Metropolitan,White,No,Independent,The Republican Party,I voted,Donald Trump,Midwest,Michigan,Female,50-64,4-yr/post-graduate degree,White,Midwest,Metropolitan,"> $50,000",Independent,Donald Trump,0.7729465295330155
R_3GKE7UmPbdJ9cWJ,2025-03-19T13:01:41Z,2025-03-19T13:20:00Z,1,48,35,44118,7,3,5,7,3,Efficient,5,Hard to produce conditions where it can happen,3,Triple alpha process,4,1,0,0,0,0,0,0,0,0,0,1,College,3,2,6,7,4,NA,NA,I said neutral. I don’t care either way,3,0,1,0,5,NA,4,15,85,20,80,7,8,5,5,7,5,5,3,5,5,5,9,9,5,1,5,9,0,3,5,4,4,6,1,2,4,7,5,3,4,4,2,7,5,4,2,2,1,9,NA,8,1,0,I’m for it,10,Lawrence Livermore National Laboratory,Post-graduate degree,Male,"$100,000 to under $150,000",Metropolitan,White,No,Democrat,NA,I voted,Kamala Harris,Midwest,Ohio,Male,30-49,4-yr/post-graduate degree,White,Midwest,Metropolitan,"> $50,000",Democrat,Kamala Harris,0.7617302025229249
R_1NMzx1Do3hxUwSd,2025-03-19T23:31:11Z,2025-03-19T23:39:30Z,1,60,23,55807,8,5,7,7,2,I'm not really sure,3,I don't know,3,Perhaps nuclear energy,4,2,NA,NA,NA,NA,NA,NA,NA,NA,NA,NA,NA,NA,NA,6,6,6,NA,I think it may be a good opportunity to develop a new energy source. It looks like it might help people save in the long run,NA,2,1,1,0,3,NA,4,90,10,30,70,1,8,6,6,9,9,5,4,7,5,4,3,4,2,6,5,5,0,4,5,4,4,6,2,4,4,6,4,3,4,4,2,6,4,3,6,3,0,NA,10,0,6,2,It's an interesting concept,10,Lawrence Livermore National Laboratory,4-year or bachelor degree,Male,"$50,000 to under $75,000",Metropolitan,White,No,Independent,The Republican Party,I voted,Donald Trump,Midwest,Minnesota,Male,50-64,4-yr/post-graduate degree,White,Midwest,Metropolitan,"> $50,000",Independent,Donald Trump,0.8023817819388723
R_1nLImQTQVeiDpw5,2025-03-20T14:25:41Z,2025-03-20T14:43:23Z,1,76,35,43526,10,10,10,10,1,Combine 2 energies,5,Wind,1,Environmental,3,1,1,0,0,0,0,0,0,0,0,0,NA,3,4,4,6,5,NA,NA,It’s so new it’s hard to tell what would be the benefits,1,1,1,0,5,NA,5,20,80,40,60,10,10,8,9,10,10,9,8,10,7,7,7,7,5,7,7,7,6,3,2,3,3,3,3,3,3,2,3,3,3,3,2,3,3,3,3,1,0,NA,9,0,6,4,No,10,Lawrence Livermore National Laboratory,"Some college, no degree",Female,"$15,000 to under $50,000",Non-metro,White,No,Republican,NA,I voted,Donald Trump,Midwest,Ohio,Female,65+,Some college/2-yr degree,White,Midwest,Non-metro,"< $50,000",Republican,Donald Trump,0.9176392760150507
R_1QQVAa6BSirjm4N,2025-03-19T16:35:02Z,2025-03-19T16:42:52Z,1,72,30,08094,6,9,9,7,2,Dangerous volatile scary,1,NA,1,NA,1,0,NA,NA,NA,NA,NA,NA,NA,NA,NA,NA,NA,NA,NA,4,1,1,Scary stuff,NA,NA,2,1,0,0,3,4,NA,50,50,50,50,7,4,7,7,7,7,5,6,5,2,4,6,5,5,5,6,7,4,2,4,4,4,4,3,6,3,2,4,4,4,4,4,3,4,6,3,3,0,NA,2,3,7,2,Interesting,50,Lawrence Livermore National Laboratory,High school graduate or GED,Male,"$75,000 to under $100,000",Metropolitan,White,No,Republican,NA,I voted,Donald Trump,Northeast,New Jersey,Male,65+,HS or less,White,Northeast,Metropolitan,"> $50,000",Republican,Donald Trump,0.9100611658332501
R_3nq5BWd4M2h5PcS,2025-03-19T16:22:24Z,2025-03-19T17:17:16Z,1,69,38,15145,6,4,3,8,3,Nuclear,4,Positive,4,Energy,4,1,0,0,0,0,0,0,0,0,0,1,I was a nuclear processer in 70's,7,3,7,7,7,NA,It's clean energy,NA,1,1,1,4,3,NA,6,60,40,70,30,10,8,8,8,4,3,3,2,10,10,7,6,7,7,8,8,7,6,5,4,4,5,4,4,4,5,5,7,5,4,6,5,4,6,5,5,2,0,NA,6,5,6,3,I support it,50,Lawrence Livermore National Laboratory,2-year or associate degree,Male,"Less than $15,000",Metropolitan,White,No,Republican,NA,I voted,Donald Trump,Northeast,Pennsylvania,Male,65+,Some college/2-yr degree,White,Northeast,Metropolitan,"< $50,000",Republican,Donald Trump,0.8598534057370179
R_6SfpL4jrYRVrjLz,2025-03-21T16:18:09Z,2025-03-21T16:34:02Z,1,46,13,60615,9,10,10,10,8,High tech power,5,Strong,4,Super,4,0,NA,NA,NA,NA,NA,NA,NA,NA,NA,NA,NA,NA,NA,5,5,5,NA,NA,Don't have mixed feelings,2,1,0,3,3,NA,5,50,50,50,50,8,8,9,7,8,8,6,7,8,7,8,4,7,8,8,8,8,7,5,3,6,4,5,1,5,4,5,7,7,6,6,4,7,7,5,7,4,1,8,NA,8,1,8,No,10,US national laboratories for energy and security,High school graduate or GED,Female,"Less than $15,000",Metropolitan,Black or African-American,No,Democrat,NA,I voted,Kamala Harris,Midwest,Illinois,Female,30-49,HS or less,Black,Midwest,Metropolitan,"< $50,000",Democrat,Kamala Harris,0.5797647701950993
R_7l4R2VjsuMhsbQT,2025-03-22T23:21:50Z,2025-03-22T23:38:09Z,1,60,23,55044,8,8,8,7,9,Nuclear,3,Dangerous,2,Waste,2,0,NA,NA,NA,NA,NA,NA,NA,NA,NA,NA,NA,NA,NA,4,4,4,NA,NA,Not enough information,3,1,1,0,1,5,NA,50,50,50,50,5,5,6,5,8,8,7,8,4,7,8,6,6,8,6,6,8,5,5,6,5,6,6,4,5,5,5,4,4,4,5,5,6,5,4,4,2,1,8,NA,8,2,4,NA,50,Lawrence Livermore National Laboratory,4-year or bachelor degree,Female,"$100,000 to under $150,000",Metropolitan,White,No,Democrat,NA,I voted,Kamala Harris,Midwest,Minnesota,Female,50-64,4-yr/post-graduate degree,White,Midwest,Metropolitan,"> $50,000",Democrat,Kamala Harris,0.7350203139189642
R_3prJIJajZOY3rjq,2025-03-19T00:51:40Z,2025-03-19T01:05:39Z,1,25,20,21228,5,7,8,4,10,nuclear,3,future,5,breakthrough,5,1,1,1,1,0,0,1,0,0,0,0,NA,6,2,6,6,4,NA,NA,"I support fusion energy and would like to see it deployed, but I am unsure about having a large energy facility near my home. I think it depends on the size of the facility.",2,1,1,0,3,NA,6,50,50,35,65,10,10,9,10,9,9,9,8,5,10,10,10,10,7,8,10,10,7,4,4,4,4,5,2,4,4,5,4,4,4,4,3,7,4,4,5,3,1,10,NA,10,1,1,"I support fusion energy and its development, though I understand it has benefits and drawbacks. It's still an experimental technology, but if it succeeds, I think it will greatly improve our environmental and energy problems.",10,US national laboratories for energy and security,Post-graduate degree,Male,"$150,000 to under $200,000",Metropolitan,Asian or Asian-American,No,Democrat,NA,I voted,Kamala Harris,South,Maryland,Male,18-29,4-yr/post-graduate degree,Other,South,Metropolitan,"> $50,000",Democrat,Kamala Harris,0.7683474426052953
R_3lJx38iMDFv974R,2025-03-19T20:37:59Z,2025-03-19T20:48:33Z,1,67,23,55411,10,10,10,10,10,Nuclear,4,Physics,4,Science,4,0,NA,NA,NA,NA,NA,NA,NA,NA,NA,NA,NA,NA,NA,4,5,5,NA,NA,I’m not fully aware of the dangers,3,1,1,0,3,7,NA,50,50,50,50,10,10,10,10,4,6,6,5,0,8,8,8,10,8,4,8,10,8,4,4,4,4,7,1,4,4,4,4,4,4,4,3,7,4,4,3,2,1,10,NA,10,2,3,"It sounds promising , I’d be open to learning more in laymen’s terms",50,US national laboratories for energy and security,4-year or bachelor degree,Female,"$75,000 to under $100,000",Metropolitan,White,No,Democrat,NA,I voted,Kamala Harris,Midwest,Minnesota,Female,65+,4-yr/post-graduate degree,White,Midwest,Metropolitan,"> $50,000",Democrat,Kamala Harris,0.8810094127948959
R_3b4bETtQ41YNGwh,2025-03-19T19:10:22Z,2025-03-19T21:19:16Z,1,70,49,53589,10,10,10,10,10,no knowledge,3,no knowledge,3,no knowledge,3,0,NA,NA,NA,NA,NA,NA,NA,NA,NA,NA,NA,NA,NA,4,4,1,Ido not know enough about it to feel safe,NA,NA,6,1,0,0,5,4,NA,0,100,25,75,6,6,6,6,10,10,10,10,1,5,5,5,5,0,6,5,6,0,4,4,4,4,7,4,4,4,7,4,4,5,4,6,6,5,4,7,3,1,0,NA,5,4,0,no,10,Lawrence Livermore National Laboratory,High school graduate or GED,Female,"$75,000 to under $100,000",Metropolitan,White,No,Other or none,Neither,I voted,Kamala Harris,Midwest,Wisconsin,Female,65+,HS or less,White,Midwest,Metropolitan,"> $50,000",Independent,Kamala Harris,0.6863972551919759
R_3F3z0Ky6vqIeWIy,2025-03-21T16:00:45Z,2025-03-21T16:09:41Z,1,41,35,44060,4,7,5,5,5,Na,3,Na,3,Na,3,0,NA,NA,NA,NA,NA,NA,NA,NA,NA,NA,NA,NA,NA,4,4,2,Already near a nuc plant,NA,NA,3,1,1,0,5,4,NA,50,50,50,50,5,5,4,5,8,8,8,10,0,4,5,4,5,5,5,5,5,5,3,5,5,3,4,3,4,5,4,7,5,7,5,7,7,5,5,4,3,1,8,NA,10,4,3,No,10,US national laboratories for energy and security,4-year or bachelor degree,Male,"$100,000 to under $150,000",Metropolitan,White,No,Independent,The Democratic Party,I voted,Kamala Harris,Midwest,Ohio,Male,30-49,4-yr/post-graduate degree,White,Midwest,Metropolitan,"> $50,000",Independent,Kamala Harris,0.6784732924778826
R_523AULxJtVMVnGX,2025-03-18T20:36:27Z,2025-03-19T05:27:04Z,1,38,5,92553,10,10,10,10,10,Eco Technology,4,Hybrid,4,New,3,0,NA,NA,NA,NA,NA,NA,NA,NA,NA,NA,NA,NA,NA,4,4,4,NA,NA,I don't know it sounds kind of scary,3,1,1,3,3,NA,7,65,35,65,35,9,8,8,6,7,6,7,3,10,6,6,6,6,6,6,5,5,4,4,4,4,4,4,4,4,4,4,4,3,4,4,4,4,4,4,4,2,1,5,NA,7,4,5,Nothing just good luck,10,US national laboratories for energy and security,Some high school or less,Female,"$15,000 to under $50,000",Metropolitan,Some other race,Yes,Other or none,Neither,I did not vote,NA,West,California,Female,30-49,HS or less,Hispanic,West,Metropolitan,"< $50,000",Independent,3rd or didn't vote,1.6093025904185632
R_6CvojkX1Zot62Rz,2025-03-20T05:44:53Z,2025-03-20T06:13:08Z,1,74,8,19966,10,10,9,7,0,nuclear,4,power,4,energy,4,0,NA,NA,NA,NA,NA,NA,NA,NA,NA,NA,NA,NA,NA,3,3,1,It is not stable. It cannot be properly controlled.,NA,NA,5,1,0,0,2,4,NA,75,25,50,50,4,8,8,3,9,10,10,8,3,5,5,2,5,0,4,6,3,0,1,3,1,4,1,1,3,3,1,3,1,7,7,1,7,3,6,7,2,0,NA,0,2,6,6,No,10,US national laboratories for energy and security,High school graduate or GED,Female,"$15,000 to under $50,000",Metropolitan,White,No,Independent,The Republican Party,I voted,Donald Trump,South,Delaware,Female,65+,HS or less,White,South,Metropolitan,"< $50,000",Independent,Donald Trump,0.6507173134511943
R_6ywGhf9SA5HsZe9,2025-03-19T19:18:21Z,2025-03-19T19:32:23Z,1,39,33,28501,10,10,10,10,10,Curious,3,Needs,3,Help,3,0,NA,NA,NA,NA,NA,NA,NA,NA,NA,NA,NA,NA,NA,5,6,5,NA,NA,I need to know a little more about it to decide,3,1,1,0,5,NA,4,40,60,40,60,10,10,10,10,8,8,8,6,10,10,10,5,10,10,10,10,10,7,4,4,4,4,4,4,4,4,4,4,4,4,4,4,4,4,4,4,1,1,10,NA,10,3,4,No,10,Lawrence Livermore National Laboratory,"Some college, no degree",Female,"$15,000 to under $50,000",Non-metro,Black or African-American,No,Democrat,NA,I voted,Kamala Harris,South,North Carolina,Female,30-49,Some college/2-yr degree,Black,South,Non-metro,"< $50,000",Democrat,Kamala Harris,0.5401381144350026
R_5qBIVgCCE7KgPZt,2025-03-20T11:30:34Z,2025-03-20T11:39:06Z,1,53,9,32811,10,10,10,10,10,Don’t have a Clue,4,Something New,4,Unique,4,2,NA,NA,NA,NA,NA,NA,NA,NA,NA,NA,NA,NA,NA,4,5,6,NA,NA,First time hearing about this it might help and it might not help,3,1,1,0,5,4,NA,50,50,50,50,9,8,10,10,9,8,9,8,10,7,8,7,7,7,6,7,6,8,5,4,4,5,4,5,4,5,4,5,4,5,6,6,5,5,4,5,3,1,7,NA,7,4,4,No,50,Lawrence Livermore National Laboratory,Some high school or less,Female,"Less than $15,000",Metropolitan,Black or African-American,No,Democrat,NA,I voted,Kamala Harris,South,Florida,Female,50-64,HS or less,Black,South,Metropolitan,"< $50,000",Democrat,Kamala Harris,0.5187666948336701
R_79gAELcwjxCaMVz,2025-03-20T02:40:49Z,2025-03-20T03:07:05Z,1,72,9,34476,9,8,9,9,9,radioactive waste disposal,2,no petroleum pollution,4,meltdown,1,1,0,0,0,1,0,0,0,0,0,0,NA,4,2,4,4,3,NA,NA,"Something must be done to provide energy in a safe and efficient manner. I support exploring alternate energy sources. But I do not trust that nuclear energy production is totally safe yet. I live in a large natural environment area and would hate to see it ruined with a huge plant. I already use solar panels for most of my electricity needs, and if I could afford battery backup, I could obtain all my energy needs from solar most of the year. And I am elderly and much of this will not affect me in my remaining lifetime. I do have mixed feelings.",3,1,1,0,1,4,NA,60,40,25,75,10,10,9,8,9,10,10,10,4,8,8,9,9,7,7,9,8,5,4,4,2,4,5,1,4,3,3,6,5,6,5,5,7,5,6,6,4,1,8,NA,8,4,3,"I wonder if it is more cost-effective to let other nations do the initial research on fusion and work out some of the bugs, then take that knowledge (after the worst of the costs are over) and create a Manhattan Project type of program to invest money and expertise into taking that initial knowledge and refining it. In the meantime, much progress could be made on solar, wind, and hydro energy. Fusion may be near or far away in practicality, and it will not be the best choice for all situations. With this approach, we will have functional alternate energy sources ready to use and lower costs for fusion development.",50,US national laboratories for energy and security,Post-graduate degree,Male,"$50,000 to under $75,000",Metropolitan,White,No,Independent,The Democratic Party,I voted,Kamala Harris,South,Florida,Male,65+,4-yr/post-graduate degree,White,South,Metropolitan,"> $50,000",Independent,Kamala Harris,0.7276695937073471
R_7FRgAev2qWa0on2,2025-03-18T19:31:12Z,2025-03-18T19:49:29Z,1,69,29,03102,9,7,3,8,2,mini nuclear plants,4,NA,NA,NA,NA,1,0,1,1,0,0,0,0,0,0,0,NA,5,3,5,5,5,NA,NA,"i think it will be a good thing, once it is safely available",1,1,1,4,5,5,NA,50,50,75,25,9,9,9,8,8,4,8,8,4,9,8,6,7,6,8,8,8,2,3,5,3,5,7,3,4,2,7,4,5,3,3,1,4,4,5,1,2,0,NA,8,3,5,3,NA,10,Lawrence Livermore National Laboratory,2-year or associate degree,Male,"$50,000 to under $75,000",Metropolitan,White,No,Independent,The Republican Party,I voted,Donald Trump,Northeast,New Hampshire,Male,65+,Some college/2-yr degree,White,Northeast,Metropolitan,"> $50,000",Independent,Donald Trump,0.7919704925387225
R_1OO7bG9JpL5xoyx,2025-03-19T15:08:11Z,2025-03-19T15:24:13Z,1,75,40,29584,8,9,9,10,8,Dont know anything,3,No comment,3,Know mothing about,3,0,NA,NA,NA,NA,NA,NA,NA,NA,NA,NA,NA,NA,NA,4,4,1,No comment,NA,NA,2,1,1,0,5,4,NA,50,50,75,25,5,1,5,5,5,5,5,5,5,5,5,5,5,5,5,5,5,5,5,5,4,5,6,4,5,5,5,5,5,5,5,5,5,4,5,6,3,1,8,NA,6,4,2,No comment,10,Lawrence Livermore National Laboratory,2-year or associate degree,Female,"$15,000 to under $50,000",Non-metro,White,No,Democrat,NA,I voted,Kamala Harris,South,South Carolina,Female,65+,Some college/2-yr degree,White,South,Non-metro,"< $50,000",Democrat,Kamala Harris,0.6453640424588295
R_3w19HyEu6prSykt,2025-03-19T06:55:58Z,2025-03-19T07:21:50Z,1,71,5,94103,10,9,10,10,7,A mixture of energy sources,4,creative,4,new,4,0,NA,NA,NA,NA,NA,NA,NA,NA,NA,NA,NA,NA,NA,4,5,3,NA,NA,It could be dangerous but  the new plant might provide jobs.,3,1,1,0,2,5,NA,50,50,50,50,9,8,7,10,8,8,10,9,8,9,8,9,10,10,6,9,7,9,4,7,4,3,7,6,2,3,5,2,1,4,3,1,7,5,4,2,2,1,5,NA,6,7,3,I actually can't think of anything.,10,Lawrence Livermore National Laboratory,4-year or bachelor degree,Male,"$50,000 to under $75,000",Metropolitan,White,No,Independent,The Republican Party,I voted,Donald Trump,West,California,Male,65+,4-yr/post-graduate degree,White,West,Metropolitan,"> $50,000",Independent,Donald Trump,0.8635556277603941
R_3erAxXS5duM11vj,2025-03-19T15:57:03Z,2025-03-19T16:08:25Z,1,61,49,53233,7,7,7,10,7,Electric,3,Expensive,3,Local,3,0,NA,NA,NA,NA,NA,NA,NA,NA,NA,NA,NA,NA,NA,4,4,4,NA,NA,I have not seen or heard enough to give a positive or negative answer,2,0,0,0,5,4,NA,100,0,50,50,5,5,5,5,5,5,5,5,5,4,4,2,4,2,3,7,4,3,3,3,3,3,3,3,5,3,3,4,3,3,3,3,3,NA,5,3,3,1,4,NA,4,4,3,NA,10,US national laboratories for energy and security,4-year or bachelor degree,Male,"$75,000 to under $100,000",Metropolitan,Black or African-American,No,Democrat,NA,I voted,Kamala Harris,Midwest,Wisconsin,Male,50-64,4-yr/post-graduate degree,Black,Midwest,Metropolitan,"> $50,000",Democrat,Kamala Harris,0.7667291772541714
R_6saZsxGxTAvKGbG,2025-03-19T20:01:36Z,2025-03-19T21:15:04Z,1,71,17,40220,8,7,6,7,6,incorporate,4,join,4,blend,4,0,NA,NA,NA,NA,NA,NA,NA,NA,NA,NA,NA,NA,NA,5,5,4,NA,NA,I am concerned about unknowns such as toxins that would affect a community.,3,1,1,0,2,NA,5,60,40,30,70,9,9,8,9,8,5,6,9,3,7,7,5,6,7,7,6,7,7,3,4,4,4,5,5,4,3,4,4,5,3,4,5,3,3,4,4,2,1,6,NA,7,5,1,The pros and cons of fusion energy are equal in importance.  Billions of dollars is a deterrent; heating at a cheaper price for citizens would be beneficial to each household.  There has to be adequate study to make sure fusion energy is pliable.,50,Lawrence Livermore National Laboratory,4-year or bachelor degree,Female,"$100,000 to under $150,000",Metropolitan,Black or African-American,No,Democrat,NA,I voted,Kamala Harris,South,Kentucky,Female,65+,4-yr/post-graduate degree,Black,South,Metropolitan,"> $50,000",Democrat,Kamala Harris,0.790828076356709
R_3P5JVJ0HlLBJANz,2025-03-20T00:59:07Z,2025-03-20T01:13:59Z,1,87,5,92069,8,8,7,10,6,"Nuclear power,",5,Fuel cells,4,Hydrogen power,4,1,1,0,0,0,0,0,0,0,0,0,NA,2,2,7,5,6,NA,NA,I just want it to be safe to our communities.,2,1,1,0,2,5,NA,50,50,80,20,9,10,8,8,7,7,9,9,7,8,7,8,8,4,8,4,8,1,4,5,3,4,7,4,4,4,7,4,3,5,4,2,4,3,4,1,2,0,NA,5,2,6,1,no,50,Lawrence Livermore National Laboratory,2-year or associate degree,Male,"$50,000 to under $75,000",Metropolitan,White,No,Republican,NA,I voted,Donald Trump,West,California,Male,65+,Some college/2-yr degree,White,West,Metropolitan,"> $50,000",Republican,Donald Trump,0.9589751780192276
R_3WO23ceZAjqTJPp,2025-03-22T22:08:38Z,2025-03-22T22:17:13Z,1,67,42,38401,10,10,10,8,10,Nuclear,3,Power,3,Energy,3,2,NA,NA,NA,NA,NA,NA,NA,NA,NA,NA,NA,NA,NA,4,4,1,More info about safety needed.,NA,NA,3,1,1,0,3,6,NA,75,25,50,50,9,10,9,9,2,2,1,1,9,7,7,8,9,9,8,7,9,7,3,5,4,4,4,3,3,4,3,5,5,5,4,4,5,5,4,2,3,1,9,NA,10,4,0,No,50,US national laboratories for energy and security,"Some college, no degree",Male,"$50,000 to under $75,000",Metropolitan,White,No,Independent,Neither,I voted,Kamala Harris,South,Tennessee,Male,65+,Some college/2-yr degree,White,South,Metropolitan,"> $50,000",Independent,Kamala Harris,0.6690270308989641
R_6IMAXp2koa7VNuy,2025-03-20T19:43:22Z,2025-03-20T19:54:45Z,1,49,38,16236,4,2,6,3,1,Extra energy,4,Windmills,2,Inflation,1,0,NA,NA,NA,NA,NA,NA,NA,NA,NA,NA,NA,NA,NA,3,3,4,NA,NA,I don’t believe in climate control,3,1,0,0,4,2,NA,25,75,30,70,1,4,4,5,3,3,6,7,2,3,1,3,2,1,2,6,0,0,5,6,3,4,5,2,4,3,3,4,4,6,6,6,5,5,6,6,4,0,NA,10,2,7,6,None,50,US national laboratories for energy and security,High school graduate or GED,Female,"$75,000 to under $100,000",Metropolitan,White,No,Republican,NA,I voted,Donald Trump,Northeast,Pennsylvania,Female,30-49,HS or less,White,Northeast,Metropolitan,"> $50,000",Republican,Donald Trump,0.730176739418817
R_5S0vjqRZZ4wU7ZL,2025-03-20T06:31:58Z,2025-03-20T06:38:28Z,1,26,5,94016,10,9,5,9,4,Nuclear reaction,4,Zero carbon emissions,5,Future energy solution,3,1,1,0,1,0,1,1,0,1,0,0,NA,9,3,5,6,7,NA,Because it’s zero carbon emissions,NA,3,0,1,3,3,NA,6,40,60,30,70,10,9,6,8,5,6,7,8,9,9,5,4,8,2,8,5,10,8,7,5,5,3,4,6,4,6,6,3,7,5,6,4,4,4,6,7,3,1,9,NA,6,6,9,NA,10,Lawrence Livermore National Laboratory,4-year or bachelor degree,Male,"$100,000 to under $150,000",Metropolitan,White,Yes,Democrat,NA,I voted,Donald Trump,Northeast,California,Male,18-29,4-yr/post-graduate degree,Hispanic,Northeast,Metropolitan,"> $50,000",Democrat,Donald Trump,1.0954663563298381
R_7IXQMkHPdYsYViN,2025-03-21T13:49:19Z,2025-03-21T14:05:00Z,1,69,7,06042,10,5,0,10,10,"Excellent, effective Clean",5,Effective,4,Clean,5,1,1,0,0,0,0,0,0,0,0,1,Asked Alexa all about fusion energy,6,2,6,6,7,NA,"It will be a lot cheaper than electricity itself, cheaper than oil and coal.  We won't have to cut down trees for firewood for heat, I think once this is fully developed it will be very very good for the world, its effectiveness and cleanliness makes it perfect for us.",NA,2,1,1,0,3,NA,7,20,80,100,0,10,10,10,10,7,8,7,10,10,10,10,10,5,5,10,10,5,7,7,7,7,4,4,7,7,4,4,7,7,7,7,4,7,7,4,4,1,1,10,NA,10,7,5,"I learned a lot from this survey, I am now a very strong supporter of fusion energy, this survey was awesome.",10,US national laboratories for energy and security,"Some college, no degree",Female,"Less than $15,000",Metropolitan,White,No,Republican,NA,I voted,Donald Trump,Northeast,Connecticut,Female,65+,Some college/2-yr degree,White,Northeast,Metropolitan,"< $50,000",Republican,Donald Trump,0.8283098156411084
R_1prjVr77Kiay5Bw,2025-03-20T02:54:52Z,2025-03-20T05:22:40Z,1,70,42,38053,10,8,10,10,5,Electricity,5,Nuclear,3,Power,5,1,0,1,0,0,0,0,0,0,0,0,NA,6,2,3,3,2,I find anything with nuclear in it to be concerning. I might think differently if I am assured of it's safety and reliability.,NA,NA,3,1,0,0,5,4,NA,40,60,25,75,4,4,4,4,10,10,10,10,5,5,7,6,8,5,8,8,7,3,3,6,4,4,6,3,4,3,6,5,2,5,5,2,6,4,6,5,4,0,NA,9,6,6,8,No,10,Lawrence Livermore National Laboratory,Some high school or less,Female,"Less than $15,000",Metropolitan,White,No,Republican,NA,I did not vote,NA,South,Tennessee,Female,65+,HS or less,White,South,Metropolitan,"< $50,000",Republican,3rd or didn't vote,1.9361981224737894
R_14Ji01TEi5dAZQA,2025-03-20T01:18:07Z,2025-03-20T01:24:36Z,1,35,1,36867,9,6,8,8,5,Power,3,Energy drink,3,None,3,2,NA,NA,NA,NA,NA,NA,NA,NA,NA,NA,NA,NA,NA,4,4,4,NA,NA,I don't really know anything about it,2,1,1,0,3,4,NA,50,50,50,50,6,3,7,8,5,7,8,5,7,8,5,3,3,5,6,7,7,2,7,4,3,4,4,5,5,4,4,2,5,3,4,2,3,4,5,5,2,1,0,NA,5,4,5,No,10,Lawrence Livermore National Laboratory,High school graduate or GED,Female,"$50,000 to under $75,000",Metropolitan,White,No,Republican,NA,I voted,Donald Trump,South,Alabama,Female,30-49,HS or less,White,South,Metropolitan,"> $50,000",Republican,Donald Trump,0.7282511627872658
R_5v8hAszv7Oci1Tt,2025-03-20T22:29:31Z,2025-03-20T22:38:43Z,1,52,43,76645,10,7,10,10,10,what,3,again what,3,i dont know,3,0,NA,NA,NA,NA,NA,NA,NA,NA,NA,NA,NA,NA,NA,4,5,4,NA,NA,not sure what this means,3,1,1,0,3,4,NA,50,50,50,50,6,6,6,6,5,5,5,5,6,6,7,6,5,5,6,6,6,5,4,5,5,5,3,3,4,5,4,4,4,4,4,4,4,4,4,4,3,1,5,NA,6,4,5,no,50,Lawrence Livermore National Laboratory,High school graduate or GED,Female,"$75,000 to under $100,000",Non-metro,White,No,Independent,Neither,I did not vote,NA,South,Texas,Female,50-64,HS or less,White,South,Non-metro,"> $50,000",Independent,3rd or didn't vote,1.4762831287517149
R_54Jn73wtFAOsU5K,2025-03-19T05:33:16Z,2025-03-19T05:51:25Z,1,32,9,33126,6,8,8,9,7,Radioactivity and it likes,3,Energy from chemical reactivity,3,NA,NA,1,1,0,0,0,0,1,0,0,0,0,NA,4,4,5,6,5,NA,NA,I'm not too certain with my knowledge of fusion energy I'd be making my research this week but then fusion energy sounds good it is a invention to manage the world and its resouces,1,1,1,0,1,NA,5,40,60,45,55,8,7,8,8,7,5,8,7,9,7,8,6,6,8,6,7,7,7,5,4,5,6,6,5,5,6,2,5,1,3,3,5,6,5,1,4,2,1,9,NA,10,5,7,It is an amazing innovation if the negative effects will not be substantial and bad to nature,50,US national laboratories for energy and security,Some high school or less,Male,"$75,000 to under $100,000",Metropolitan,Black or African-American,No,Democrat,NA,I voted,Donald Trump,West,Florida,Male,30-49,HS or less,Black,West,Metropolitan,"> $50,000",Democrat,Donald Trump,0.7097774641629887
R_6LUzexbhmNwB2es,2025-03-19T19:15:48Z,2025-03-19T19:28:24Z,1,70,20,21220,6,7,7,8,6,Caffeine,3,Drink,3,Unhealthy,3,0,NA,NA,NA,NA,NA,NA,NA,NA,NA,NA,NA,NA,NA,4,4,5,NA,NA,I'd have to know exactly how this will affect me,3,1,1,0,3,NA,4,100,0,50,50,8,7,7,7,9,5,5,5,5,5,5,5,7,5,4,5,7,5,4,3,4,5,4,1,3,3,4,4,4,3,4,5,6,4,5,5,3,1,8,NA,8,4,3,No,50,Lawrence Livermore National Laboratory,High school graduate or GED,Female,"$15,000 to under $50,000",Metropolitan,White,No,Independent,The Democratic Party,I voted,Someone else,South,Maryland,Female,65+,HS or less,White,South,Metropolitan,"< $50,000",Independent,3rd or didn't vote,1.603031972577941
R_5YMtOd5CiR5I0MH,2025-03-18T19:24:59Z,2025-03-18T19:39:49Z,1,69,32,11953,10,5,10,9,3,Together,3,Strong,3,Power,3,0,NA,NA,NA,NA,NA,NA,NA,NA,NA,NA,NA,NA,NA,4,3,3,NA,NA,I never heard of it before this,6,0,0,0,5,1,NA,100,0,0,100,4,4,5,6,3,6,1,3,1,1,3,7,1,3,0,5,3,7,3,1,4,4,5,3,4,3,7,6,5,3,4,3,1,3,3,3,3,0,NA,1,4,4,3,Nothing,10,US national laboratories for energy and security,High school graduate or GED,Male,"$15,000 to under $50,000",Metropolitan,White,No,Republican,NA,I voted,Donald Trump,Northeast,New York,Male,65+,HS or less,White,Northeast,Metropolitan,"< $50,000",Republican,Donald Trump,0.8180472467404529
R_6gkGzk2gzMSQK3R,2025-03-24T02:40:11Z,2025-03-24T02:54:33Z,1,28,9,33905,5,5,8,7,9,Sustainable Power,4,Nuclear fusion,3,Clean energy,4,1,0,0,1,0,0,1,0,0,0,0,NA,7,2,4,5,4,NA,NA,Technological and safety challenges need careful attention,3,1,1,1,3,NA,5,40,60,60,40,8,5,10,7,6,8,7,7,7,6,8,6,7,6,7,5,6,4,5,5,4,4,4,5,4,4,3,4,5,5,6,6,4,4,4,4,2,1,5,NA,8,6,5,NA,10,US national laboratories for energy and security,Post-graduate degree,Male,"$75,000 to under $100,000",Metropolitan,White,No,Independent,The Republican Party,I voted,Donald Trump,South,Florida,Male,18-29,4-yr/post-graduate degree,White,South,Metropolitan,"> $50,000",Independent,Donald Trump,0.8115492368592069
R_1oncGffPwCxGEx9,2025-03-19T19:12:21Z,2025-03-19T19:25:10Z,1,38,30,08822,8,8,8,6,7,FUSION,3,Nuclear,3,Plasma,3,1,1,0,1,0,0,0,0,0,0,0,NA,1,2,3,3,2,I don't know about the risks but I know there are some.  I know it can be unstable and i don't know If it's worth the risk to use it.  The damage that could result in a failure or terror attack could be devastating,NA,NA,2,1,0,0,2,NA,4,10,90,25,75,7,5,5,7,6,7,6,5,6,7,8,3,8,5,6,6,6,3,4,6,4,4,6,3,4,4,2,6,4,6,4,3,5,4,4,6,2,1,6,NA,7,2,5,I am uncertain about the benefits of fusion energy,10,Lawrence Livermore National Laboratory,4-year or bachelor degree,Male,"$75,000 to under $100,000",Metropolitan,White,No,Independent,The Democratic Party,I was not registered to vote,NA,Northeast,New Jersey,Male,30-49,4-yr/post-graduate degree,White,Northeast,Metropolitan,"> $50,000",Independent,3rd or didn't vote,1.767414466488955
R_50wMjukFuCsgwEk,2025-03-23T20:01:49Z,2025-03-23T20:05:47Z,1,39,28,89141,8,9,8,9,6,Power,4,Energy,3,Loud,3,0,NA,NA,NA,NA,NA,NA,NA,NA,NA,NA,NA,NA,NA,6,5,4,NA,NA,How much bills would be near by,4,1,1,2,3,NA,4,60,40,50,50,8,8,8,7,8,9,8,8,8,8,5,6,8,4,5,5,8,4,4,4,4,4,5,4,4,6,4,6,6,5,6,5,5,5,5,5,3,1,8,NA,8,4,7,NA,10,US national laboratories for energy and security,4-year or bachelor degree,Male,"$150,000 to under $200,000",Metropolitan,White,No,Democrat,NA,I voted,Kamala Harris,West,Nevada,Male,30-49,4-yr/post-graduate degree,White,West,Metropolitan,"> $50,000",Democrat,Kamala Harris,0.6839576767611849
R_3WvbkRj4yup4Jvk,2025-03-19T16:19:59Z,2025-03-19T16:38:18Z,1,63,43,75501,9,8,10,10,8,A mixture of different kinds of energy,4,Electric,3,Hybrid,4,0,NA,NA,NA,NA,NA,NA,NA,NA,NA,NA,NA,NA,NA,6,5,1,"I don't know what are the risks, when it comes to having these facilities in your neighborhood. I already have health issues and don't want something else giving me more problems.",NA,NA,3,1,1,0,2,6,NA,50,50,50,50,8,9,8,10,6,3,2,7,10,8,9,8,9,8,8,8,9,5,4,4,4,4,4,4,4,4,6,4,3,5,4,4,4,5,4,7,2,1,10,NA,10,2,0,There's more that I need to learn.,50,US national laboratories for energy and security,2-year or associate degree,Male,"$50,000 to under $75,000",Metropolitan,Black or African-American,No,Democrat,NA,I voted,Kamala Harris,South,Texas,Male,50-64,Some college/2-yr degree,Black,South,Metropolitan,"> $50,000",Democrat,Kamala Harris,0.6297119253028624
R_62umf46fHiO2ZnK,2025-03-19T18:42:16Z,2025-03-19T18:52:44Z,1,54,5,90220,8,7,10,8,10,Confusion,3,Different,3,NA,NA,0,NA,NA,NA,NA,NA,NA,NA,NA,NA,NA,NA,NA,NA,3,4,4,NA,NA,I don't know about fusion energy need more information,6,0,0,0,5,NA,4,50,50,25,75,6,7,6,6,6,7,8,7,5,3,6,5,7,4,5,6,5,6,4,4,4,4,5,4,4,4,3,1,5,4,6,1,1,5,5,3,3,1,6,NA,7,1,4,NA,10,Lawrence Livermore National Laboratory,High school graduate or GED,Male,"$15,000 to under $50,000",Metropolitan,Asian or Asian-American,No,Democrat,NA,I voted,Kamala Harris,West,California,Male,50-64,HS or less,Other,West,Metropolitan,"< $50,000",Democrat,Kamala Harris,0.5363189002369635
R_5qC6gKilMNCaLab,2025-03-20T00:17:00Z,2025-03-20T00:26:51Z,1,41,14,47172,6,5,7,5,4,Nuclear,3,Cheap,3,Unsure,3,1,0,0,0,0,0,0,0,0,1,0,NA,3,2,3,5,4,NA,NA,Because I'm unsure,3,1,1,0,2,NA,5,90,10,30,70,8,7,9,7,8,5,7,7,7,5,5,7,8,7,7,5,8,1,4,7,4,4,4,3,5,4,7,5,3,4,4,4,5,3,5,1,2,1,7,NA,7,3,2,NA,50,Lawrence Livermore National Laboratory,High school graduate or GED,Male,"$50,000 to under $75,000",Metropolitan,White,No,Independent,The Democratic Party,I voted,Donald Trump,Midwest,Indiana,Male,30-49,HS or less,White,Midwest,Metropolitan,"> $50,000",Independent,Donald Trump,0.7006718890283706
R_3bImuGrEwhRfRRL,2025-03-24T13:16:12Z,2025-03-24T13:30:42Z,1,37,10,31601,3,10,3,3,3,Some kind of hybrid energy,2,Energy mix,2,Government tax,1,1,0,0,0,0,0,0,0,0,0,1,School a long time ago,2,4,3,1,1,I'm start with the fact that this kind of energy is used to power the sun which means if there's is an issue we will probably all be blown to hell!,NA,NA,6,0,0,1,2,NA,4,80,20,20,80,5,5,8,8,10,1,2,1,10,3,2,6,6,3,7,3,7,0,1,1,7,4,7,4,1,4,7,7,1,4,4,1,4,7,7,7,4,1,0,NA,5,5,3,It's unreliable and scary at best. Some things are not meant to be tapped into.,50,Lawrence Livermore National Laboratory,"Some college, no degree",Male,"$75,000 to under $100,000",Metropolitan,White,Yes,Republican,NA,I was not registered to vote,NA,South,Georgia,Male,30-49,Some college/2-yr degree,Hispanic,South,Metropolitan,"> $50,000",Republican,3rd or didn't vote,2.347348596143002
R_6I5bBH1ohbhgU80,2025-03-19T20:38:55Z,2025-03-19T21:12:37Z,1,30,43,77979,10,10,10,9,9,fast energy,4,progress,4,modern,5,1,0,0,0,0,0,0,0,0,1,0,NA,5,2,4,7,7,NA,Opportunity for anyone to learn from it in STEM course in high schools and colleges,NA,1,1,1,1,3,NA,7,41,59,42,58,10,10,10,10,10,9,9,10,10,10,10,10,10,10,10,10,9,9,7,7,7,6,6,7,7,7,7,7,6,6,6,7,6,6,5,6,1,1,10,NA,10,1,10,I believe fusion energy could be more efficient to optimize energy for all at a cheaper price,10,US national laboratories for energy and security,High school graduate or GED,Female,"$150,000 to under $200,000",Non-metro,Native American or American Indian,Yes,Democrat,NA,I voted,Kamala Harris,South,Texas,Female,30-49,HS or less,Hispanic,South,Non-metro,"> $50,000",Democrat,Kamala Harris,0.6821955696495272
R_7PAhUFLAk3NSzvG,2025-03-19T01:07:12Z,2025-03-19T01:20:17Z,1,59,10,31027,6,8,7,7,9,hot,3,melt,3,strong,3,0,NA,NA,NA,NA,NA,NA,NA,NA,NA,NA,NA,NA,NA,3,2,2,It sounds dangerous,NA,NA,3,1,0,0,2,3,NA,60,40,10,90,8,4,3,6,10,8,10,10,4,8,7,5,3,1,4,6,4,0,1,4,1,1,4,1,1,1,4,7,4,4,4,4,4,6,4,6,2,1,9,NA,8,6,3,I Still think it is dangerous,50,Lawrence Livermore National Laboratory,High school graduate or GED,Female,"$100,000 to under $150,000",Non-metro,White,No,Republican,NA,I did not vote,NA,South,Georgia,Female,50-64,HS or less,White,South,Non-metro,"> $50,000",Republican,3rd or didn't vote,1.7831064327008133
R_14DcjO2cAN29Jqs,2025-03-22T13:03:32Z,2025-03-22T13:10:08Z,1,48,20,20602,10,7,10,10,8,climate,3,negative,2,concern,2,0,NA,NA,NA,NA,NA,NA,NA,NA,NA,NA,NA,NA,NA,4,3,2,I think that health could be effected and I do not want to live near a plant that has this.,NA,NA,3,0,0,0,4,NA,4,100,0,50,50,1,2,6,3,1,5,6,1,0,4,0,2,0,5,5,4,5,1,3,4,1,2,1,4,2,2,3,1,2,2,2,3,4,4,4,1,3,0,NA,4,2,1,1,nothing else,10,US national laboratories for energy and security,Post-graduate degree,Female,"$100,000 to under $150,000",Metropolitan,Black or African-American,No,Democrat,NA,I voted,Kamala Harris,South,Maryland,Female,30-49,4-yr/post-graduate degree,Black,South,Metropolitan,"> $50,000",Democrat,Kamala Harris,0.6586748765610149
R_5dEzYXQE6nf9EdG,2025-03-19T22:41:50Z,2025-03-19T22:56:29Z,1,75,36,97378,7,10,9,10,8,why what who,3,what,3,NA,3,0,NA,NA,NA,NA,NA,NA,NA,NA,NA,NA,NA,NA,NA,2,4,3,NA,NA,still in the experimental phase.,3,1,1,0,3,NA,4,60,40,30,70,7,8,5,5,3,4,3,4,5,4,4,3,5,3,4,3,4,1,4,4,4,4,4,4,3,4,5,3,3,3,3,3,3,3,3,3,3,1,5,NA,6,4,3,no,50,US national laboratories for energy and security,High school graduate or GED,Male,"$15,000 to under $50,000",Metropolitan,White,No,Other or none,The Republican Party,I voted,Someone else,West,Oklahoma,Male,65+,HS or less,White,West,Metropolitan,"< $50,000",Independent,3rd or didn't vote,1.6726741862109988
R_1R2Gcq2OKrSiNfX,2025-03-19T19:53:22Z,2025-03-19T20:25:44Z,1,40,13,61401,7,5,9,6,8,Unimformed,2,Confused,3,Curious,5,0,NA,NA,NA,NA,NA,NA,NA,NA,NA,NA,NA,NA,NA,7,7,7,NA,This would help combat global warming more than any other effort we have in place and it's critical we address global warming now,NA,2,1,1,0,2,7,NA,40,60,50,50,10,10,10,10,4,1,5,4,10,5,10,10,9,10,8,5,9,3,2,7,3,4,7,4,6,4,5,7,2,4,4,2,7,4,4,2,1,1,10,NA,10,4,6,NA,10,US national laboratories for energy and security,High school graduate or GED,Female,"$50,000 to under $75,000",Non-metro,White,No,Democrat,NA,I voted,Donald Trump,Midwest,Illinois,Female,30-49,HS or less,White,Midwest,Non-metro,"> $50,000",Democrat,Donald Trump,0.7519136837197932
R_5q80jqEkWehQP4a,2025-03-19T18:16:22Z,2025-03-19T18:26:05Z,1,62,32,13492,10,10,10,10,1,Confusion,2,Cost effectiveness,2,Money,3,0,NA,NA,NA,NA,NA,NA,NA,NA,NA,NA,NA,NA,NA,2,2,1,The uncertainty of the effects on my health,NA,NA,4,0,0,0,4,1,NA,100,0,0,100,1,5,2,5,10,5,1,2,0,0,0,4,0,0,5,0,0,0,1,1,1,1,1,4,1,1,1,7,7,7,7,7,4,7,7,7,3,0,NA,10,0,6,2,Don't trust it especially if the government is involved,50,Lawrence Livermore National Laboratory,"Some college, no degree",Male,"$75,000 to under $100,000",Metropolitan,White,No,Independent,The Republican Party,I voted,Donald Trump,Northeast,New York,Male,50-64,Some college/2-yr degree,White,Northeast,Metropolitan,"> $50,000",Independent,Donald Trump,0.6607357328835805
R_3HSr65xJNhMVE5e,2025-03-18T19:18:13Z,2025-03-18T19:23:52Z,1,67,7,06512,0,0,0,0,0,Nothing comes to mind,3,Nothing,3,Nothing,3,0,NA,NA,NA,NA,NA,NA,NA,NA,NA,NA,NA,NA,NA,4,4,4,NA,NA,I don’t know what it is,6,1,1,0,3,4,NA,50,50,50,50,5,5,5,5,5,5,5,5,5,5,5,5,5,5,0,5,5,5,4,4,4,4,4,4,4,4,4,4,4,4,4,4,4,4,4,4,3,1,5,NA,5,4,5,NA,50,US national laboratories for energy and security,High school graduate or GED,Female,"$15,000 to under $50,000",Metropolitan,White,No,Other or none,Neither,I did not vote,NA,Northeast,Connecticut,Female,65+,HS or less,White,Northeast,Metropolitan,"< $50,000",Independent,3rd or didn't vote,1.6072705664364286
R_70jcF8U4pWcHmS9,2025-03-19T17:30:01Z,2025-03-20T00:36:17Z,1,56,17,40336,6,7,8,7,6,"What is that, I don't know what that is",3,Nothing,3,Nothing,3,0,NA,NA,NA,NA,NA,NA,NA,NA,NA,NA,NA,NA,NA,5,4,3,NA,NA,I don't really know what exactly what steps are needed to be better informed,4,1,0,0,3,4,NA,40,60,50,50,7,5,6,5,6,6,5,5,5,6,7,5,7,6,5,5,6,6,4,3,4,5,5,5,3,4,4,4,4,5,5,5,3,3,5,4,3,1,7,NA,6,3,6,I find it a bit confusing but I think it's a avenue that needs to be taken very careful,10,Lawrence Livermore National Laboratory,High school graduate or GED,Female,"$15,000 to under $50,000",Non-metro,White,No,Democrat,NA,I voted,Donald Trump,South,Kentucky,Female,50-64,HS or less,White,South,Non-metro,"< $50,000",Democrat,Donald Trump,0.6047781022423095
R_6njtXsKlN9zMkpT,2025-03-18T20:00:36Z,2025-03-18T20:11:43Z,1,52,22,48602,10,10,10,10,10,"Vape,wind, cemecals mixed",1,NA,1,NA,1,0,NA,NA,NA,NA,NA,NA,NA,NA,NA,NA,NA,NA,NA,1,4,1,Pollon to the air we breath,NA,NA,4,0,0,0,4,1,NA,100,0,100,0,1,1,1,1,1,1,1,1,0,0,0,0,3,0,0,3,0,0,1,1,1,1,7,1,1,1,7,7,7,1,7,7,7,7,7,1,5,1,10,NA,10,4,0,Nothing,50,US national laboratories for energy and security,High school graduate or GED,Female,"Less than $15,000",Metropolitan,Black or African-American,No,Democrat,NA,I voted,Kamala Harris,Midwest,Michigan,Female,50-64,HS or less,Black,Midwest,Metropolitan,"< $50,000",Democrat,Kamala Harris,0.5807398068492601
R_6VkGrtUssbg7Ykg,2025-03-20T17:32:42Z,2025-03-20T17:45:15Z,1,20,32,11358,8,7,10,9,8,Innovative,4,green,4,Dangerous,1,0,NA,NA,NA,NA,NA,NA,NA,NA,NA,NA,NA,NA,NA,4,5,1,I dont like energy facilities near my residence area.,NA,NA,3,1,1,0,3,NA,4,75,25,40,60,10,9,9,9,9,8,7,10,5,8,3,3,7,3,5,5,8,3,3,4,4,4,4,4,4,4,7,4,4,4,4,4,4,4,4,4,2,1,4,NA,6,4,4,no,10,Lawrence Livermore National Laboratory,"Some college, no degree",Male,"$75,000 to under $100,000",Metropolitan,Asian or Asian-American,No,Independent,Neither,I did not vote,NA,Northeast,New York,Male,18-29,Some college/2-yr degree,Other,Northeast,Metropolitan,"> $50,000",Independent,3rd or didn't vote,1.8349060239408381
R_1SAmjI4ZPAymHAv,2025-03-19T16:22:42Z,2025-03-19T16:31:38Z,1,25,32,11797,0,3,8,10,6,nuclear,3,energy,3,modern,3,1,0,0,1,0,0,0,0,0,0,0,NA,4,4,4,4,5,NA,NA,nope,3,1,1,4,5,NA,4,50,50,70,30,5,5,5,5,5,5,5,5,5,5,5,5,5,5,5,5,5,5,3,4,4,4,4,4,4,3,4,4,3,4,4,4,4,4,4,3,3,1,7,NA,6,3,5,nope,10,US national laboratories for energy and security,4-year or bachelor degree,Male,"$50,000 to under $75,000",Metropolitan,White,No,Independent,Neither,I voted,Kamala Harris,Northeast,New York,Male,18-29,4-yr/post-graduate degree,White,Northeast,Metropolitan,"> $50,000",Independent,Kamala Harris,0.6891966412461237
R_6OMHk9SWjnwTuCO,2025-03-19T19:11:16Z,2025-03-19T19:16:20Z,1,44,5,92240,10,10,10,10,10,Futuristic,3,Complicated,3,Uncertainty,3,1,0,0,0,0,0,1,0,0,0,0,NA,0,4,4,4,4,NA,NA,"I don't have knowledge of this, so it's hard to make a decision about how I feel about it.",5,1,1,4,5,NA,5,50,50,50,50,5,5,5,5,5,5,5,5,5,5,5,5,5,5,5,5,5,5,4,4,4,4,4,4,4,4,4,4,4,4,4,4,4,4,4,4,3,1,10,NA,10,2,5,"No, but I wish I had more accessible information about fusion energy.",50,US national laboratories for energy and security,4-year or bachelor degree,Female,"More than $200,000",Metropolitan,Asian or Asian-American,No,Independent,The Democratic Party,I voted,Kamala Harris,West,California,Female,30-49,4-yr/post-graduate degree,Other,West,Metropolitan,"> $50,000",Independent,Kamala Harris,0.5842814355097877
R_3JrQjYQbQ2sEG1C,2025-03-18T19:30:45Z,2025-03-18T19:35:33Z,1,26,10,30510,5,0,4,2,8,Nuclear,2,Dangerous,2,Power,3,0,NA,NA,NA,NA,NA,NA,NA,NA,NA,NA,NA,NA,NA,4,4,4,NA,NA,I'm just not sure about it.,1,1,0,0,5,NA,4,0,100,100,0,5,6,5,7,4,5,6,6,5,2,3,2,5,5,6,2,5,0,4,3,4,4,4,4,4,4,5,4,4,4,4,2,4,4,4,5,3,1,6,NA,5,4,4,No,50,US national laboratories for energy and security,High school graduate or GED,Female,"$15,000 to under $50,000",Non-metro,White,No,Independent,Neither,I did not vote,NA,South,Georgia,Female,18-29,HS or less,White,South,Non-metro,"< $50,000",Independent,3rd or didn't vote,1.5025218109978542
R_7UwAJVLM4DuqUPD,2025-03-20T23:48:29Z,2025-03-20T23:57:40Z,1,65,35,44691,10,10,10,10,10,Good,4,Solor,4,Great,4,0,NA,NA,NA,NA,NA,NA,NA,NA,NA,NA,NA,NA,NA,4,5,5,NA,NA,"I live in a small city, and I think it would be great but not enough space",3,1,1,0,3,5,NA,50,50,100,0,10,8,4,10,10,7,9,7,10,8,8,5,9,7,6,7,10,2,4,5,5,4,3,3,4,4,2,5,4,4,4,3,4,4,4,2,1,1,8,NA,10,3,0,That it could be a game changer,50,Lawrence Livermore National Laboratory,High school graduate or GED,Female,"$15,000 to under $50,000",Non-metro,White,Yes,Democrat,NA,I voted,Kamala Harris,Midwest,Ohio,Female,65+,HS or less,Hispanic,Midwest,Non-metro,"< $50,000",Democrat,Kamala Harris,0.8242086908765807
R_3mk5p92vdo9UHhT,2025-03-23T15:54:41Z,2025-03-23T15:59:13Z,1,63,13,60613,10,8,7,7,6,I don't know,3,NA,2,NA,3,0,NA,NA,NA,NA,NA,NA,NA,NA,NA,NA,NA,NA,NA,6,4,3,NA,NA,I don't understand what fusion energy is,3,0,0,4,5,NA,4,50,50,100,0,5,5,5,5,8,6,5,6,5,6,4,7,8,7,5,5,5,8,4,4,4,5,2,5,3,6,6,5,5,3,5,2,4,5,4,5,4,0,NA,5,5,4,4,I can't think of anything,10,Lawrence Livermore National Laboratory,4-year or bachelor degree,Male,"$75,000 to under $100,000",Metropolitan,Black or African-American,No,Democrat,NA,I voted,Kamala Harris,Midwest,Illinois,Male,50-64,4-yr/post-graduate degree,Black,Midwest,Metropolitan,"> $50,000",Democrat,Kamala Harris,0.7667291772541714
R_7GmgM7is2Px6sBH,2025-03-18T19:40:42Z,2025-03-18T19:46:26Z,1,67,9,33076,5,7,9,6,7,Innovative,4,Cuttingedge,4,Scary,3,2,NA,NA,NA,NA,NA,NA,NA,NA,NA,NA,NA,NA,NA,6,6,3,NA,NA,I am.not sure about its dafrty,4,1,1,0,5,4,NA,30,70,25,75,7,6,7,7,6,6,6,7,4,6,6,6,6,5,6,7,6,3,4,5,5,5,5,5,5,5,5,4,4,5,5,5,5,4,4,6,4,1,9,NA,8,4,4,No comment,10,Lawrence Livermore National Laboratory,Post-graduate degree,Male,"More than $200,000",Metropolitan,White,No,Democrat,NA,I voted,Kamala Harris,South,Florida,Male,65+,4-yr/post-graduate degree,White,South,Metropolitan,"> $50,000",Democrat,Kamala Harris,0.8169634871847828
R_5on00nzPmZ572fm,2025-03-21T02:40:06Z,2025-03-21T02:48:23Z,1,20,46,22904,5,5,8,5,6,nuclear,3,reaction,3,radioactive,2,2,NA,NA,NA,NA,NA,NA,NA,NA,NA,NA,NA,NA,NA,5,6,4,NA,NA,I'm worried about the safety of myself and my family in the case that there is a human or mechanical malfunction.,2,1,1,0,3,6,NA,50,50,40,60,8,8,8,8,4,5,4,6,7,9,9,7,9,9,6,9,8,7,4,4,3,4,5,2,4,4,6,4,4,4,4,4,6,4,5,3,3,0,NA,3,7,4,1,N/A,10,Lawrence Livermore National Laboratory,Some high school or less,Male,"$150,000 to under $200,000",Metropolitan,Asian or Asian-American,No,Democrat,NA,I did not vote,NA,Midwest,Virginia,Male,18-29,HS or less,Other,Midwest,Metropolitan,"> $50,000",Democrat,3rd or didn't vote,2.1882599871380743
R_3tBcJuZRXkPZqxz,2025-03-20T16:32:21Z,2025-03-20T16:40:46Z,1,50,10,30705,7,6,6,8,5,Nothing,3,Nothing,3,Nothing,3,0,NA,NA,NA,NA,NA,NA,NA,NA,NA,NA,NA,NA,NA,4,5,4,NA,NA,I don't really understand it,4,1,1,0,5,NA,4,50,50,50,50,8,7,5,8,6,6,6,7,8,7,7,7,7,7,7,7,7,7,4,4,4,4,4,4,4,4,4,4,4,4,4,4,4,4,4,4,3,1,5,NA,6,4,5,I don't know anything about it really,10,US national laboratories for energy and security,High school graduate or GED,Female,"Less than $15,000",Metropolitan,White,No,Republican,NA,I did not vote,NA,South,Georgia,Female,50-64,HS or less,White,South,Metropolitan,"< $50,000",Republican,3rd or didn't vote,1.615357260798427
R_7ptEhdpym8wnDxE,2025-03-19T18:04:48Z,2025-03-19T18:12:04Z,1,65,9,33446,8,4,6,5,3,I don't know what it is,3,No idea,3,Nothing,3,0,NA,NA,NA,NA,NA,NA,NA,NA,NA,NA,NA,NA,NA,4,4,4,NA,NA,I really have no idea qhat it is,2,1,1,4,5,4,NA,50,50,50,50,5,5,5,5,5,5,5,5,0,4,5,5,5,5,2,6,6,1,7,7,7,7,7,7,7,7,7,7,7,7,7,7,7,7,7,7,2,1,8,NA,7,4,2,Not at this moment. I'm not yet super familiar with it,50,US national laboratories for energy and security,Post-graduate degree,Male,"$75,000 to under $100,000",Metropolitan,White,No,Democrat,NA,I voted,Kamala Harris,South,Florida,Male,65+,4-yr/post-graduate degree,White,South,Metropolitan,"> $50,000",Democrat,Kamala Harris,0.8169634871847828
R_6KRWQzzLe2VHRUR,2025-03-19T23:46:32Z,2025-03-19T23:51:13Z,1,33,28,89084,6,6,6,7,6,New source,3,Different type,3,Better source,3,2,NA,NA,NA,NA,NA,NA,NA,NA,NA,NA,NA,NA,NA,4,4,4,NA,NA,I dunno if it would affect immunocompromised people,3,1,0,0,5,4,NA,50,50,50,50,5,5,5,5,5,5,5,5,5,5,5,5,5,5,5,5,5,5,4,4,5,4,4,4,4,4,4,4,4,4,4,4,4,4,4,4,3,0,NA,5,5,4,5,No,50,US national laboratories for energy and security,High school graduate or GED,Female,"$15,000 to under $50,000",Metropolitan,White,No,Democrat,NA,I voted,Kamala Harris,West,Nevada,Female,30-49,HS or less,White,West,Metropolitan,"< $50,000",Democrat,Kamala Harris,0.5180466074316185
R_7FIEiHhJpPT4wri,2025-03-19T16:04:36Z,2025-03-19T17:05:34Z,1,42,13,60804,2,6,5,7,4,Nuclear,4,Clean,5,Cheaper,4,1,0,0,0,1,0,0,0,0,0,0,NA,4,1,4,5,4,NA,NA,Not sure we know enough of about the risk.,3,1,1,0,5,6,NA,25,75,50,50,7,7,7,6,5,5,5,7,7,7,7,5,3,6,4,4,4,5,4,5,4,4,3,3,2,4,4,5,4,4,4,4,5,4,4,3,3,1,7,NA,8,3,2,NA,10,US national laboratories for energy and security,"Some college, no degree",Male,"$100,000 to under $150,000",Metropolitan,White,Yes,Democrat,NA,I voted,Kamala Harris,Midwest,Illinois,Male,30-49,Some college/2-yr degree,Hispanic,Midwest,Metropolitan,"> $50,000",Democrat,Kamala Harris,0.8398071292495762
R_7LUqhMIyjLVo7R9,2025-03-18T20:48:03Z,2025-03-18T21:01:33Z,1,70,9,33544,10,8,8,10,5,Cost saving,4,Clean,5,Safe,4,1,1,0,1,0,0,0,0,0,0,0,NA,2,3,7,7,5,NA,NA,There is no room for a plant near me,1,1,1,1,1,7,NA,0,100,50,50,10,10,10,10,10,10,10,10,10,0,5,5,8,8,10,0,10,0,7,7,4,4,7,4,1,4,1,7,7,4,4,4,4,7,4,1,2,1,10,NA,10,6,5,We need to advance man,10,US national laboratories for energy and security,High school graduate or GED,Male,"$15,000 to under $50,000",Metropolitan,White,No,Republican,NA,I voted,Donald Trump,South,Florida,Male,65+,HS or less,White,South,Metropolitan,"< $50,000",Republican,Donald Trump,0.8158899434783929
R_5RaqHKwUwIELnch,2025-03-20T18:36:03Z,2025-03-20T18:51:09Z,1,73,38,19135,10,10,7,10,10,Combination of energy sources,2,Energy,4,Sources,2,0,NA,NA,NA,NA,NA,NA,NA,NA,NA,NA,NA,NA,NA,5,3,1,"We live in a major city near a rivers, bridges,  that already have different water treatment,  electric,  trash, facilities,  it is a highly populated city.",NA,NA,2,1,1,0,4,4,NA,100,0,20,80,1,10,1,6,10,10,10,10,0,0,0,5,5,10,0,0,5,5,2,1,1,4,4,1,1,4,4,7,7,1,4,4,7,7,4,4,3,1,10,NA,10,4,0,"This republican white house just fired all the experts and are replacing them with yes men, billionaires for profit, pay to play",10,Lawrence Livermore National Laboratory,"Some college, no degree",Male,"$75,000 to under $100,000",Metropolitan,White,No,Democrat,NA,I voted,Kamala Harris,Northeast,Pennsylvania,Male,65+,Some college/2-yr degree,White,Northeast,Metropolitan,"> $50,000",Democrat,Kamala Harris,0.7531108269443424
R_30xODNn8c7hGiqt,2025-03-18T19:26:47Z,2025-03-18T19:30:55Z,1,37,42,37209,7,6,7,8,7,Energy,4,Fusion,3,Not sure,3,1,0,1,0,0,0,0,1,0,0,0,NA,7,3,5,6,5,NA,NA,I wish I knew more,1,1,0,4,5,NA,6,50,50,50,50,8,7,8,7,8,7,7,7,7,8,8,7,6,7,8,7,7,7,4,4,5,4,6,4,4,6,4,6,6,4,5,5,5,5,6,5,3,1,5,NA,6,4,6,Let’s start small,10,US national laboratories for energy and security,4-year or bachelor degree,Male,"$150,000 to under $200,000",Metropolitan,NA,No,Independent,Neither,I voted,Donald Trump,South,Tennessee,Male,30-49,4-yr/post-graduate degree,Other,South,Metropolitan,"> $50,000",Independent,Donald Trump,0.7124176358195703
R_5HSK1lhsH8SUqXK,2025-03-19T19:00:11Z,2025-03-19T19:08:31Z,1,51,9,32244,5,5,5,6,8,Don't know,3,NA,NA,NA,NA,0,NA,NA,NA,NA,NA,NA,NA,NA,NA,NA,NA,NA,NA,4,4,4,NA,NA,I don't know what fusion energy is,4,1,0,0,5,4,NA,50,50,50,50,3,3,3,5,4,4,2,7,8,4,2,3,4,2,2,4,3,0,4,4,4,4,4,4,4,4,4,4,4,4,4,4,5,4,4,4,3,1,5,NA,10,4,3,NA,10,Lawrence Livermore National Laboratory,Some high school or less,Female,"Less than $15,000",Metropolitan,White,No,Republican,NA,I did not vote,NA,South,Florida,Female,50-64,HS or less,White,South,Metropolitan,"< $50,000",Republican,3rd or didn't vote,1.615357260798427
R_7kCmiqMskGta4aV,2025-03-21T16:28:27Z,2025-03-21T16:44:36Z,1,21,22,49464,6,6,9,7,7,Combination,3,New,3,Uncertain,2,2,NA,NA,NA,NA,NA,NA,NA,NA,NA,NA,NA,NA,NA,5,4,4,NA,NA,I don't fully know the risks and how it will impact the local community.,2,1,1,0,5,5,NA,35,65,15,85,8,7,7,8,7,4,4,7,6,5,7,6,5,5,4,6,6,3,5,4,3,4,4,3,3,3,5,3,4,4,3,4,4,4,4,5,2,1,8,NA,10,2,3,NA,50,US national laboratories for energy and security,"Some college, no degree",Female,"$50,000 to under $75,000",Metropolitan,Asian or Asian-American,No,Other or none,Neither,I voted,Kamala Harris,Midwest,Michigan,Female,18-29,Some college/2-yr degree,Other,Midwest,Metropolitan,"> $50,000",Independent,Kamala Harris,0.6785417426512289
R_32aRoK9okHhGfAC,2025-03-19T23:34:40Z,2025-03-19T23:50:19Z,1,69,9,32976,8,10,10,7,7,Put together,4,Future,4,Green,4,0,NA,NA,NA,NA,NA,NA,NA,NA,NA,NA,NA,NA,NA,3,3,1,Scared of the fallout of this project,NA,NA,6,1,0,0,2,4,NA,80,20,30,70,4,5,3,5,10,10,10,10,5,6,6,5,4,0,5,5,4,0,4,4,3,3,5,3,5,4,3,4,4,5,4,4,6,6,3,3,2,0,NA,5,7,7,3,Not at this time,10,US national laboratories for energy and security,High school graduate or GED,Female,"Less than $15,000",Metropolitan,White,No,Republican,NA,I voted,Donald Trump,South,Florida,Female,65+,HS or less,White,South,Metropolitan,"< $50,000",Republican,Donald Trump,0.7859591462416268
R_6n6mobc9LBqx06V,2025-03-20T12:00:24Z,2025-03-20T12:13:49Z,1,62,14,46241,6,8,8,8,5,Nuclear,2,Combining,2,Accidental disasters,2,0,NA,NA,NA,NA,NA,NA,NA,NA,NA,NA,NA,NA,NA,2,2,1,I don't want to be around any kind of that unpredictable nuclear power,NA,NA,6,0,0,0,4,NA,1,0,100,0,100,1,1,1,1,1,1,1,1,0,1,2,1,1,1,1,1,1,0,7,5,7,7,7,7,7,7,7,7,7,7,7,7,7,7,7,7,5,0,NA,5,4,4,0,I don't  trust the science behind it.,50,Lawrence Livermore National Laboratory,High school graduate or GED,Female,"Less than $15,000",Metropolitan,White,No,Other or none,Neither,I did not vote,NA,Midwest,Indiana,Female,50-64,HS or less,White,Midwest,Metropolitan,"< $50,000",Independent,3rd or didn't vote,1.4971678322846647
R_1ZTVg0PCX6XAHFe,2025-03-23T02:44:37Z,2025-03-23T02:48:47Z,1,20,13,60641,5,5,6,7,6,something about energy being fused together with something else.,3,energy,5,fusion,4,0,NA,NA,NA,NA,NA,NA,NA,NA,NA,NA,NA,NA,NA,4,5,5,NA,NA,I feel as if it isn't either a good or bad thing.,2,1,1,2,2,NA,4,25,75,10,90,7,6,6,7,6,8,7,6,5,6,6,7,6,7,6,6,7,6,5,6,4,5,5,5,5,5,4,6,6,6,4,4,5,4,5,4,3,0,NA,6,6,4,5,NA,10,Lawrence Livermore National Laboratory,High school graduate or GED,Female,"$50,000 to under $75,000",Metropolitan,Pacific Islander,Yes,Democrat,NA,I voted,Kamala Harris,Midwest,Illinois,Female,18-29,HS or less,Hispanic,Midwest,Metropolitan,"> $50,000",Democrat,Kamala Harris,0.8729211549834569
R_3IuPclfuc9WV0U0,2025-03-20T19:02:59Z,2025-03-20T19:39:16Z,1,56,5,90805,7,5,8,5,5,Question,3,Welding,3,Unknown,3,0,NA,NA,NA,NA,NA,NA,NA,NA,NA,NA,NA,NA,NA,4,7,7,NA,"First of all it does not produce pollution. Secondly, it seems like once we can harness it it can be limitless.",NA,3,1,1,0,3,NA,6,50,50,50,50,10,10,10,10,5,5,7,7,0,7,8,5,7,7,7,7,5,6,4,4,4,4,4,4,4,5,5,4,4,5,4,3,4,4,5,5,1,1,5,NA,5,4,7,I don't I do not understand it enough to have an opinion or say anything about it,10,Lawrence Livermore National Laboratory,"Some college, no degree",Male,"Less than $15,000",Metropolitan,White,No,Other or none,The Republican Party,I voted,Donald Trump,West,California,Male,50-64,Some college/2-yr degree,White,West,Metropolitan,"< $50,000",Independent,Donald Trump,0.595424024942015
R_6fe3z9rQsdm1cjx,2025-03-20T14:13:46Z,2025-03-20T19:48:51Z,1,45,5,92130,6,6,9,8,7,Nuclear,3,Harmful,2,Mass,4,1,0,0,0,1,0,0,0,1,0,0,NA,6,3,4,4,3,NA,NA,I am Afraid of the radiation and its impact to health,4,1,1,0,3,4,NA,60,40,20,80,8,8,8,8,6,7,4,9,3,8,7,4,9,4,6,7,6,5,2,5,3,3,6,3,1,3,5,6,2,4,3,1,6,6,4,5,2,1,9,NA,9,3,3,NA,10,Lawrence Livermore National Laboratory,Post-graduate degree,Female,"$100,000 to under $150,000",Metropolitan,Asian or Asian-American,No,Democrat,NA,I voted,Kamala Harris,West,California,Female,30-49,4-yr/post-graduate degree,Other,West,Metropolitan,"> $50,000",Democrat,Kamala Harris,0.6559798611612474
R_3qfSUHkqDppJwGt,2025-03-18T22:26:04Z,2025-03-18T22:41:31Z,1,44,30,08876,4,7,5,6,4,Science,3,Nuclear energy,3,Powerful,2,0,NA,NA,NA,NA,NA,NA,NA,NA,NA,NA,NA,NA,NA,4,5,5,NA,NA,It is very intriguing but I am concerned about such a powerful force being corrupted.,2,0,0,0,2,4,NA,50,50,50,50,7,7,10,6,4,5,5,6,4,3,0,3,1,5,5,6,6,3,5,4,4,3,5,4,6,5,5,3,4,5,6,4,7,6,1,1,3,0,NA,10,10,2,3,Nothing right nowadays,50,US national laboratories for energy and security,2-year or associate degree,Male,"$15,000 to under $50,000",Metropolitan,White,No,Democrat,NA,I voted,Kamala Harris,Northeast,New Jersey,Male,30-49,Some college/2-yr degree,White,Northeast,Metropolitan,"< $50,000",Democrat,Kamala Harris,0.5638397829798765
R_3LVE5N37PQHz3Wx,2025-03-19T02:06:42Z,2025-03-19T02:23:12Z,1,57,5,92115,0,8,8,8,4,propulson,3,science,3,cool,3,1,0,0,0,1,0,0,0,1,0,0,NA,3,1,4,5,4,NA,NA,i will be long dead before ay thing like this happens.,6,0,1,3,5,NA,4,60,40,30,70,9,9,9,9,9,9,9,9,0,7,5,7,7,2,7,7,7,3,4,4,4,4,4,4,4,4,1,4,7,4,4,1,7,4,4,7,2,1,10,NA,8,4,3,nothing to add to this survey,10,Lawrence Livermore National Laboratory,4-year or bachelor degree,Male,"More than $200,000",Metropolitan,Black or African-American,No,Democrat,NA,I voted,Kamala Harris,West,California,Male,50-64,4-yr/post-graduate degree,Black,West,Metropolitan,"> $50,000",Democrat,Kamala Harris,0.6884462570118396
R_3kth9kM8jldcG4V,2025-03-18T20:48:15Z,2025-03-18T21:23:03Z,1,47,35,44030,9,7,8,8,7,New,4,Innovative,4,Revolutionary,4,1,0,0,0,0,0,1,0,0,0,0,NA,5,2,4,7,7,NA,Its a new sustainable  way to provide energy,NA,2,1,1,2,2,NA,7,50,50,50,50,9,10,10,10,5,6,5,5,10,7,6,5,7,5,8,10,8,5,4,5,5,4,7,5,5,4,7,4,5,5,4,1,4,5,4,5,2,1,5,NA,5,5,5,Its a good and viable sustainable energy alternative,50,Lawrence Livermore National Laboratory,"Some college, no degree",Male,"$50,000 to under $75,000",Non-metro,Black or African-American,No,Republican,NA,I voted,Donald Trump,Midwest,Ohio,Male,30-49,Some college/2-yr degree,Black,Midwest,Non-metro,"> $50,000",Republican,Donald Trump,0.8869432980908256
R_1V8SoMz3ULqq1z7,2025-03-19T18:17:35Z,2025-03-21T16:17:56Z,1,62,10,30297,7,10,7,9,10,NA,NA,NA,NA,NA,NA,0,NA,NA,NA,NA,NA,NA,NA,NA,NA,NA,NA,NA,NA,NA,4,4,NA,NA,I don't know anything about it yet,NA,NA,NA,0,5,NA,NA,50,50,50,50,5,5,5,5,5,5,5,5,5,5,5,5,NA,10,5,NA,5,NA,5,5,5,5,5,5,5,5,5,NA,NA,NA,NA,NA,NA,NA,NA,NA,3,NA,NA,NA,5,NA,5,NA,10,Lawrence Livermore National Laboratory,High school graduate or GED,Female,"Less than $15,000",Metropolitan,Black or African-American,No,Other or none,Neither,I voted,Someone else,South,Georgia,Female,50-64,HS or less,Black,South,Metropolitan,"< $50,000",Independent,3rd or didn't vote,1.343915671721055
R_5vu6ra2Hn82BXyN,2025-03-20T01:19:22Z,2025-03-20T01:42:27Z,1,68,1,35205,7,7,10,6,8,Clean,3,Scientific,3,Future,3,0,NA,NA,NA,NA,NA,NA,NA,NA,NA,NA,NA,NA,NA,4,5,4,NA,NA,I don’t know enough about this subject to answer responsibly,3,1,1,0,2,4,NA,50,50,25,75,7,7,6,8,8,8,7,7,4,8,8,7,7,7,7,6,8,3,5,4,4,4,5,3,5,3,2,5,4,3,4,4,6,4,5,2,2,1,7,NA,7,2,4,I will try to educate myself more on this subject,10,Lawrence Livermore National Laboratory,4-year or bachelor degree,Female,"$15,000 to under $50,000",Metropolitan,White,No,Democrat,NA,I voted,Kamala Harris,South,Alabama,Female,65+,4-yr/post-graduate degree,White,South,Metropolitan,"< $50,000",Democrat,Kamala Harris,0.707422459387809
R_5SbYfJQdg2Zjyvf,2025-03-21T01:06:13Z,2025-03-21T01:15:20Z,1,59,3,85629,10,10,10,10,10,confusion,3,unknown,3,experiment,3,0,NA,NA,NA,NA,NA,NA,NA,NA,NA,NA,NA,NA,NA,2,2,1,I don't think that there is enough research on it yet and would not want it near my house or community until much more studying and research is done and proven to be safe.,NA,NA,4,1,0,0,2,NA,4,100,0,15,85,6,6,4,6,10,10,10,10,5,8,0,0,8,0,9,4,9,0,1,1,4,4,1,1,2,1,4,7,1,4,4,1,7,7,7,4,3,1,7,NA,9,3,6,nothing comes to mind,10,Lawrence Livermore National Laboratory,2-year or associate degree,Female,"$100,000 to under $150,000",Metropolitan,White,No,Democrat,NA,I voted,Kamala Harris,West,Arizona,Female,50-64,Some college/2-yr degree,White,West,Metropolitan,"> $50,000",Democrat,Kamala Harris,0.6067877881372947
R_7n3dqT8HrpZ9IKL,2025-03-19T18:54:54Z,2025-03-19T19:07:28Z,1,73,25,63129,7,3,5,7,5,Efficient effective relative,4,Reliable,4,Helpful,4,1,1,0,0,0,0,0,0,0,0,0,NA,5,2,5,5,3,NA,NA,Plenty of open land to avoid close proximity,2,1,1,0,3,NA,5,70,30,40,60,6,6,6,6,6,7,7,8,9,8,8,8,7,3,8,8,9,8,5,3,4,4,3,5,4,5,4,4,6,4,4,6,4,4,4,5,2,0,NA,7,4,6,7,Interesting topic. I will read up on it some more,10,US national laboratories for energy and security,Post-graduate degree,Male,"$75,000 to under $100,000",Metropolitan,White,No,Independent,The Republican Party,I voted,Donald Trump,Midwest,Missouri,Male,65+,4-yr/post-graduate degree,White,Midwest,Metropolitan,"> $50,000",Independent,Donald Trump,0.9617501573177266
R_7UtWL63LI8zEBeF,2025-03-19T18:56:07Z,2025-03-19T19:08:43Z,1,66,4,72947,10,10,10,10,10,"different, confusing, unrelatable",3,i dont have either because i dont know what it is,3,i have neither,3,0,NA,NA,NA,NA,NA,NA,NA,NA,NA,NA,NA,NA,NA,4,4,4,NA,NA,i would have to know the potential harm of it before making a decision,3,1,1,0,4,4,NA,40,60,60,40,10,10,10,10,1,1,1,1,10,6,8,8,9,8,7,8,9,6,1,4,4,4,7,1,4,4,7,7,4,4,4,4,7,4,4,1,3,1,10,NA,10,4,6,i have no thoughts at this time,50,US national laboratories for energy and security,High school graduate or GED,Female,"$15,000 to under $50,000",Metropolitan,White,No,Democrat,NA,I voted,Kamala Harris,South,Arkansas,Female,65+,HS or less,White,South,Metropolitan,"< $50,000",Democrat,Kamala Harris,0.6187885264125149
R_51zNsn0mNTWTs7o,2025-03-19T16:44:22Z,2025-03-19T16:49:09Z,1,29,42,38107,8,6,7,7,6,Combination of energies,3,Nothing,3,Nothing,3,0,NA,NA,NA,NA,NA,NA,NA,NA,NA,NA,NA,NA,NA,4,4,4,NA,NA,I’m not sold on it yet,3,1,1,4,5,NA,4,50,50,50,50,6,5,7,6,7,6,5,6,5,6,6,5,6,6,4,6,6,7,4,4,4,4,4,4,4,4,4,4,4,4,4,4,4,4,4,4,3,1,4,NA,5,4,5,No,50,US national laboratories for energy and security,"Some college, no degree",Male,"$50,000 to under $75,000",Metropolitan,Black or African-American,No,Democrat,NA,I voted,Someone else,South,Tennessee,Male,18-29,Some college/2-yr degree,Black,South,Metropolitan,"> $50,000",Democrat,3rd or didn't vote,2.0737365996544304
R_72DeX2kMFQ0JLtK,2025-03-18T20:41:53Z,2025-03-18T20:48:39Z,1,49,40,29625,5,5,5,5,5,Environment,3,Nothing,3,Nothing,3,0,NA,NA,NA,NA,NA,NA,NA,NA,NA,NA,NA,NA,NA,4,3,4,NA,NA,No,3,0,0,0,5,NA,4,95,5,50,50,5,5,5,5,5,5,5,5,5,5,5,5,5,5,5,5,5,5,4,4,4,4,4,4,4,4,4,4,4,4,4,4,4,4,4,4,3,0,NA,5,5,4,5,No,10,US national laboratories for energy and security,High school graduate or GED,Male,"Less than $15,000",NA,White,No,Independent,Neither,I voted,Kamala Harris,NA,South Carolina,Male,30-49,HS or less,White,South,Metropolitan,"< $50,000",Independent,Kamala Harris,0.47653462354138926
R_73TNHjRVPdFl1Tf,2025-03-18T20:53:29Z,2025-03-18T21:10:47Z,1,59,13,60634,7,10,10,7,9,reactors,2,innovative,4,technical,3,1,0,0,0,0,0,0,0,1,0,0,NA,1,1,5,4,2,I don't know what the health risks are. I don't want my property value to go down either.,NA,NA,3,1,1,0,3,5,NA,75,25,50,50,10,8,9,7,3,1,1,3,6,8,8,5,7,5,3,8,7,4,5,6,4,4,7,1,3,2,6,4,3,4,4,3,7,3,7,4,4,1,10,NA,10,2,0,It's high tech and has a lot of potential as long as it is safe,50,Lawrence Livermore National Laboratory,4-year or bachelor degree,Female,"$75,000 to under $100,000",Metropolitan,White,No,Democrat,NA,I voted,Kamala Harris,Midwest,Illinois,Female,50-64,4-yr/post-graduate degree,White,Midwest,Metropolitan,"> $50,000",Democrat,Kamala Harris,0.7350203139189642
R_3DMZW7ckVk8ntDR,2025-03-19T02:01:41Z,2025-03-19T02:05:41Z,1,42,35,43613,4,4,5,4,5,I don't know,3,Don't,3,World,3,0,NA,NA,NA,NA,NA,NA,NA,NA,NA,NA,NA,NA,NA,5,5,5,NA,NA,From heaven movie to the Bahamas,6,0,0,4,5,4,NA,100,0,20,80,6,6,6,6,6,6,6,6,6,6,6,6,6,6,6,6,6,5,4,4,4,4,4,4,4,4,5,4,4,4,4,4,4,4,4,4,3,1,6,NA,6,4,6,Na,50,Lawrence Livermore National Laboratory,High school graduate or GED,Female,"Less than $15,000",Metropolitan,Asian or Asian-American,No,Other or none,Neither,I did not vote,NA,Midwest,Ohio,Female,30-49,HS or less,Other,Midwest,Metropolitan,"< $50,000",Independent,3rd or didn't vote,1.4881050800160616
R_6s0JTey7H2DrSjB,2025-03-18T20:01:58Z,2025-03-18T20:13:51Z,1,68,22,49236,9,10,10,8,4,I don’t know what that is,3,None,3,None,3,2,NA,NA,NA,NA,NA,NA,NA,NA,NA,NA,NA,NA,NA,4,4,4,NA,NA,Sounds like a great way to make energy but could be dangerous,3,1,1,0,3,NA,4,50,50,25,75,10,10,10,10,10,10,10,7,8,5,5,6,8,5,8,8,5,0,3,7,4,4,4,4,3,4,7,3,4,4,4,3,5,4,4,7,3,0,NA,3,5,7,5,No,50,Lawrence Livermore National Laboratory,High school graduate or GED,Female,"$15,000 to under $50,000",Non-metro,White,No,Republican,NA,I voted,Donald Trump,Midwest,Michigan,Female,65+,HS or less,White,Midwest,Non-metro,"< $50,000",Republican,Donald Trump,0.8730235621984667
R_52yCY4Y4c1TOR45,2025-03-19T16:07:33Z,2025-03-19T16:26:09Z,1,55,32,14617,7,8,9,9,7,No clue,3,Unknown,3,Im lost,3,0,NA,NA,NA,NA,NA,NA,NA,NA,NA,NA,NA,NA,NA,5,5,5,NA,NA,Im not sure of the risks but the idea sounds good.,3,1,1,0,2,5,NA,50,50,65,35,9,10,10,10,8,9,5,6,7,8,9,8,9,6,9,7,9,5,4,5,3,4,7,2,4,4,7,5,4,4,5,1,7,3,4,7,2,1,8,NA,8,2,2,I.learned a lot today.,10,US national laboratories for energy and security,4-year or bachelor degree,Male,"$100,000 to under $150,000",Metropolitan,White,No,Democrat,NA,I voted,Kamala Harris,Northeast,New York,Male,50-64,4-yr/post-graduate degree,White,Northeast,Metropolitan,"> $50,000",Democrat,Kamala Harris,0.6833894146796434
R_6wFw8j2y7qkJNSg,2025-03-24T03:37:44Z,2025-03-24T04:02:40Z,1,56,49,54452,6,6,8,6,9,Unknown,3,Experimental,3,New,3,0,NA,NA,NA,NA,NA,NA,NA,NA,NA,NA,NA,NA,NA,5,5,3,NA,NA,Do not know anything about this process.,3,1,1,0,3,NA,6,40,60,40,60,8,9,7,6,8,8,7,8,7,5,7,5,6,6,5,6,5,6,3,4,3,4,5,3,4,4,5,4,4,4,4,3,5,4,4,4,2,1,7,NA,8,4,4,Worth further investigation.,10,Lawrence Livermore National Laboratory,High school graduate or GED,Female,"$75,000 to under $100,000",Non-metro,White,No,Republican,NA,I was not registered to vote,NA,Midwest,Wisconsin,Female,50-64,HS or less,White,Midwest,Non-metro,"> $50,000",Republican,3rd or didn't vote,1.9961205983941535
R_71ZUUXW7yxm9tSh,2025-03-18T23:05:25Z,2025-03-18T23:11:11Z,1,65,40,29410,10,5,10,10,5,Not sure,4,Not sure,3,Not sure,3,0,NA,NA,NA,NA,NA,NA,NA,NA,NA,NA,NA,NA,NA,4,4,4,NA,NA,Never heard of it,2,0,0,4,5,NA,4,50,50,50,50,5,5,5,5,5,5,5,5,5,5,5,5,5,5,5,5,5,5,6,6,6,6,5,6,6,6,6,6,6,6,6,6,6,6,6,6,3,1,5,NA,5,4,5,Not sure,50,Lawrence Livermore National Laboratory,"Some college, no degree",Male,"$50,000 to under $75,000",Metropolitan,White,Yes,Independent,The Republican Party,I voted,Donald Trump,South,South Carolina,Male,65+,Some college/2-yr degree,Hispanic,South,Metropolitan,"> $50,000",Independent,Donald Trump,0.947176987580138
R_32b5XYukJSGiiI2,2025-03-19T15:57:10Z,2025-03-19T16:11:03Z,1,67,49,54456,7,10,7,6,6,Gas,3,NA,3,NA,3,0,NA,NA,NA,NA,NA,NA,NA,NA,NA,NA,NA,NA,NA,4,5,6,NA,NA,N/A,4,1,1,0,3,5,NA,25,75,75,25,9,10,9,9,7,6,7,7,9,8,5,6,7,5,8,8,8,5,4,4,5,5,4,4,4,5,5,5,5,4,5,4,5,5,5,4,2,1,6,NA,5,4,3,NA,10,Lawrence Livermore National Laboratory,"Some college, no degree",Male,"$15,000 to under $50,000",Non-metro,White,No,Independent,The Democratic Party,I voted,Kamala Harris,Midwest,Wisconsin,Male,65+,Some college/2-yr degree,White,Midwest,Non-metro,"< $50,000",Independent,Kamala Harris,0.6680015385034066
R_1tFK4wva6wtIAmO,2025-03-21T01:05:50Z,2025-03-21T01:17:48Z,1,27,10,30680,6,9,10,7,9,Good,4,Enjoyable,4,NA,1,0,NA,NA,NA,NA,NA,NA,NA,NA,NA,NA,NA,NA,NA,7,7,6,NA,I feel like energy drinks are popular and many people are into the idea of drinking it mostly when exercising and if people work they take it,NA,1,1,1,0,5,5,NA,10,90,100,0,9,8,8,7,9,8,9,7,8,9,8,8,8,8,8,7,8,9,6,6,6,6,6,5,6,6,6,6,6,6,6,7,6,6,2,6,2,1,9,NA,9,3,8,NA,50,Lawrence Livermore National Laboratory,High school graduate or GED,Female,"Less than $15,000",Metropolitan,White,Yes,Democrat,NA,I did not vote,NA,South,Georgia,Female,18-29,HS or less,Hispanic,South,Metropolitan,"< $50,000",Democrat,3rd or didn't vote,2.0386452748660475
R_3pnC2L3IIgdldGQ,2025-03-19T18:30:58Z,2025-03-19T18:50:48Z,1,22,5,95820,5,6,8,7,8,unsure,3,Don't know what it is,3,NA,NA,0,NA,NA,NA,NA,NA,NA,NA,NA,NA,NA,NA,NA,NA,4,5,3,NA,NA,I'm unsure of the safety of a facility to be near my home. I have also never heard of fusion energy before today. I would need more information,3,1,1,0,1,NA,5,20,80,50,50,9,9,6,8,7,7,8,8,7,9,8,8,9,8,9,9,9,7,4,5,5,4,6,2,5,4,6,4,4,4,4,5,3,4,4,6,2,1,8,NA,8,6,5,"It sounds interesting, but I would need more information as it progresses",10,Lawrence Livermore National Laboratory,"Some college, no degree",Female,"$15,000 to under $50,000",Metropolitan,White,No,Republican,NA,I voted,Donald Trump,West,California,Female,18-29,Some college/2-yr degree,White,West,Metropolitan,"< $50,000",Republican,Donald Trump,0.7844146211359764
R_38V7RTlgS6tkrKh,2025-03-19T03:23:25Z,2025-03-19T03:40:13Z,1,57,37,97214,9,7,8,8,8,Expensive,3,Costly,3,Special,3,0,NA,NA,NA,NA,NA,NA,NA,NA,NA,NA,NA,NA,NA,3,4,3,NA,NA,Confusion about how it works and costs,2,1,1,0,5,5,NA,20,80,50,50,7,8,7,6,7,8,8,8,5,3,2,4,5,6,5,1,3,3,3,2,5,5,4,4,3,3,2,3,3,2,3,2,3,3,3,2,3,1,8,NA,8,4,2,Not really sure about it,50,Lawrence Livermore National Laboratory,High school graduate or GED,Female,"Less than $15,000",Metropolitan,White,No,Democrat,NA,I voted,Kamala Harris,West,Oregon,Female,50-64,HS or less,White,West,Metropolitan,"< $50,000",Democrat,Kamala Harris,0.5189178477290228
R_7luDRMDPD4QC1vI,2025-03-22T23:54:15Z,2025-03-23T00:09:44Z,1,23,25,64055,6,5,7,6,6,complicated,3,interesting,4,confusing,3,0,NA,NA,NA,NA,NA,NA,NA,NA,NA,NA,NA,NA,NA,5,4,4,NA,NA,I would need to know more about the safety of it,3,1,1,0,5,4,NA,65,35,25,75,10,10,10,8,8,8,10,5,2,10,10,7,8,8,8,6,10,4,4,4,4,5,4,3,4,4,6,4,4,4,4,4,7,4,4,3,2,1,7,NA,6,1,3,NA,10,Lawrence Livermore National Laboratory,High school graduate or GED,Female,"$100,000 to under $150,000",Metropolitan,White,No,Democrat,NA,I voted,Kamala Harris,Midwest,Missouri,Female,18-29,HS or less,White,Midwest,Metropolitan,"> $50,000",Democrat,Kamala Harris,0.7279575828816545
R_3YEYUNffKuvLFSy,2025-03-18T19:26:28Z,2025-03-18T19:30:26Z,1,36,5,95112,5,5,6,6,4,Nuclear,2,Atomic,2,Fusion,2,1,0,0,0,0,1,1,0,0,0,0,NA,0,4,1,1,1,If something goes wrong I will get impacted by the radiation,NA,NA,3,1,0,0,5,NA,4,0,100,50,50,5,5,5,6,5,5,5,5,5,5,5,4,6,5,5,5,5,5,4,5,4,5,4,4,4,4,4,4,4,4,4,4,4,4,4,4,2,1,6,NA,6,4,4,I feel the atomic bomb used nuclear energy,10,US national laboratories for energy and security,4-year or bachelor degree,Male,"$50,000 to under $75,000",Metropolitan,Asian or Asian-American,No,Democrat,NA,I voted,Kamala Harris,West,California,Male,30-49,4-yr/post-graduate degree,Other,West,Metropolitan,"> $50,000",Democrat,Kamala Harris,0.6809608036309759
R_7cdyFrXBuFcSWxE,2025-03-18T19:17:57Z,2025-03-18T19:21:58Z,1,53,43,76140,8,9,10,9,9,Interesting,3,Positive,4,Wondering,3,0,NA,NA,NA,NA,NA,NA,NA,NA,NA,NA,NA,NA,NA,3,5,1,Not sure of all the details,NA,NA,3,0,1,2,2,NA,3,40,60,25,75,5,8,5,8,6,4,8,3,5,7,2,7,6,6,5,4,4,6,3,3,3,3,4,3,1,3,1,2,2,3,3,3,2,4,1,2,2,0,NA,4,6,5,3,Not really,50,US national laboratories for energy and security,High school graduate or GED,Male,"$50,000 to under $75,000",Metropolitan,White,No,Republican,NA,I voted,Donald Trump,South,Texas,Male,50-64,HS or less,White,South,Metropolitan,"> $50,000",Republican,Donald Trump,0.7572557310106011
R_7y8FyGrWoXUu4N1,2025-03-20T22:51:28Z,2025-03-20T22:56:58Z,1,64,22,48843,10,8,9,7,2,no idea,3,still nothing,3,no idea,3,0,NA,NA,NA,NA,NA,NA,NA,NA,NA,NA,NA,NA,NA,5,5,6,NA,NA,I don't know enough about it and how much it would cost.,3,1,1,0,3,5,NA,65,35,40,60,6,6,5,7,7,6,5,6,9,6,4,8,7,0,9,7,7,0,4,4,4,4,7,4,4,4,6,5,5,6,5,2,6,5,5,4,2,0,NA,8,5,4,2,Nope,50,US national laboratories for energy and security,Post-graduate degree,Male,"$150,000 to under $200,000",Metropolitan,White,No,Independent,The Republican Party,I voted,Donald Trump,Midwest,Michigan,Male,50-64,4-yr/post-graduate degree,White,Midwest,Metropolitan,"> $50,000",Independent,Donald Trump,0.8023817819388723
R_1X6RwKrdr9xYbl9,2025-03-18T21:15:08Z,2025-03-18T21:28:05Z,1,73,42,37752,7,4,2,3,1,Radiation,3,Good,4,Accident,2,1,1,0,1,1,1,0,1,1,0,0,NA,3,2,4,5,4,NA,NA,"I want it, but I have some reservations'.",2,1,1,0,3,5,NA,100,0,50,50,4,6,4,4,8,6,6,6,8,6,8,6,7,8,8,7,7,4,4,4,5,5,4,5,5,6,2,3,4,5,5,5,5,5,5,4,1,0,NA,2,2,7,5,I believe in the long run it will be our best source.,50,Lawrence Livermore National Laboratory,High school graduate or GED,Male,"$50,000 to under $75,000",Non-metro,White,No,Republican,NA,I voted,Donald Trump,South,Tennessee,Male,65+,HS or less,White,South,Non-metro,"> $50,000",Republican,Donald Trump,0.9006172454217022
R_3EyeR8EEAf6HkOv,2025-03-19T16:07:54Z,2025-03-19T16:13:43Z,1,50,35,43110,9,9,9,9,9,Efficient,5,Effective,5,Clean,5,1,1,0,0,0,0,0,0,0,0,0,NA,9,3,7,7,7,NA,Making energy more affordable,NA,2,1,1,NA,3,NA,4,50,50,50,50,10,10,10,10,10,10,10,10,9,10,9,9,9,9,9,9,9,9,4,4,4,4,4,4,4,4,5,4,4,4,5,4,4,4,4,4,3,0,NA,9,0,7,0,Nothing comes to mind,10,Lawrence Livermore National Laboratory,4-year or bachelor degree,Male,"$50,000 to under $75,000",Metropolitan,White,No,Republican,NA,I voted,Donald Trump,Midwest,Ohio,Male,50-64,4-yr/post-graduate degree,White,Midwest,Metropolitan,"> $50,000",Republican,Donald Trump,0.9691447995256264
R_3DtC2zuCC0C0pEP,2025-03-21T04:21:51Z,2025-03-21T04:27:57Z,1,50,42,37923,10,8,7,9,6,long term fuel,3,more fuel,4,unsure,3,0,NA,NA,NA,NA,NA,NA,NA,NA,NA,NA,NA,NA,NA,4,5,1,"don't want the facility to blow up near my condo, it's the only place i live",NA,NA,3,1,1,0,5,NA,6,75,25,90,10,6,7,9,6,8,8,9,9,6,6,8,8,9,6,7,8,7,8,5,4,2,7,3,4,5,4,6,3,2,5,4,5,3,3,5,6,2,0,NA,8,7,7,4,not right now,10,Lawrence Livermore National Laboratory,4-year or bachelor degree,Male,"Less than $15,000",Metropolitan,White,No,Republican,NA,I voted,Donald Trump,South,Tennessee,Male,50-64,4-yr/post-graduate degree,White,South,Metropolitan,"< $50,000",Republican,Donald Trump,0.7781923639253263
R_76kV4TQE4gIM304,2025-03-19T16:44:04Z,2025-03-19T17:06:01Z,1,65,32,14810,7,9,10,8,9,What is it,3,Nuclear,2,Electricity,4,0,NA,NA,NA,NA,NA,NA,NA,NA,NA,NA,NA,NA,NA,3,3,2,It’s still in sort of a trial stage. I don’t like the idea of power plants in my rural area. We already have an electric company using our state to tryout a new meter and it’s been very confusing for the people that are affected by it. When something already works why change it to something that is not proven yet to be a better option.,NA,NA,2,1,0,0,4,2,NA,50,50,0,100,8,2,6,1,10,8,10,10,0,0,9,6,7,9,0,0,7,0,1,4,2,4,4,1,1,4,7,7,4,7,4,4,7,7,4,7,4,0,NA,1,5,4,0,Right now after learning about fusion energy is concerning to me. It seems like they don’t know how it would affect us and usually it all comes down to how much money they could make off it.,10,US national laboratories for energy and security,High school graduate or GED,Female,"$15,000 to under $50,000",Non-metro,White,No,Other or none,The Republican Party,I voted,Donald Trump,Northeast,New York,Female,65+,HS or less,White,Northeast,Non-metro,"< $50,000",Independent,Donald Trump,0.6473745954458202
R_7FFXkhkGSZkP4H4,2025-03-18T20:12:49Z,2025-03-18T20:24:03Z,1,44,10,31516,3,9,5,5,10,Merge,4,Energy,4,Together,5,0,NA,NA,NA,NA,NA,NA,NA,NA,NA,NA,NA,NA,NA,7,4,7,NA,NA,I wouldn't mind it if it was good for the environment eventually but I will be afraid of what kind of side effects living close to it would be so I'm not sure about it,2,1,1,0,1,NA,6,100,0,40,60,10,4,4,10,5,10,5,10,9,6,8,9,9,10,5,6,9,0,5,4,6,4,4,2,5,4,7,5,4,5,4,4,1,4,6,7,4,1,5,NA,10,2,0,No,50,US national laboratories for energy and security,"Some college, no degree",Male,"$15,000 to under $50,000",Non-metro,White,No,Republican,NA,I voted,Donald Trump,South,Georgia,Male,30-49,Some college/2-yr degree,White,South,Non-metro,"< $50,000",Republican,Donald Trump,0.708733744896355
R_3IufJMZDp7cevbX,2025-03-20T13:59:55Z,2025-03-20T14:04:43Z,1,54,1,35147,5,5,3,6,3,Nothing,3,Nothing,3,Nothing,3,0,NA,NA,NA,NA,NA,NA,NA,NA,NA,NA,NA,NA,NA,4,4,4,NA,NA,I really don’t know,6,0,0,0,5,NA,4,99,1,50,50,6,6,6,6,6,6,6,6,3,5,5,5,5,5,5,5,5,5,4,4,4,4,4,4,4,4,4,4,4,4,4,4,4,4,4,4,3,0,NA,4,5,4,5,NA,10,Lawrence Livermore National Laboratory,High school graduate or GED,Female,"$100,000 to under $150,000",Metropolitan,White,No,Republican,NA,I was not registered to vote,NA,South,Alabama,Female,50-64,HS or less,White,South,Metropolitan,"> $50,000",Republican,3rd or didn't vote,1.797052575944726
R_7pNHkkfuVJxWyhb,2025-03-18T19:28:15Z,2025-03-18T19:37:37Z,1,63,46,22302,8,7,7,8,0,Nuclear,2,Sustainable,4,Renewable,3,2,NA,NA,NA,NA,NA,NA,NA,NA,NA,NA,NA,NA,NA,3,3,2,"Concerned about the contamination fusion energy can cause to the surrounding area, especially during an emergency release.",NA,NA,3,1,0,4,5,4,NA,100,0,0,100,3,5,3,3,10,10,10,10,0,3,5,5,6,0,1,6,2,0,4,4,1,4,1,1,4,1,1,4,4,7,4,7,7,5,7,7,3,0,NA,8,2,4,5,NA,50,Lawrence Livermore National Laboratory,"Some college, no degree",Female,"$15,000 to under $50,000",Metropolitan,White,No,Independent,The Republican Party,I voted,Donald Trump,South,Virginia,Female,50-64,Some college/2-yr degree,White,South,Metropolitan,"< $50,000",Independent,Donald Trump,0.570633394770817
R_6hS45kKKsvVjVvj,2025-03-18T20:05:25Z,2025-03-18T20:18:11Z,1,51,9,33311,9,10,10,10,7,pollution reduce,3,better air,5,life,3,0,NA,NA,NA,NA,NA,NA,NA,NA,NA,NA,NA,NA,NA,4,3,4,NA,NA,dont know alot about it yet,2,1,1,0,2,NA,4,60,40,50,50,6,6,5,5,3,6,4,1,5,7,6,7,4,5,3,7,6,6,6,4,5,2,1,4,4,2,3,1,1,7,4,4,7,4,4,2,3,1,4,NA,5,4,3,no,50,Lawrence Livermore National Laboratory,High school graduate or GED,Male,"Less than $15,000",Metropolitan,Black or African-American,No,Democrat,NA,I did not vote,NA,South,Florida,Male,50-64,HS or less,Black,South,Metropolitan,"< $50,000",Democrat,3rd or didn't vote,1.5662895313950154
R_3P3wrFsYeTrAKUp,2025-03-19T16:29:58Z,2025-03-19T16:41:02Z,1,63,42,37330,10,9,6,10,9,Cost,3,Availability,3,Effective,3,2,NA,NA,NA,NA,NA,NA,NA,NA,NA,NA,NA,NA,NA,4,4,3,NA,NA,Have to weigh the risks involved. I live in a farming community.,1,1,1,0,3,4,NA,50,50,30,70,8,8,9,9,5,7,7,3,0,6,8,6,9,9,7,8,10,3,4,6,5,5,5,2,6,6,2,5,6,4,6,5,3,4,5,2,3,0,NA,7,6,5,10,Interesting. I'm going to do my research on it.,10,US national laboratories for energy and security,4-year or bachelor degree,Female,"$100,000 to under $150,000",Non-metro,Mixed race,Yes,Republican,NA,I voted,Donald Trump,South,Tennessee,Female,50-64,4-yr/post-graduate degree,Hispanic,South,Non-metro,"> $50,000",Republican,Donald Trump,0.9922771257970787
R_3n6H0SiUrta9LLd,2025-03-19T16:47:18Z,2025-03-19T17:01:42Z,1,71,9,32340,10,9,10,9,0,Nuclear,5,Economical,5,Safe,5,1,0,0,0,0,0,0,1,0,0,0,NA,3,4,6,7,6,NA,"Cleaner, cheaper, limitless energy",NA,2,1,1,0,3,NA,7,70,30,50,50,10,10,10,10,2,2,2,2,10,5,5,5,5,0,2,5,3,0,3,5,3,3,7,1,4,3,7,2,5,5,2,1,7,6,7,1,2,0,NA,10,1,6,1,NA,50,US national laboratories for energy and security,"Some college, no degree",Male,"$100,000 to under $150,000",Non-metro,White,Yes,Republican,NA,I voted,Donald Trump,South,Florida,Male,65+,Some college/2-yr degree,Hispanic,South,Non-metro,"> $50,000",Republican,Donald Trump,1.1351551703023868
R_7DvRNSYJItKCCqt,2025-03-18T19:38:24Z,2025-03-19T01:55:28Z,1,36,21,01341,2,9,7,5,10,Clean,5,Safer,5,Futuristic,3,1,0,1,0,0,0,0,0,0,0,0,NA,5,2,6,7,5,NA,NA,I would like to see a smaller scale study on what kind of negatives there might be before really agreeing to have a full sized research facility near by.,5,1,1,0,2,5,NA,25,75,30,70,10,10,10,8,4,1,5,3,0,8,2,5,10,8,9,2,10,5,4,5,5,4,7,4,4,4,7,4,4,4,4,3,6,4,4,6,2,1,10,NA,10,3,2,No,50,US national laboratories for energy and security,4-year or bachelor degree,Female,"$75,000 to under $100,000",Non-metro,White,No,Independent,The Democratic Party,I voted,Kamala Harris,Northeast,Massachusetts,Female,30-49,4-yr/post-graduate degree,White,Northeast,Non-metro,"> $50,000",Independent,Kamala Harris,0.5808378777011404
R_3960XJLDReW8Ye8,2025-03-19T16:10:48Z,2025-03-19T16:14:45Z,1,28,9,33070,6,6,9,6,5,Sounds interesting,3,Unsure,3,Strange,3,0,NA,NA,NA,NA,NA,NA,NA,NA,NA,NA,NA,NA,NA,4,4,4,NA,NA,I don’t know much about it and the draw backs,4,0,0,0,4,4,NA,100,0,20,80,6,7,7,6,6,7,6,7,4,4,6,4,4,4,4,8,3,4,4,4,4,4,4,4,4,4,4,4,4,4,4,4,4,4,4,4,3,0,NA,6,5,5,5,I’m curious to know more in the future,10,Lawrence Livermore National Laboratory,High school graduate or GED,Female,"$75,000 to under $100,000",Metropolitan,White,No,Republican,NA,I voted,Donald Trump,South,Florida,Female,18-29,HS or less,White,South,Metropolitan,"> $50,000",Republican,Donald Trump,0.825951002458293
R_7FxVBJEKTcpG3ct,2025-03-19T15:05:51Z,2025-03-19T15:14:18Z,1,59,32,11801,8,8,9,9,9,Light,4,Nucleus,3,Future,4,1,0,0,0,1,0,0,0,0,0,0,NA,6,3,4,5,5,NA,NA,I don't think the environment is ready for this,4,1,1,0,3,4,NA,0,100,50,50,7,8,7,7,7,7,6,6,6,7,7,5,7,8,7,6,7,5,5,5,3,4,4,3,4,5,4,5,5,4,5,4,4,4,4,3,2,0,NA,6,7,4,4,Until this is invented I probably won't be here to witness this.,50,Lawrence Livermore National Laboratory,2-year or associate degree,Female,"$75,000 to under $100,000",Metropolitan,White,No,Democrat,NA,I voted,Donald Trump,Northeast,New York,Female,50-64,Some college/2-yr degree,White,Northeast,Metropolitan,"> $50,000",Democrat,Donald Trump,0.7146026219577526
R_6eRKxDldBl7sF4B,2025-03-22T12:14:52Z,2025-03-22T12:24:10Z,1,60,43,75189,10,10,10,10,8,Nuclear,4,Clean,4,Cheao,4,2,NA,NA,NA,NA,NA,NA,NA,NA,NA,NA,NA,NA,NA,7,7,5,NA,NA,Better off in rural areas.,1,1,1,0,2,NA,6,70,30,60,40,3,8,3,9,9,8,10,10,10,9,6,8,5,0,7,8,6,0,4,5,4,4,6,1,2,5,6,5,4,2,3,5,6,4,5,6,3,1,5,NA,4,6,3,NA,50,US national laboratories for energy and security,"Some college, no degree",Male,"$100,000 to under $150,000",Metropolitan,Native American or American Indian,Yes,Republican,NA,I voted,Donald Trump,South,Texas,Male,50-64,Some college/2-yr degree,Hispanic,South,Metropolitan,"> $50,000",Republican,Donald Trump,0.9544595805461172
R_6mGjCX8hkVehX3P,2025-03-18T19:52:29Z,2025-03-18T20:03:28Z,1,66,25,64864,7,6,8,6,7,Radiation,2,Waste,2,Effective,4,1,0,0,1,0,0,0,0,0,0,0,NA,5,1,4,4,4,NA,NA,Lived near nuclear power plant but don't know enough about fusion to say,3,1,1,0,3,5,NA,50,50,50,50,7,7,7,7,8,6,6,5,5,5,5,5,5,4,5,5,6,5,5,1,4,4,7,2,1,4,3,4,6,4,7,1,7,4,5,5,2,1,5,NA,6,5,0,NA,50,Lawrence Livermore National Laboratory,4-year or bachelor degree,Male,"$75,000 to under $100,000",Metropolitan,White,No,Independent,The Republican Party,I voted,Kamala Harris,Midwest,Missouri,Male,65+,4-yr/post-graduate degree,White,Midwest,Metropolitan,"> $50,000",Independent,Kamala Harris,0.81459874642719
R_1gTWJdZIIMfYg0h,2025-03-22T18:45:37Z,2025-03-22T19:02:37Z,1,41,11,96792,8,10,10,10,10,New,3,Need more info,3,Expensive,1,1,1,0,0,0,0,0,0,0,0,0,NA,0,2,1,4,1,Sounds dangerous. This would not be ideal for Hawaii.,NA,NA,5,1,0,0,1,NA,4,100,0,50,50,10,10,8,8,10,10,10,5,5,7,6,7,8,10,7,3,7,0,3,3,4,4,4,4,1,4,1,3,3,4,4,4,4,1,4,1,2,1,10,NA,10,4,0,I feel it's still a new idea and there is much more to learn about it.,50,Lawrence Livermore National Laboratory,High school graduate or GED,Female,"$50,000 to under $75,000",Metropolitan,Pacific Islander,Yes,Other or none,Neither,I voted,Someone else,West,Hawaii,Female,30-49,HS or less,Hispanic,West,Metropolitan,"> $50,000",Independent,3rd or didn't vote,1.7903168765012158
R_6rfuNZHB5EZlMZJ,2025-03-22T05:53:27Z,2025-03-22T06:11:45Z,1,52,38,16601,9,10,10,9,9,Nuclear,2,Fear of meltdown,2,Toxic,2,0,NA,NA,NA,NA,NA,NA,NA,NA,NA,NA,NA,NA,NA,7,4,3,NA,NA,I just picture the fallout from Chernobyl.,3,1,1,0,3,NA,6,50,50,50,50,7,7,7,7,6,5,4,5,10,6,5,6,5,6,5,6,5,4,4,4,4,4,4,4,4,4,5,4,4,4,4,4,4,4,4,4,2,1,9,NA,9,5,2,NA,10,US national laboratories for energy and security,High school graduate or GED,Female,"$15,000 to under $50,000",Metropolitan,White,No,Republican,NA,I voted,Kamala Harris,Northeast,Pennsylvania,Female,50-64,HS or less,White,Northeast,Metropolitan,"< $50,000",Republican,Kamala Harris,0.5568613094036391
R_5oZSBZt66Kk35Ew,2025-03-18T22:50:28Z,2025-03-18T22:57:53Z,1,40,35,45619,10,10,10,10,10,Nuclear,4,Power,3,Heat,4,1,0,0,0,0,0,0,0,0,1,0,NA,6,3,4,7,7,NA,More energy,NA,3,1,1,4,5,4,NA,50,50,60,40,10,9,10,10,10,10,10,10,10,10,10,10,10,10,10,10,10,10,4,4,5,4,4,4,4,4,4,4,4,4,4,4,4,4,4,4,1,1,10,NA,4,4,10,Great idea,10,Lawrence Livermore National Laboratory,High school graduate or GED,Male,"Less than $15,000",Metropolitan,White,No,Republican,NA,I did not vote,NA,Midwest,Ohio,Male,30-49,HS or less,White,Midwest,Metropolitan,"< $50,000",Republican,3rd or didn't vote,1.8740446386702754
R_1QYzMv75ArauhPk,2025-03-19T22:28:49Z,2025-03-20T01:47:48Z,1,68,46,22401,5,3,4,6,2,Nuclear,5,Clean,5,Smooth,5,1,0,1,0,1,0,1,0,1,0,0,NA,5,3,4,5,5,NA,NA,I'm basically going on the basis of what I know totally about fusion energy.,2,1,1,4,2,5,NA,60,40,60,40,6,7,6,8,4,3,2,4,7,7,2,4,3,1,5,2,6,0,3,6,4,6,7,4,4,4,7,5,1,4,3,1,5,3,5,1,3,0,NA,10,0,6,5,"I think that fusion energy works for the betterment of energy sources because it is a clen, smooth and effective energy type.",10,Lawrence Livermore National Laboratory,2-year or associate degree,Female,"$15,000 to under $50,000",Metropolitan,White,No,Independent,The Republican Party,I voted,Donald Trump,South,Virginia,Female,65+,Some college/2-yr degree,White,South,Metropolitan,"< $50,000",Independent,Donald Trump,0.6839721059785863
R_6CNuFperEoNwGD9,2025-03-19T17:56:57Z,2025-03-19T18:05:44Z,1,33,47,20009,5,3,8,7,5,nuclear,3,NA,NA,NA,NA,1,0,0,0,0,0,1,0,0,0,0,NA,1,4,3,4,1,Potential dangers of explosions,NA,NA,2,1,1,0,2,NA,5,30,70,35,65,4,8,8,3,7,3,7,10,5,7,5,7,8,5,6,5,8,3,4,2,2,4,5,3,2,4,6,4,5,4,4,3,6,5,4,2,2,1,8,NA,9,2,3,NA,10,US national laboratories for energy and security,Post-graduate degree,Male,"More than $200,000",Metropolitan,Asian or Asian-American,No,Democrat,NA,I voted,Kamala Harris,South,Washington,Male,30-49,4-yr/post-graduate degree,Other,South,Metropolitan,"> $50,000",Democrat,Kamala Harris,0.6774613952117371
R_6dlD8Cy7Tq7RWN3,2025-03-21T14:00:44Z,2025-03-21T14:09:29Z,1,31,14,46970,7,8,8,7,7,Unsure,3,Want to know more,3,Unsure,3,0,NA,NA,NA,NA,NA,NA,NA,NA,NA,NA,NA,NA,NA,3,4,4,NA,NA,I want to know more about the negative impacts,4,1,1,0,5,NA,5,70,30,30,70,7,7,7,7,7,7,7,7,7,7,6,7,7,6,7,7,7,5,4,5,4,4,5,3,4,4,5,4,3,4,4,3,5,5,4,3,3,1,7,NA,7,4,2,No,50,Lawrence Livermore National Laboratory,"Some college, no degree",Female,"$50,000 to under $75,000",Non-metro,White,Yes,Independent,The Democratic Party,I voted,Donald Trump,Midwest,Indiana,Female,30-49,Some college/2-yr degree,Hispanic,Midwest,Non-metro,"> $50,000",Independent,Donald Trump,0.8441401209617697
R_3nOpcBpmqAKK1S9,2025-03-20T23:05:11Z,2025-03-20T23:12:44Z,1,72,15,50062,9,7,8,8,7,Producing,3,Energy,3,Nuclear,3,1,0,0,1,0,0,0,0,0,0,0,NA,1,4,4,4,4,NA,NA,Don't know enough about it,3,1,1,0,3,NA,4,25,75,30,70,5,5,5,5,5,6,5,5,6,4,5,4,4,5,5,5,4,5,3,3,3,3,4,3,3,3,3,3,4,4,4,5,4,5,4,5,3,1,5,NA,5,4,5,NA,50,US national laboratories for energy and security,"Some college, no degree",Female,"$50,000 to under $75,000",Non-metro,White,No,Democrat,NA,I did not vote,NA,Midwest,Iowa,Female,65+,Some college/2-yr degree,White,Midwest,Non-metro,"> $50,000",Democrat,3rd or didn't vote,2.3376248752244293
R_5FxL2tph45cYNxf,2025-03-18T22:35:41Z,2025-03-18T22:45:27Z,1,73,5,94041,7,8,8,8,6,Electric,2,New,3,Innovative,3,1,0,0,0,1,0,1,0,1,0,0,NA,5,2,3,4,3,NA,NA,"I'm not sure, but the risks may outweight any benefits.",4,1,0,0,5,NA,4,90,10,10,90,5,5,5,6,7,8,8,8,5,3,2,4,1,2,3,2,4,0,3,2,2,3,2,2,2,2,3,2,3,2,2,3,2,3,3,2,3,0,NA,5,6,6,1,NA,50,US national laboratories for energy and security,4-year or bachelor degree,Male,"$15,000 to under $50,000",Metropolitan,White,No,Independent,Neither,I voted,Donald Trump,West,California,Male,65+,4-yr/post-graduate degree,White,West,Metropolitan,"< $50,000",Independent,Donald Trump,0.776243762747319
R_7TpDOrma42he24N,2025-03-19T02:00:48Z,2025-03-19T02:11:03Z,1,36,32,12170,9,7,8,9,8,Energy,3,Combined,3,NA,NA,0,NA,NA,NA,NA,NA,NA,NA,NA,NA,NA,NA,NA,NA,4,4,3,NA,NA,I don't know enough about fusion energy,3,1,1,0,5,4,NA,50,50,50,50,9,8,7,10,8,7,8,7,3,6,8,9,7,8,8,7,9,2,4,4,4,4,6,4,4,5,1,4,4,4,4,3,5,4,5,7,3,0,NA,6,6,4,4,Im interested in learning more,50,US national laboratories for energy and security,High school graduate or GED,Female,"$50,000 to under $75,000",Metropolitan,White,No,Republican,NA,I voted,Donald Trump,Northeast,New York,Female,30-49,HS or less,White,Northeast,Metropolitan,"> $50,000",Republican,Donald Trump,0.730176739418817
R_69n7P9wuYhOMAlG,2025-03-23T04:34:52Z,2025-03-23T05:30:45Z,1,78,14,46375,10,10,10,10,10,scientific energy source,4,natural energy source,4,NA,NA,0,NA,NA,NA,NA,NA,NA,NA,NA,NA,NA,NA,NA,NA,6,6,4,NA,NA,"I feel that the benefits are positive and somewhat outweigh the risks involved. However, I am not sure that I feel comfortable living close to a plant for fusion energy production because the negatives have not all been identified and the risks could become serious without prior information being shared.",4,1,1,0,2,6,NA,60,40,35,65,10,9,8,9,10,10,10,7,9,10,3,9,5,9,9,9,5,4,3,4,4,3,3,1,4,5,7,4,6,5,4,6,7,4,4,2,2,1,5,NA,9,2,1,NA,10,Lawrence Livermore National Laboratory,Post-graduate degree,Female,"$50,000 to under $75,000",Metropolitan,White,No,Democrat,NA,I voted,Kamala Harris,Midwest,Indiana,Female,65+,4-yr/post-graduate degree,White,Midwest,Metropolitan,"> $50,000",Democrat,Kamala Harris,0.8810094127948959
R_3UNljpMDus5AIKd,2025-03-18T20:16:37Z,2025-03-18T20:24:25Z,1,58,32,11229,9,8,6,8,6,Is the future,4,Is the wave of a new day is,2,Smell the clean air because of,5,1,1,1,1,0,0,0,0,0,0,0,NA,3,3,5,5,2,Sadly I am going with the flow based on what the masses say,NA,NA,2,1,0,4,5,NA,4,25,75,40,60,8,4,7,7,5,5,8,5,7,8,9,6,4,3,7,6,7,8,6,7,5,2,4,5,5,5,7,4,4,4,7,5,6,3,3,5,3,0,NA,6,6,4,8,It's a tricky situation,10,Lawrence Livermore National Laboratory,"Some college, no degree",Male,"$75,000 to under $100,000",Metropolitan,White,No,Republican,NA,I voted,Donald Trump,Northeast,New York,Male,50-64,Some college/2-yr degree,White,Northeast,Metropolitan,"> $50,000",Republican,Donald Trump,0.798059743875963
R_1Ckb0A8BkySkkrY,2025-03-19T14:15:05Z,2025-03-19T14:25:16Z,1,62,41,57572,1,5,5,5,6,dont know,3,NA,NA,NA,NA,0,NA,NA,NA,NA,NA,NA,NA,NA,NA,NA,NA,NA,NA,3,4,3,NA,NA,I believe it is kind of dangerous. sounds like a scifi movie,6,0,0,0,4,4,NA,50,50,0,100,5,5,5,5,6,6,8,7,0,3,5,5,5,5,5,5,5,3,4,4,4,4,4,4,4,4,1,4,4,4,4,4,4,4,4,7,3,1,5,NA,8,4,3,no comments,50,US national laboratories for energy and security,High school graduate or GED,Female,"Less than $15,000",Non-metro,Native American or American Indian,No,Other or none,Neither,I was not registered to vote,NA,Midwest,South Dakota,Female,50-64,HS or less,Other,Midwest,Non-metro,"< $50,000",Independent,3rd or didn't vote,1.4790397867872354
R_7aqOfU1l8HdeeZc,2025-03-19T15:56:54Z,2025-03-19T16:30:43Z,1,54,32,11570,9,5,8,9,0,Bullshit,1,Useless,1,Fraud,1,0,NA,NA,NA,NA,NA,NA,NA,NA,NA,NA,NA,NA,NA,1,1,1,It sounds like energy processing will rise because they will put more efforts to this ba item rather than keeping thing the same will oil.,NA,NA,6,0,0,0,4,NA,1,100,0,0,100,1,1,1,1,1,1,1,1,0,0,0,0,0,0,0,0,0,0,1,1,1,1,2,1,1,1,1,1,1,1,1,1,1,1,1,1,5,0,NA,0,0,6,0,I think it’s bullshit,50,US national laboratories for energy and security,Post-graduate degree,Male,"More than $200,000",Metropolitan,White,No,Independent,The Republican Party,I voted,Donald Trump,Northeast,New York,Male,50-64,4-yr/post-graduate degree,White,Northeast,Metropolitan,"> $50,000",Independent,Donald Trump,0.7186515343771375
R_5hZisOQzCIfoDkZ,2025-03-20T21:01:09Z,2025-03-20T21:20:17Z,1,45,46,23002,4,7,5,4,6,I don't know,3,Don't have a clue,3,Don't know,3,0,NA,NA,NA,NA,NA,NA,NA,NA,NA,NA,NA,NA,NA,4,4,4,NA,NA,I've honestly nit given any thoughts,3,1,1,0,5,NA,4,50,50,50,50,5,6,6,4,5,6,6,5,5,3,5,4,4,6,4,3,5,5,4,4,4,4,4,4,4,4,4,4,4,4,4,3,4,4,4,4,3,1,5,NA,5,4,5,None,10,Lawrence Livermore National Laboratory,High school graduate or GED,Female,"$50,000 to under $75,000",Metropolitan,White,No,Other or none,Neither,I voted,Kamala Harris,South,Virginia,Female,30-49,HS or less,White,South,Metropolitan,"> $50,000",Independent,Kamala Harris,0.5106872884682673
R_6E0OmXMBC5SMN02,2025-03-18T22:50:22Z,2025-03-18T22:54:30Z,1,35,5,92551,10,6,10,10,4,Crap,3,Elite,3,2030 agenda,2,0,NA,NA,NA,NA,NA,NA,NA,NA,NA,NA,NA,NA,NA,4,1,5,Is just another thing that the elite is trying to push us in,NA,NA,6,1,1,4,5,NA,1,90,10,50,50,5,6,6,8,10,10,10,10,7,8,6,7,7,6,6,8,7,5,5,3,2,4,5,5,4,6,3,5,3,3,5,4,4,4,3,4,5,1,8,NA,5,6,6,Not to more nuclear energy or any type or new energy,50,US national laboratories for energy and security,High school graduate or GED,Female,"$50,000 to under $75,000",Metropolitan,White,Yes,Republican,NA,I voted,Donald Trump,West,California,Female,30-49,HS or less,Hispanic,West,Metropolitan,"> $50,000",Republican,Donald Trump,0.8777840665860189
R_70M6bVuGZSGbBwb,2025-03-20T02:47:00Z,2025-03-20T03:04:46Z,1,65,43,78204,6,7,8,6,9,Atomic,3,Powerful,4,Dangerous,2,1,0,0,0,1,0,0,0,0,0,0,NA,5,2,3,3,1,It's something that hasn't been used before and no one really knows what might happen,NA,NA,3,1,0,0,3,NA,5,40,60,40,60,8,7,9,9,10,8,10,10,5,8,8,10,9,8,7,8,8,8,3,4,4,4,5,2,3,4,4,5,4,5,4,3,7,5,6,4,3,1,9,NA,9,2,3,If it can be safely achieved it would be great for everyone but only if it truly is safe,10,Lawrence Livermore National Laboratory,High school graduate or GED,Male,"Less than $15,000",Metropolitan,White,Yes,Democrat,NA,I voted,Kamala Harris,South,Texas,Male,65+,HS or less,Hispanic,South,Metropolitan,"< $50,000",Democrat,Kamala Harris,0.7702696826650144
R_39hES6GZYZaPuxP,2025-03-20T18:20:25Z,2025-03-20T18:41:35Z,1,32,47,99206,5,6,8,7,8,Um what is that,3,Um,3,What is that,3,0,NA,NA,NA,NA,NA,NA,NA,NA,NA,NA,NA,NA,NA,4,4,4,NA,NA,I still don't know what that is,3,1,1,4,5,NA,4,50,50,50,50,5,5,5,5,5,5,5,5,5,5,5,5,5,5,4,5,5,5,4,4,4,4,4,4,4,4,4,4,4,4,4,4,4,4,4,4,3,1,5,NA,5,4,5,None,50,US national laboratories for energy and security,Some high school or less,Female,"Less than $15,000",Metropolitan,White,No,Other or none,Neither,I voted,Donald Trump,West,Washington,Female,30-49,HS or less,White,West,Metropolitan,"< $50,000",Independent,Donald Trump,0.5447772255649089
R_5lbjTipkPvx66Ma,2025-03-19T23:04:29Z,2025-03-19T23:15:35Z,1,66,25,64109,8,6,10,8,6,Nuclear power,3,Clean energy,3,Possibly dangerous,3,1,0,1,0,0,1,0,0,0,0,0,NA,2,3,4,5,1,I live in a densely populated area,NA,NA,4,1,1,1,3,NA,5,50,50,50,50,8,9,8,9,5,1,5,4,10,8,6,4,6,0,5,4,6,4,4,3,5,4,4,6,2,5,4,4,3,4,5,3,5,3,5,4,2,1,8,NA,8,4,1,NA,10,US national laboratories for energy and security,"Some college, no degree",Male,"$50,000 to under $75,000",Metropolitan,Black or African-American,No,Democrat,NA,I voted,Kamala Harris,Midwest,Missouri,Male,65+,Some college/2-yr degree,Black,Midwest,Metropolitan,"> $50,000",Democrat,Kamala Harris,0.8449531589466169
R_51afp1RZasw0k1W,2025-03-19T20:06:06Z,2025-03-19T20:54:03Z,1,36,38,19134,5,5,9,10,3,I don’t know,3,None,3,None,3,0,NA,NA,NA,NA,NA,NA,NA,NA,NA,NA,NA,NA,NA,4,4,4,NA,NA,I think I would need to know more to base my opinion. I have no idea what the risks are at this point.,2,0,1,0,3,4,NA,75,25,40,60,8,8,8,8,8,7,7,7,5,8,8,9,9,8,8,9,8,7,4,5,4,4,5,3,4,3,5,4,3,4,4,3,5,4,5,3,2,1,2,NA,6,4,7,NA,50,US national laboratories for energy and security,2-year or associate degree,Female,"$50,000 to under $75,000",Metropolitan,White,No,Democrat,NA,I voted,Kamala Harris,Northeast,Pennsylvania,Female,30-49,Some college/2-yr degree,White,Northeast,Metropolitan,"> $50,000",Democrat,Kamala Harris,0.6042495039723382
R_32f0XNnMkDZUJL2,2025-03-19T17:21:43Z,2025-03-19T17:47:17Z,1,70,5,95928,8,10,10,10,10,Don't know what it is,3,Don't know what it is,3,Don't know what it is,3,0,NA,NA,NA,NA,NA,NA,NA,NA,NA,NA,NA,NA,NA,5,6,4,NA,NA,Worry about exposure to harmful substances,2,1,1,0,2,NA,6,30,70,45,55,10,10,10,10,1,1,1,1,7,10,9,9,9,8,5,8,7,0,4,4,4,4,4,3,4,3,1,4,4,4,4,5,5,4,4,7,2,1,10,NA,10,1,0,NA,10,Lawrence Livermore National Laboratory,4-year or bachelor degree,Female,"$15,000 to under $50,000",Metropolitan,White,No,Democrat,NA,I voted,Kamala Harris,West,California,Female,65+,4-yr/post-graduate degree,White,West,Metropolitan,"< $50,000",Democrat,Kamala Harris,0.7110766308695161
R_51tAL2HGEmzzY5j,2025-03-20T03:45:52Z,2025-03-20T04:03:23Z,1,42,42,37620,10,9,8,10,3,High heat,4,Low cost,5,Futures,4,1,0,1,0,1,0,0,0,1,0,0,NA,4,2,3,5,1,What I find is there’s always government oversight and jobs never are done the right way anymore witch means it’s when not if it happens of ot all going wrong and no one is ever held accountable.,NA,NA,2,1,1,0,3,6,NA,35,65,45,55,8,9,8,7,9,7,7,8,8,0,3,4,6,0,7,1,6,0,1,7,4,3,7,3,6,7,7,1,1,5,5,7,2,1,3,7,2,0,NA,10,0,6,0,NA,50,Lawrence Livermore National Laboratory,High school graduate or GED,Male,"$50,000 to under $75,000",Metropolitan,White,No,Other or none,Neither,I voted,Donald Trump,South,Tennessee,Male,30-49,HS or less,White,South,Metropolitan,"> $50,000",Independent,Donald Trump,0.6259003356531746
R_7goUINMzrNO0Xpv,2025-03-19T23:46:09Z,2025-03-19T23:53:16Z,1,72,33,27104,9,9,10,9,7,Don't know,3,Need to learn,3,No word,3,0,NA,NA,NA,NA,NA,NA,NA,NA,NA,NA,NA,NA,NA,5,5,4,NA,NA,I need to do more research to make a good decision,4,1,1,0,5,4,NA,75,25,50,50,8,8,8,7,7,7,6,8,7,6,8,7,7,7,7,8,8,5,3,5,4,5,5,5,3,5,5,5,5,5,4,5,3,4,5,5,2,1,1,NA,4,5,5,Just need to do more  research to learn more,10,Lawrence Livermore National Laboratory,4-year or bachelor degree,Female,"$75,000 to under $100,000",Metropolitan,White,No,Republican,NA,I voted,Donald Trump,South,North Carolina,Female,65+,4-yr/post-graduate degree,White,South,Metropolitan,"> $50,000",Republican,Donald Trump,0.9996057803156853
R_5pnG8yf5CWvzMjR,2025-03-20T20:48:01Z,2025-03-20T20:55:41Z,1,37,14,46033,7,7,6,6,8,hybrid,3,nuclear,3,cost,2,1,0,0,0,0,1,1,0,0,0,0,NA,5,4,4,5,5,NA,NA,If it comes to be viable then they can put it near my house and I can live with it.  We already do enough to pollute the world so lets try something that will save us from toxic futures.,3,1,1,0,3,NA,4,40,60,55,45,7,6,7,6,5,5,6,7,2,5,5,5,4,6,4,4,7,4,4,5,4,5,3,4,3,5,4,3,4,4,6,4,5,4,4,4,3,1,7,NA,7,4,5,I think that it should be used if it can do the job of energy but minimize the side effects of pollution that the old ways have cause to damage the planet.,50,Lawrence Livermore National Laboratory,"Some college, no degree",Male,"$50,000 to under $75,000",Metropolitan,White,No,Independent,Neither,I voted,Someone else,Midwest,Indiana,Male,30-49,Some college/2-yr degree,White,Midwest,Metropolitan,"> $50,000",Independent,3rd or didn't vote,1.8143060335953294
R_1gV4qxQjwENUExz,2025-03-19T22:08:23Z,2025-03-19T22:31:14Z,1,77,13,61265,6,8,8,5,10,I'm ignorant about it,3,I would like to learn more.,4,Explain it in layman's terms.,3,2,NA,NA,NA,NA,NA,NA,NA,NA,NA,NA,NA,NA,NA,4,5,4,NA,NA,"I need more details about the benefits and overall risks of fusion energy to both the environment and human health.
",3,1,1,0,2,7,NA,65,35,40,60,10,8,7,8,7,7,4,8,9,7,9,10,10,9,8,8,10,8,4,5,4,4,6,3,6,4,3,4,3,5,4,3,6,3,4,5,2,1,10,NA,10,3,6,Sounds like a lot more needs to be done in order for fusion energy to become reality.,10,Lawrence Livermore National Laboratory,"Some college, no degree",Male,"$15,000 to under $50,000",Metropolitan,White,No,Democrat,NA,I voted,Kamala Harris,Midwest,Illinois,Male,65+,Some college/2-yr degree,White,Midwest,Metropolitan,"< $50,000",Democrat,Kamala Harris,0.7558391762255788
R_3t35NFe8GzqGMgf,2025-03-19T20:31:18Z,2025-03-19T20:36:33Z,1,65,32,10453,7,8,4,6,5,Very interested,3,Informative,3,Don't remember,3,0,NA,NA,NA,NA,NA,NA,NA,NA,NA,NA,NA,NA,NA,6,5,3,NA,NA,Very informative and very helpful,1,1,1,4,5,NA,4,40,60,60,40,7,5,5,7,5,6,7,6,7,6,5,6,6,5,6,6,6,6,4,5,4,4,4,5,4,5,4,5,3,4,6,4,4,4,5,5,3,1,6,NA,6,4,9,Very informative,10,Lawrence Livermore National Laboratory,"Some college, no degree",Male,"Less than $15,000",Metropolitan,Black or African-American,No,Democrat,NA,I voted,Kamala Harris,Northeast,New York,Male,65+,Some college/2-yr degree,Black,Northeast,Metropolitan,"< $50,000",Democrat,Kamala Harris,0.6802643884202236
R_5jAGFjUuwhMyPKB,2025-03-19T22:35:21Z,2025-03-19T22:48:07Z,1,64,17,42266,9,8,9,8,2,cheap,4,safe,4,efficient,4,1,0,1,0,1,1,0,0,1,0,0,NA,8,2,6,7,6,NA,"It seems much safer than nuclear power, and histing it might result in energy discounts.",NA,3,1,1,3,2,NA,5,70,30,40,60,7,9,9,9,2,2,2,2,5,3,1,8,4,0,8,2,7,1,4,7,4,4,7,3,5,5,7,4,3,4,4,1,5,3,4,2,2,0,NA,9,2,6,3,no,50,Lawrence Livermore National Laboratory,Post-graduate degree,Male,"$100,000 to under $150,000",Metropolitan,White,No,Republican,NA,I voted,Donald Trump,South,Kentucky,Male,50-64,4-yr/post-graduate degree,White,South,Metropolitan,"> $50,000",Republican,Donald Trump,0.8657234075150076
R_1Dw0q5FEMy2IlUC,2025-03-19T18:00:05Z,2025-03-19T18:11:41Z,1,55,20,20016,8,8,8,8,8,nuclear,4,science,4,aspirational,4,1,0,0,0,0,0,0,0,0,1,0,NA,3,1,7,5,5,NA,NA,this sounds like nuclear energy renamed,3,1,1,0,3,NA,5,25,75,20,80,9,10,10,8,8,10,7,7,8,7,7,9,9,7,7,8,9,4,3,5,4,4,7,1,4,3,5,6,6,6,6,4,4,6,6,3,3,1,10,NA,10,2,3,I like thinking this is possible,10,Lawrence Livermore National Laboratory,Post-graduate degree,Male,"$150,000 to under $200,000",Metropolitan,White,No,Democrat,NA,I voted,Kamala Harris,South,Maryland,Male,50-64,4-yr/post-graduate degree,White,South,Metropolitan,"> $50,000",Democrat,Kamala Harris,0.6815872226676049
R_333rqqCuQlMuMZ8,2025-03-19T16:04:01Z,2025-03-19T16:11:45Z,1,41,5,93230,8,10,10,10,10,Scary,1,Unknown,2,Nuclear,3,1,1,0,0,0,0,0,0,0,0,0,NA,0,3,3,4,1,There isn’t enough known about it to be building  something so close to a town.,NA,NA,3,1,1,0,4,4,NA,90,10,10,90,5,4,5,6,7,10,10,9,0,6,8,6,6,5,6,3,10,0,3,3,5,5,5,4,4,4,4,5,5,5,5,4,4,4,6,7,5,1,10,NA,10,4,0,No,10,Lawrence Livermore National Laboratory,High school graduate or GED,Female,"$100,000 to under $150,000",Metropolitan,White,Yes,Democrat,NA,I voted,Kamala Harris,West,California,Female,30-49,HS or less,Hispanic,West,Metropolitan,"> $50,000",Democrat,Kamala Harris,0.6910826239105347
R_515QS4WDzFGyUKN,2025-03-19T18:02:25Z,2025-03-19T18:24:36Z,1,61,2,99517,6,7,5,6,7,Nuclear,4,Power,5,Microscopic,3,1,0,1,0,0,0,0,0,1,0,0,NA,4,1,4,5,6,NA,NA,"I would not mind if they built one around here. But, I hope they can safely",4,1,1,0,1,NA,5,75,25,50,50,7,7,7,6,4,4,6,4,9,8,4,8,8,3,6,7,6,4,4,5,4,4,6,3,4,5,7,4,4,4,4,2,5,4,5,5,4,1,9,NA,8,4,3,None,10,Lawrence Livermore National Laboratory,High school graduate or GED,Male,"Less than $15,000",Metropolitan,Black or African-American,No,Other or none,Neither,I voted,Kamala Harris,West,Alaska,Male,50-64,HS or less,Black,West,Metropolitan,"< $50,000",Independent,Kamala Harris,0.48213963805310645
R_5154AUHfQrInoPs,2025-03-21T23:06:28Z,2025-03-21T23:12:45Z,1,46,9,33709,10,10,10,10,10,I don't know enough about it.,3,I don't know enough about it.,3,I don't know enough about it.,3,1,0,0,1,0,0,0,0,0,0,0,NA,7,1,4,5,4,NA,NA,This is because I don't know enough about it.,1,1,1,2,1,4,NA,50,50,50,50,8,7,6,9,6,8,6,7,10,7,6,7,7,8,7,8,7,8,4,4,4,4,4,4,4,4,4,4,4,4,4,4,4,4,4,4,3,1,8,NA,9,4,8,"I don't know enough about it 
",10,Lawrence Livermore National Laboratory,"Some college, no degree",Female,"$50,000 to under $75,000",Metropolitan,White,Yes,Democrat,NA,I voted,Kamala Harris,South,Florida,Female,30-49,Some college/2-yr degree,Hispanic,South,Metropolitan,"> $50,000",Democrat,Kamala Harris,0.722667359846526
R_3ZO1pX2K5i3n6Tj,2025-03-23T06:17:04Z,2025-03-23T06:27:13Z,1,24,5,92801,7,8,10,10,7,bio,5,Power,5,Science,2,1,0,1,1,0,0,0,0,1,0,0,NA,5,2,4,5,6,NA,NA,I feel like fusion energy is actually something that needs to be really be watched for knowing that but you can’t affect the whole United States of America,2,1,1,3,3,NA,5,20,80,60,40,7,10,10,9,10,8,7,4,8,10,9,8,9,6,6,10,8,7,6,7,5,6,6,2,7,5,6,4,3,3,7,6,4,6,5,6,2,0,NA,6,8,1,4,"Honestly, we should start using fuser energy to reduce the oil and gas price",50,Lawrence Livermore National Laboratory,High school graduate or GED,Male,"$15,000 to under $50,000",Metropolitan,White,Yes,Independent,Neither,I voted,Donald Trump,West,California,Male,18-29,HS or less,Hispanic,West,Metropolitan,"< $50,000",Independent,Donald Trump,0.7691173239301624
R_7aM5hbPBNiHJGpj,2025-03-18T19:41:46Z,2025-03-18T20:41:02Z,1,51,5,92833,10,10,10,10,10,together,5,Effiency,4,safe,4,0,NA,NA,NA,NA,NA,NA,NA,NA,NA,NA,NA,NA,NA,4,6,6,NA,I think if it is going to give off good energy and help the enviroment be safe I like it.,NA,4,1,1,0,5,4,NA,60,40,65,35,7,5,7,5,9,5,7,6,8,3,3,2,6,3,3,4,6,1,2,4,3,4,4,2,3,5,5,6,4,5,4,5,4,4,4,6,3,1,4,NA,6,4,0,nothing at all,10,Lawrence Livermore National Laboratory,2-year or associate degree,Female,"$50,000 to under $75,000",Metropolitan,Black or African-American,No,Independent,Neither,I voted,Kamala Harris,West,California,Female,50-64,Some college/2-yr degree,Black,West,Metropolitan,"> $50,000",Independent,Kamala Harris,0.5430995629774509
R_32s3WXcsLbTC1JO,2025-03-18T19:42:12Z,2025-03-18T19:47:40Z,1,29,5,90029,7,7,7,6,5,nuclear,3,raditation,2,energy,5,1,1,1,0,0,0,0,0,0,0,0,NA,3,2,4,4,4,NA,NA,I am scared of the radiation,1,1,1,0,3,NA,4,50,50,50,50,6,6,5,5,6,6,6,6,5,6,6,6,6,6,6,6,5,5,3,4,4,4,4,4,5,4,4,4,4,4,4,6,4,4,4,4,3,1,8,NA,8,5,8,Nothing else,10,US national laboratories for energy and security,Post-graduate degree,Male,"$75,000 to under $100,000",Metropolitan,Asian or Asian-American,No,Republican,NA,I voted,Kamala Harris,West,California,Male,18-29,4-yr/post-graduate degree,Other,West,Metropolitan,"> $50,000",Republican,Kamala Harris,0.830872535454948
R_3OOA3ceGBvKSdz2,2025-03-20T01:01:49Z,2025-03-20T01:37:37Z,1,36,43,77469,6,7,8,7,7,Russia,2,Winter,3,Heat,3,2,NA,NA,NA,NA,NA,NA,NA,NA,NA,NA,NA,NA,NA,4,4,3,NA,NA,It's still very new. I need much more information before forming an opinion.,5,1,1,0,4,3,NA,80,20,20,80,8,5,6,6,2,3,3,1,0,3,5,0,4,0,4,4,7,2,3,3,5,5,2,6,3,6,5,3,3,4,6,5,4,5,7,7,4,1,8,NA,8,4,5,N/A,50,Lawrence Livermore National Laboratory,2-year or associate degree,Female,"$15,000 to under $50,000",Metropolitan,Black or African-American,No,Independent,Neither,I did not vote,NA,South,Texas,Female,30-49,Some college/2-yr degree,Black,South,Metropolitan,"< $50,000",Independent,3rd or didn't vote,1.4102245559024953
R_5TvrTA4wibGPPYl,2025-03-22T14:15:16Z,2025-03-22T14:27:08Z,1,53,43,78550,10,9,9,10,8,dangerous byproduct waste,2,high construction costa,2,China might win this race,1,1,0,1,0,1,0,0,0,0,0,0,NA,1,2,3,3,1,dangerous waste byproducts,NA,NA,4,1,1,0,3,5,NA,75,25,55,45,6,6,6,7,10,8,8,10,10,10,10,10,10,10,4,3,10,5,1,4,4,4,4,1,1,4,1,4,4,5,4,4,7,7,4,1,4,1,10,NA,10,4,0,NA,50,Lawrence Livermore National Laboratory,"Some college, no degree",Male,"$15,000 to under $50,000",Metropolitan,White,Yes,Independent,Neither,I voted,Kamala Harris,South,Texas,Male,50-64,Some college/2-yr degree,Hispanic,South,Metropolitan,"< $50,000",Independent,Kamala Harris,0.6016434702806835
R_5hKeFgWwMwolsSS,2025-03-22T02:44:03Z,2025-03-22T02:49:33Z,1,39,43,76086,0,0,0,7,0,Fast,3,Combine,3,Mix,3,0,NA,NA,NA,NA,NA,NA,NA,NA,NA,NA,NA,NA,NA,4,4,4,NA,NA,I'm ok with it,6,0,1,0,4,4,NA,95,5,25,75,4,1,1,7,3,5,9,7,0,10,0,5,5,7,2,1,1,2,2,4,7,3,4,7,7,7,1,3,4,5,4,4,1,7,2,2,3,0,NA,0,0,7,7,NA,50,Lawrence Livermore National Laboratory,High school graduate or GED,Female,"$50,000 to under $75,000",Metropolitan,White,No,Republican,NA,I did not vote,NA,South,Texas,Female,30-49,HS or less,White,South,Metropolitan,"> $50,000",Republican,3rd or didn't vote,1.7940354035202866
R_716SsNT0leUVhkd,2025-03-21T15:13:44Z,2025-03-21T15:33:20Z,1,51,42,38506,8,6,8,7,7,Savings,4,Future,3,Solar,4,0,NA,NA,NA,NA,NA,NA,NA,NA,NA,NA,NA,NA,NA,4,4,3,NA,NA,"Not sure what a nearby facility would entail, including noise, gases, etc. I don't think I would want it near my residence",2,1,1,0,5,4,NA,40,60,40,60,5,5,5,5,7,7,7,9,7,6,7,5,5,5,5,6,5,4,4,4,5,3,3,4,4,5,5,5,4,5,4,6,4,4,5,5,3,1,5,NA,5,5,4,I have nothing to offer on this subject,10,US national laboratories for energy and security,"Some college, no degree",Female,"$15,000 to under $50,000",Metropolitan,White,No,Independent,The Republican Party,I was not registered to vote,NA,South,Tennessee,Female,50-64,Some college/2-yr degree,White,South,Metropolitan,"< $50,000",Independent,3rd or didn't vote,1.4057464855004478
R_7NmzVDr7jRC2mKB,2025-03-18T19:22:36Z,2025-03-18T20:00:37Z,1,77,40,29414,8,5,8,6,5,"Confusion, I don't understand the term.",3,research needed,3,source,3,0,NA,NA,NA,NA,NA,NA,NA,NA,NA,NA,NA,NA,NA,6,5,4,NA,NA,"I don't really have enough information to make an informed decision, however based on my very limited knowledge, I think the long term benefits far outweigh the risks. Whether it's in my 'nearby' radius or not would depend on the potential downside risks in the event of a major problem.",3,1,1,0,5,6,NA,20,80,20,80,9,9,9,9,10,10,5,9,9,7,7,7,7,6,6,5,5,4,4,4,4,4,5,3,4,4,5,4,4,5,4,3,6,4,4,6,2,1,8,NA,9,4,0,I am not knowledgeable about fusion energy but believe it's worth the investment.,50,US national laboratories for energy and security,"Some college, no degree",Male,"$75,000 to under $100,000",Metropolitan,Black or African-American,No,Democrat,NA,I voted,Kamala Harris,South,South Carolina,Male,65+,Some college/2-yr degree,Black,South,Metropolitan,"> $50,000",Democrat,Kamala Harris,0.7547847631353799
R_5wTs23N1ly1DK7P,2025-03-19T04:58:16Z,2025-03-19T05:31:08Z,1,35,38,16501,8,8,10,10,10,Innovation,5,Future,5,Perfect,5,0,NA,NA,NA,NA,NA,NA,NA,NA,NA,NA,NA,NA,NA,6,7,7,NA,"A lot of benefits, very good to the environment and weather, very helpful",NA,2,1,1,1,3,7,NA,60,40,70,30,9,9,10,10,7,10,10,10,10,7,9,8,7,8,10,10,8,8,3,1,3,2,2,1,1,2,4,5,6,7,5,6,7,7,5,7,1,1,8,NA,8,2,6,This is very interesting topic and I like what fusion energy does. This will bring great benefits for the environment,10,US national laboratories for energy and security,High school graduate or GED,Male,"$15,000 to under $50,000",Metropolitan,White,Yes,Democrat,NA,I voted,Kamala Harris,Northeast,Pennsylvania,Male,30-49,HS or less,Hispanic,Northeast,Metropolitan,"< $50,000",Democrat,Kamala Harris,0.6432482762675082
R_1791Kcd0foL3ao1,2025-03-21T02:22:58Z,2025-03-21T02:33:42Z,1,48,47,98007,10,8,10,10,10,Interested in learning more,3,NA,NA,NA,NA,2,NA,NA,NA,NA,NA,NA,NA,NA,NA,NA,NA,NA,NA,3,4,1,It feels like a lot could go wrong very fast and we end up with a Chernobyl.,NA,NA,5,1,0,0,3,4,NA,50,50,50,50,10,10,10,10,10,10,10,10,5,7,8,6,8,8,4,7,8,8,3,5,3,4,5,1,3,4,4,5,5,5,4,3,7,5,4,4,2,1,10,NA,10,3,6,NA,50,US national laboratories for energy and security,"Some college, no degree",Female,"$50,000 to under $75,000",Metropolitan,White,No,Democrat,NA,I voted,Kamala Harris,West,Washington,Female,30-49,Some college/2-yr degree,White,West,Metropolitan,"> $50,000",Democrat,Kamala Harris,0.6057690180654773
R_3w6MVKJrQT2rUrf,2025-03-19T16:03:28Z,2025-03-19T16:21:38Z,1,63,5,91740,8,5,5,9,10,I really don't know,3,I don't know,3,I don't know,3,0,NA,NA,NA,NA,NA,NA,NA,NA,NA,NA,NA,NA,NA,4,4,2,"Don't know anything about it,  so i don't  want it near where I live",NA,NA,3,0,0,0,5,NA,4,80,20,40,60,10,8,8,8,10,9,7,9,4,4,7,3,5,8,5,5,5,10,3,5,4,5,4,4,4,4,4,3,4,4,4,4,4,4,4,4,3,1,10,NA,9,4,2,NA,50,Lawrence Livermore National Laboratory,"Some college, no degree",Male,"$75,000 to under $100,000",Metropolitan,Asian or Asian-American,No,Democrat,NA,I voted,Kamala Harris,West,California,Male,50-64,Some college/2-yr degree,Other,West,Metropolitan,"> $50,000",Democrat,Kamala Harris,0.6271354138910881
R_7GkOVFKYVaUqoQk,2025-03-21T18:02:20Z,2025-03-21T18:12:40Z,1,67,47,98671,10,8,10,9,6,not sure,3,don't know,3,none,3,0,NA,NA,NA,NA,NA,NA,NA,NA,NA,NA,NA,NA,NA,5,5,7,NA,NA,i think it would be a good idea,2,1,1,0,2,NA,4,45,55,45,55,10,10,8,9,6,9,9,10,10,8,7,10,9,7,9,6,10,5,5,5,4,4,4,4,6,5,6,4,4,4,5,5,3,3,4,6,2,1,10,NA,10,4,4,I think it's developing and a lot of research needs to be done to,50,Lawrence Livermore National Laboratory,2-year or associate degree,Female,"$50,000 to under $75,000",Metropolitan,White,No,Republican,NA,I voted,Someone else,West,Washington,Female,65+,Some college/2-yr degree,White,West,Metropolitan,"> $50,000",Republican,3rd or didn't vote,2.2757553932627537
R_7M5YdgseInKiILf,2025-03-20T17:44:59Z,2025-03-20T17:56:36Z,1,53,5,91343,6,8,9,9,10,unfamiliar,3,research,4,innovative,4,0,NA,NA,NA,NA,NA,NA,NA,NA,NA,NA,NA,NA,NA,5,6,5,NA,NA,i don't know enough about it to know if it would be dangerous to communities,3,1,1,0,5,6,NA,75,25,50,50,10,10,7,8,8,7,8,10,8,9,8,8,8,10,8,9,9,8,4,4,4,4,4,3,4,4,4,5,3,4,5,3,5,4,5,4,3,1,10,NA,10,4,4,NA,10,Lawrence Livermore National Laboratory,4-year or bachelor degree,Male,"$100,000 to under $150,000",Metropolitan,Black or African-American,No,Democrat,NA,I voted,Kamala Harris,West,California,Male,50-64,4-yr/post-graduate degree,Black,West,Metropolitan,"> $50,000",Democrat,Kamala Harris,0.6884462570118396
R_62gxTyB073n7Y09,2025-03-19T16:22:47Z,2025-03-19T16:27:29Z,1,51,3,85635,10,10,10,10,10,Cost,1,Danger,1,Effective,1,0,NA,NA,NA,NA,NA,NA,NA,NA,NA,NA,NA,NA,NA,1,1,1,I feel like it would harm the environment.,NA,NA,2,0,0,0,5,7,NA,50,50,50,50,1,1,1,1,1,1,1,1,0,0,0,0,0,0,0,0,0,0,1,1,1,1,1,1,1,1,1,1,1,3,2,2,1,1,1,1,5,0,NA,0,10,6,5,I feel it will harm the environment,10,US national laboratories for energy and security,High school graduate or GED,Female,"$50,000 to under $75,000",Metropolitan,White,No,Republican,NA,I voted,Donald Trump,Northeast,Arizona,Female,50-64,HS or less,White,Northeast,Metropolitan,"> $50,000",Republican,Donald Trump,0.7314047358779836
R_5njUJ1V0AUVSPp2,2025-03-19T21:32:41Z,2025-03-19T21:38:47Z,1,48,22,49440,7,7,7,7,7,nuclear,3,power,4,radiation,1,1,0,0,1,1,0,0,1,1,0,0,NA,5,2,4,5,3,NA,NA,depends on the facility and the dangers of it,2,1,1,3,3,NA,5,50,50,50,50,5,5,5,5,5,5,5,5,5,5,5,5,5,5,5,5,5,5,4,4,4,4,4,4,4,4,4,4,4,4,4,4,4,4,4,4,1,1,10,NA,10,2,0,NA,50,Lawrence Livermore National Laboratory,4-year or bachelor degree,Male,"$75,000 to under $100,000",Metropolitan,Mixed race,No,Other or none,The Democratic Party,I voted,Kamala Harris,West,Michigan,Male,30-49,4-yr/post-graduate degree,Other,West,Metropolitan,"> $50,000",Independent,Kamala Harris,0.6065319675623446
R_1XGoNo1FXVnw3gl,2025-03-20T16:14:20Z,2025-03-20T16:59:09Z,1,28,5,92311,8,6,7,0,0,Nuclear power,3,Na,3,Na,3,1,0,0,0,0,0,0,0,0,0,1,School,0,2,7,7,4,NA,NA,Sounds like if managed wrong it could be bad,3,1,1,2,2,7,NA,70,30,50,50,1,10,10,9,1,1,10,1,10,10,10,10,10,5,10,10,10,4,3,5,4,4,7,4,4,4,7,4,4,4,4,4,4,4,4,1,4,0,NA,8,2,5,5,NA,50,Lawrence Livermore National Laboratory,High school graduate or GED,Male,"$15,000 to under $50,000",Metropolitan,Mixed race,Yes,Independent,The Republican Party,I was not registered to vote,NA,West,California,Male,18-29,HS or less,Hispanic,West,Metropolitan,"< $50,000",Independent,3rd or didn't vote,1.8947085553704237
R_70BbwZV3eRsXP21,2025-03-20T01:11:28Z,2025-03-20T01:24:38Z,1,60,9,34748,7,6,7,5,8,Clean but deadly,2,Safe done right,4,Waste is forever,1,1,0,1,0,0,0,0,0,0,0,0,NA,3,2,3,3,3,NA,NA,Not proven safe,4,1,1,0,4,4,NA,85,15,15,85,6,7,6,6,6,7,6,7,3,6,5,8,7,7,4,6,6,5,4,4,4,4,5,3,4,4,5,5,4,4,4,3,5,5,4,5,2,1,10,NA,9,2,5,NA,50,US national laboratories for energy and security,4-year or bachelor degree,Male,"$75,000 to under $100,000",Metropolitan,White,Yes,Democrat,NA,I voted,Kamala Harris,South,Florida,Male,50-64,4-yr/post-graduate degree,Hispanic,South,Metropolitan,"> $50,000",Democrat,Kamala Harris,0.8173167223256991
R_38y6B3weL24TRMl,2025-03-19T02:26:23Z,2025-03-19T02:35:09Z,1,72,32,11691,7,9,5,10,10,Combination,3,Better energy,3,Wow,3,1,0,0,0,1,1,0,0,1,0,0,NA,3,3,4,3,3,NA,NA,I need more info on how it will effect the people living in the area.,3,1,0,3,3,NA,4,80,20,50,50,5,5,5,5,5,5,6,5,5,8,10,6,7,3,6,7,6,5,4,4,4,4,4,4,4,4,4,4,4,4,4,5,4,4,4,4,4,1,7,NA,10,4,0,Not at this present time,10,US national laboratories for energy and security,2-year or associate degree,Female,"$15,000 to under $50,000",Metropolitan,Black or African-American,No,Democrat,NA,I voted,Kamala Harris,Northeast,New York,Female,65+,Some college/2-yr degree,Black,Northeast,Metropolitan,"< $50,000",Democrat,Kamala Harris,0.6553089938355162
R_7NVgPiXLOyIkon2,2025-03-18T19:44:02Z,2025-03-18T19:55:38Z,1,42,22,48847,4,6,8,5,7,Technology,4,Futuristic,4,Two,3,2,NA,NA,NA,NA,NA,NA,NA,NA,NA,NA,NA,NA,NA,4,5,3,NA,NA,I would worry about safety risks.,4,1,1,0,2,5,NA,60,40,35,65,10,10,10,8,7,5,6,6,5,7,7,4,6,7,6,8,7,3,4,4,3,5,2,1,4,4,6,5,4,4,5,5,7,4,4,2,2,1,10,NA,10,1,1,NA,50,Lawrence Livermore National Laboratory,"Some college, no degree",Female,"$50,000 to under $75,000",Non-metro,White,No,Democrat,NA,I did not vote,NA,Midwest,Michigan,Female,30-49,Some college/2-yr degree,White,Midwest,Non-metro,"> $50,000",Democrat,3rd or didn't vote,1.9469905307710642
R_1hoQJVSpfM2y8DQ,2025-03-23T15:24:36Z,2025-03-23T15:40:56Z,1,53,35,45102,6,5,8,7,5,Dangerous,2,Radiation,2,Unsure,3,1,1,1,0,0,0,0,0,0,0,0,NA,0,2,2,3,1,Trying to harness the extreme power and really not knowledgeable of the ramifications with accidents or long term effects,NA,NA,3,1,1,0,4,NA,3,25,75,50,50,9,8,7,7,8,8,10,9,7,3,5,5,7,4,7,5,6,2,3,3,4,4,5,3,3,4,3,5,5,4,4,3,5,5,4,5,2,1,8,NA,8,4,2,Mostly unsure,50,Lawrence Livermore National Laboratory,2-year or associate degree,Male,"$50,000 to under $75,000",Metropolitan,White,No,Independent,Neither,I voted,Someone else,Midwest,Ohio,Male,50-64,Some college/2-yr degree,White,Midwest,Metropolitan,"> $50,000",Independent,3rd or didn't vote,1.8173572967550855
R_1khXQhhlENUY6AK,2025-03-18T23:06:11Z,2025-03-19T01:34:34Z,1,23,43,75784,3,6,10,8,6,New,2,Futuristic,3,Magic,2,0,NA,NA,NA,NA,NA,NA,NA,NA,NA,NA,NA,NA,NA,4,4,4,NA,NA,I don’t know much about any of the negative effects,2,1,1,0,5,4,NA,80,20,40,60,10,8,10,6,7,5,4,3,0,5,10,5,5,8,7,4,10,2,2,2,4,4,1,4,7,5,6,6,3,4,4,4,1,7,4,6,2,1,10,NA,10,4,2,"No, there’s nothing I can think of",10,Lawrence Livermore National Laboratory,Some high school or less,Female,"Less than $15,000",Non-metro,White,No,Other or none,Neither,I was not registered to vote,NA,South,Texas,Female,18-29,HS or less,White,South,Non-metro,"< $50,000",Independent,3rd or didn't vote,1.5025218109978542
R_3LwiehsI8E9pp9T,2025-03-18T19:22:00Z,2025-03-18T19:39:07Z,1,65,38,19320,8,10,10,10,10,Not sure,3,Little concerned,3,It can shut off,4,0,NA,NA,NA,NA,NA,NA,NA,NA,NA,NA,NA,NA,NA,4,4,3,NA,NA,"It seems to be good and bad, I haven't heard a lot about it, I think it should be looked into more",3,1,1,0,3,4,NA,50,50,40,60,9,8,10,7,10,8,10,10,8,8,10,3,6,10,10,10,7,4,4,4,6,5,4,4,4,5,2,4,4,6,2,4,5,4,6,2,1,1,10,NA,10,4,8,I definitely plan on reading more about it,10,Lawrence Livermore National Laboratory,"Some college, no degree",Female,"$15,000 to under $50,000",Metropolitan,White,No,Independent,Neither,I did not vote,NA,Northeast,Pennsylvania,Female,65+,Some college/2-yr degree,White,Northeast,Metropolitan,"< $50,000",Independent,3rd or didn't vote,1.6894098427663433
R_7PAJXs95LMaZJUk,2025-03-20T02:05:27Z,2025-03-22T02:58:41Z,1,41,8,19962,7,5,8,8,8,nothing,3,nothing,3,nothing,3,0,NA,NA,NA,NA,NA,NA,NA,NA,NA,NA,NA,NA,NA,4,4,4,NA,NA,no i do not have any thoughts of fusion energy,6,0,0,0,5,1,NA,50,50,50,50,1,1,1,1,1,1,1,1,0,0,0,0,0,0,0,0,0,0,2,2,2,2,2,2,2,2,2,2,2,2,2,2,2,2,2,3,3,0,NA,5,5,4,5,no nothing at all to talk about,50,US national laboratories for energy and security,High school graduate or GED,Female,"Less than $15,000",Metropolitan,White,No,Other or none,The Republican Party,I did not vote,NA,South,Delaware,Female,30-49,HS or less,White,South,Metropolitan,"< $50,000",Independent,3rd or didn't vote,1.3351535159518975
R_3EiL6b3oH51psT5,2025-03-18T20:29:32Z,2025-03-18T20:49:57Z,1,59,5,92277,10,10,10,10,10,Nuerons,2,Protons,2,Fusion,3,1,1,0,0,0,0,0,0,0,0,0,NA,3,3,5,6,5,NA,NA,Well it all sounds very dangerous. I would be concerned of the high risk of it if they could not contain it.,2,1,1,2,2,7,NA,30,70,80,20,10,9,8,10,7,5,6,9,10,9,10,10,10,4,9,7,9,3,4,4,4,4,6,2,4,4,7,4,4,4,4,7,6,4,4,3,2,1,9,NA,9,1,7,Not at this time.,10,US national laboratories for energy and security,Post-graduate degree,Male,"$15,000 to under $50,000",Metropolitan,White,No,Democrat,NA,I voted,Kamala Harris,West,California,Male,50-64,4-yr/post-graduate degree,White,West,Metropolitan,"< $50,000",Democrat,Kamala Harris,0.615838459523751
R_6TE9VgjLJAVwm9X,2025-03-19T21:20:18Z,2025-03-19T21:44:51Z,1,35,5,92626,5,7,6,6,8,"Clean, Future, Enhanced",5,Safe Energy,5,Cheap Energy,5,2,NA,NA,NA,NA,NA,NA,NA,NA,NA,NA,NA,NA,NA,6,5,2,I do not know the long term negative effects of living near by a fusion energy plant.,NA,NA,3,1,1,1,1,NA,5,50,50,50,50,8,9,7,7,6,7,7,5,7,7,6,7,8,6,7,6,7,6,4,4,4,5,5,4,5,4,5,4,5,6,5,4,5,6,5,6,3,1,6,NA,7,5,7,No,10,Lawrence Livermore National Laboratory,"Some college, no degree",Male,"More than $200,000",Metropolitan,Mixed race,No,Republican,NA,I voted,Donald Trump,West,California,Male,30-49,Some college/2-yr degree,Other,West,Metropolitan,"> $50,000",Republican,Donald Trump,0.7952236204742235
R_1OOFOKwSTOtlL9G,2025-03-18T22:41:40Z,2025-03-18T22:57:25Z,1,42,9,34481,8,0,6,6,9,More money,3,High end,4,New,3,0,NA,NA,NA,NA,NA,NA,NA,NA,NA,NA,NA,NA,NA,6,5,7,NA,NA,Just unsure of it all,2,1,1,0,3,NA,4,85,15,85,15,9,9,7,8,5,7,7,8,9,10,9,7,8,3,10,10,4,0,4,5,1,4,6,5,4,4,1,6,4,3,1,1,5,1,1,7,1,0,NA,0,10,6,1,It sounds exciting,50,Lawrence Livermore National Laboratory,"Some college, no degree",Female,"$50,000 to under $75,000",Metropolitan,White,No,Republican,NA,I did not vote,NA,South,Florida,Female,30-49,Some college/2-yr degree,White,South,Metropolitan,"> $50,000",Republican,3rd or didn't vote,1.8857192636199116
R_6OH1MPEi5j1oAyq,2025-03-19T18:28:08Z,2025-03-19T18:36:53Z,1,20,28,89052,3,4,4,4,5,nuclear,3,waste,2,radioactive,1,2,NA,NA,NA,NA,NA,NA,NA,NA,NA,NA,NA,NA,NA,3,4,4,NA,NA,I don't understand enough to know my thoughts,4,1,1,0,5,4,NA,30,70,50,50,7,7,7,7,7,7,7,7,2,7,8,7,6,4,5,7,4,1,4,5,4,4,7,2,4,3,7,4,4,4,4,1,5,4,4,4,2,1,9,NA,10,1,2,NA,10,US national laboratories for energy and security,High school graduate or GED,Male,"$50,000 to under $75,000",Metropolitan,White,No,Democrat,NA,I voted,Kamala Harris,West,Nevada,Male,18-29,HS or less,White,West,Metropolitan,"> $50,000",Democrat,Kamala Harris,0.6785248144964731
R_3TpfIejHI0ARi3l,2025-03-19T03:49:55Z,2025-03-19T03:55:25Z,1,30,15,52337,6,5,6,10,5,Don’t know what that is.,3,Confused,3,Not sure,3,0,NA,NA,NA,NA,NA,NA,NA,NA,NA,NA,NA,NA,NA,4,4,4,NA,NA,Just have never heard of it before,3,1,1,3,3,4,NA,50,50,50,50,5,10,1,6,1,10,5,6,10,6,5,6,10,6,5,10,5,10,1,4,7,1,4,1,4,4,5,4,4,4,7,7,4,4,7,1,3,1,10,NA,10,4,10,I don’t really know much about it,10,US national laboratories for energy and security,High school graduate or GED,Female,"$50,000 to under $75,000",Non-metro,White,No,Independent,Neither,I voted,Someone else,Midwest,Iowa,Female,30-49,HS or less,White,Midwest,Non-metro,"> $50,000",Independent,3rd or didn't vote,1.6498687317582377
R_1JUYWAcUYKbw6QQ,2025-03-19T20:21:57Z,2025-03-19T20:40:01Z,1,76,5,92131,10,10,10,9,10,Atoms or nuclear energy,1,Clean energy,2,Power plants,1,1,1,0,0,0,0,0,0,0,0,0,NA,4,4,1,1,1,"The potential for accidents and polluting the air with dangerous radiation levels. I don’t think energy needs to come from these sources when there are many other cleaner and more viable sources of lower cost energy, then fusion energy. I would completely oppose anything like that in my backyard. Don’t wanna 3 Mile Island happening  near me.",NA,NA,1,1,0,4,5,NA,1,100,0,0,100,2,1,1,1,10,10,10,10,0,5,8,3,7,7,4,5,5,3,6,6,3,5,4,3,3,3,3,5,5,6,4,6,3,5,4,4,2,1,10,NA,10,2,2,"Having watched and not lived that far away from three Mile Island, and Pennsylvania, under New Jersey resident at the time. I’m against any kind of nuclear involvement in production of energy. I think the risks are far too great to have that kind of energy development in overpopulated areas such as three Mile Island. I would find it disturbing and I’d wanna move if that would happen. I think there are too many risks involved no matter what they say that I don’t think should be taken by anyone when you’re talking about human life. If it just goes wrong once that would be enough to make it worth nothing",10,Lawrence Livermore National Laboratory,Post-graduate degree,Female,"$50,000 to under $75,000",Metropolitan,White,No,Democrat,NA,I voted,Kamala Harris,West,California,Female,65+,4-yr/post-graduate degree,White,West,Metropolitan,"> $50,000",Democrat,Kamala Harris,0.7910584996947108
R_6ASNAH3j7fT1Clr,2025-03-19T18:11:47Z,2025-03-19T18:20:14Z,1,37,6,80003,9,9,9,9,9,Fuse,3,Energy,4,Economy,4,0,NA,NA,NA,NA,NA,NA,NA,NA,NA,NA,NA,NA,NA,5,4,3,NA,NA,I need to do my. Own research and learn some More.. it's to new,2,1,1,0,2,5,NA,30,70,40,60,6,5,8,7,7,4,5,4,7,9,9,9,5,4,7,9,5,3,5,5,5,5,3,3,6,5,3,4,4,4,5,6,5,4,5,6,2,1,5,NA,8,4,3,NA,10,US national laboratories for energy and security,2-year or associate degree,Female,"$75,000 to under $100,000",Metropolitan,White,Yes,Democrat,NA,I voted,Kamala Harris,West,Colorado,Female,30-49,Some college/2-yr degree,Hispanic,West,Metropolitan,"> $50,000",Democrat,Kamala Harris,0.7264002784470986
R_5Fn2YdMeil7WTOq,2025-03-18T19:47:35Z,2025-03-18T19:56:11Z,1,30,17,40203,6,5,8,7,8,power source,4,Climate change,4,energetic motion,4,1,0,0,0,0,0,0,1,0,0,0,NA,6,1,6,6,6,NA,building changing resources around our economy and world,NA,3,1,0,1,1,NA,6,30,70,30,70,8,8,8,8,9,7,8,8,7,8,8,8,9,8,8,8,8,8,6,6,6,6,6,7,6,6,6,6,6,6,6,6,6,6,6,6,2,1,8,NA,8,4,8,reluctant energy,50,US national laboratories for energy and security,High school graduate or GED,Male,"$15,000 to under $50,000",Metropolitan,Black or African-American,No,Independent,Neither,I voted,Someone else,South,Kentucky,Male,30-49,HS or less,Black,South,Metropolitan,"< $50,000",Independent,3rd or didn't vote,1.3927521966510916
R_6awPiw6GgSDLSkd,2025-03-23T17:12:22Z,2025-03-23T17:21:36Z,1,42,38,18014,5,5,10,5,5,Nuclear,3,I don't know,3,None,3,0,NA,NA,NA,NA,NA,NA,NA,NA,NA,NA,NA,NA,NA,4,4,4,NA,NA,I don't know much about it thats why,3,1,1,0,3,NA,4,0,100,50,50,5,5,5,5,5,5,5,5,5,5,5,5,5,5,5,5,5,5,4,5,4,4,4,5,4,4,4,4,4,4,4,4,4,4,4,4,3,1,5,NA,5,4,5,Not really,50,Lawrence Livermore National Laboratory,2-year or associate degree,Female,"$15,000 to under $50,000",Metropolitan,Asian or Asian-American,No,Republican,NA,I voted,Kamala Harris,Northeast,Pennsylvania,Female,30-49,Some college/2-yr degree,Other,Northeast,Metropolitan,"< $50,000",Republican,Kamala Harris,0.5817765133844993
R_33afledPWJrUfpW,2025-03-19T19:52:19Z,2025-03-19T19:59:21Z,1,56,33,27360,10,10,10,10,10,Not sure,3,Not sure,3,Not sure,3,0,NA,NA,NA,NA,NA,NA,NA,NA,NA,NA,NA,NA,NA,4,4,4,NA,NA,Not sure,6,0,0,4,5,NA,4,50,50,50,50,6,6,6,6,6,6,6,6,6,6,6,6,6,7,6,6,7,6,4,4,4,4,5,4,4,4,4,5,5,4,4,4,4,5,4,4,3,1,5,NA,5,4,2,Sorry nothing,50,Lawrence Livermore National Laboratory,Some high school or less,Female,"Less than $15,000",Metropolitan,White,No,Republican,NA,I was not registered to vote,NA,South,North Carolina,Female,50-64,HS or less,White,South,Metropolitan,"< $50,000",Republican,3rd or didn't vote,1.615357260798427
R_7cwoW7Oabchsn20,2025-03-19T20:50:21Z,2025-03-19T20:56:27Z,1,75,18,70775,10,10,10,10,10,Nothing,3,Nothing,3,Nothing,3,0,NA,NA,NA,NA,NA,NA,NA,NA,NA,NA,NA,NA,NA,4,4,4,NA,NA,No comment no comment,2,1,1,0,5,NA,6,50,50,75,25,5,5,5,5,5,5,5,5,5,5,5,5,5,5,5,5,5,5,4,4,4,4,4,4,4,4,4,4,4,4,4,4,4,4,4,4,2,1,5,NA,5,4,5,NA,50,US national laboratories for energy and security,High school graduate or GED,Female,"$15,000 to under $50,000",Metropolitan,White,No,Republican,NA,I voted,Donald Trump,South,Louisiana,Female,65+,HS or less,White,South,Metropolitan,"< $50,000",Republican,Donald Trump,0.7859591462416268
R_5JjRoalqT8RPZpn,2025-03-19T16:35:11Z,2025-03-19T17:11:46Z,1,44,10,31516,3,10,5,5,10,Merge,4,Source,3,Togetherness,5,0,NA,NA,NA,NA,NA,NA,NA,NA,NA,NA,NA,NA,NA,7,7,7,NA,Anything that will be beneficial towards global warming I am completely down for,NA,1,1,1,0,1,7,NA,50,50,50,50,10,10,10,10,10,10,10,10,10,5,10,5,8,10,3,8,8,0,4,4,4,4,4,4,4,4,7,4,4,4,4,4,4,4,4,7,1,0,NA,0,10,1,0,No,10,Lawrence Livermore National Laboratory,"Some college, no degree",Female,"$15,000 to under $50,000",Non-metro,White,No,Democrat,NA,I voted,Kamala Harris,South,Georgia,Female,30-49,Some college/2-yr degree,White,South,Non-metro,"< $50,000",Democrat,Kamala Harris,0.537518954766787
R_5D9x6aFb746pyMh,2025-03-19T01:57:08Z,2025-03-19T14:26:52Z,1,45,5,91977,10,10,10,10,10,Complex,3,Not sure,3,NA,NA,1,0,0,0,0,0,0,0,0,1,0,NA,5,1,4,4,4,NA,NA,None,6,1,0,0,3,4,NA,50,50,50,50,5,5,5,5,5,5,6,5,4,6,7,4,8,5,5,3,5,4,4,4,4,4,4,4,4,4,4,4,4,4,4,4,4,4,4,4,3,1,5,NA,5,4,5,No,10,Lawrence Livermore National Laboratory,"Some college, no degree",Male,"$75,000 to under $100,000",Metropolitan,White,Yes,Democrat,NA,I voted,Kamala Harris,West,California,Male,30-49,Some college/2-yr degree,Hispanic,West,Metropolitan,"> $50,000",Democrat,Kamala Harris,0.7540629623803501
R_5f60DkOZKRtEHZL,2025-03-19T16:03:01Z,2025-03-19T16:10:08Z,1,24,43,77002,6,8,8,8,6,Nuclear,4,Nuclear,4,Nuclear,4,1,0,1,1,1,0,0,0,0,0,0,NA,6,3,3,4,2,Don’t think it’s safe to do so,NA,NA,3,1,1,0,3,4,NA,25,75,25,75,7,5,5,7,8,8,7,8,8,4,4,5,4,4,4,5,5,5,4,5,4,5,2,5,5,4,3,5,5,4,4,6,3,5,2,4,2,1,5,NA,6,5,3,None,10,US national laboratories for energy and security,4-year or bachelor degree,Male,"$75,000 to under $100,000",Metropolitan,Asian or Asian-American,No,Republican,NA,I voted,Donald Trump,South,Texas,Male,18-29,4-yr/post-graduate degree,Other,South,Metropolitan,"> $50,000",Republican,Donald Trump,0.9759225878154264
R_1l6jqxYRCj9uLDA,2025-03-18T19:26:22Z,2025-03-18T19:38:55Z,1,43,43,76660,10,10,10,10,8,To fuse together,3,Electricity,2,Not sure,2,0,NA,NA,NA,NA,NA,NA,NA,NA,NA,NA,NA,NA,NA,1,4,4,NA,NA,I don't know all the facts and im not totally for or against fusion energy.,4,1,1,0,1,3,NA,90,10,40,60,6,5,6,5,10,10,10,10,5,0,0,4,5,3,4,0,2,0,4,3,4,4,4,1,1,4,1,4,4,4,4,3,4,3,4,1,5,1,4,NA,6,4,0,NA,10,Lawrence Livermore National Laboratory,"Some college, no degree",Female,"Less than $15,000",Non-metro,White,No,Other or none,Neither,I voted,Donald Trump,South,Texas,Female,30-49,Some college/2-yr degree,White,South,Non-metro,"< $50,000",Independent,Donald Trump,0.5652543239655384
R_3YiI0UrpYZXcxR7,2025-03-19T14:46:05Z,2025-03-19T15:00:37Z,1,71,9,32034,2,5,1,5,1,Nuclear,3,Combining ions,3,non-poluting,4,1,0,0,1,0,0,0,0,1,0,0,NA,1,3,6,6,2,What if the facility explodes.  There are plenty of areas that have a low population.,NA,NA,2,1,1,0,5,4,NA,75,25,50,50,10,10,10,10,10,9,9,6,9,5,5,1,7,1,7,5,7,1,2,6,6,4,6,4,5,4,6,6,3,4,4,4,4,6,6,6,2,0,NA,2,2,5,5,No.,10,US national laboratories for energy and security,Post-graduate degree,Male,"$50,000 to under $75,000",Metropolitan,White,No,Republican,NA,I voted,Kamala Harris,South,Florida,Male,65+,4-yr/post-graduate degree,White,South,Metropolitan,"> $50,000",Republican,Kamala Harris,0.8789048036588227
R_1Bh74hCaNlV8ATj,2025-03-19T23:22:50Z,2025-03-19T23:33:50Z,1,29,17,40076,4,4,5,5,3,Don't know,3,New,3,Different,3,0,NA,NA,NA,NA,NA,NA,NA,NA,NA,NA,NA,NA,NA,4,4,4,NA,NA,I need to know more about it,3,1,1,0,1,4,NA,30,70,40,60,5,6,4,5,7,7,8,8,5,5,5,5,4,5,5,5,5,5,4,4,5,4,4,4,4,4,4,4,4,4,4,4,4,3,3,4,3,0,NA,6,6,4,6,It looks okay,50,US national laboratories for energy and security,High school graduate or GED,Female,"Less than $15,000",Metropolitan,White,No,Independent,The Republican Party,I voted,Donald Trump,South,Kentucky,Female,18-29,HS or less,White,South,Metropolitan,"< $50,000",Independent,Donald Trump,0.6146876381437667
R_1kzvBjQY2ewc1ro,2025-03-18T20:43:20Z,2025-03-19T00:48:20Z,1,57,17,40214,4,7,7,8,8,"science, electricity, lab",4,NA,4,NA,4,0,NA,NA,NA,NA,NA,NA,NA,NA,NA,NA,NA,NA,NA,4,2,1,fusion energy is just the disguise of nuclear power. that's what I find most concerning and troubling about it it's just too reactive it's it's too dangerous,NA,NA,6,0,0,0,4,1,NA,100,0,0,100,1,1,1,1,10,10,10,10,0,0,2,0,9,2,2,2,2,3,1,7,1,1,7,1,1,7,7,1,1,4,7,1,1,1,1,7,1,1,8,NA,10,2,1,I don't trust it,10,Lawrence Livermore National Laboratory,"Some college, no degree",Female,"$75,000 to under $100,000",Metropolitan,White,No,Independent,Neither,I voted,Kamala Harris,South,Kentucky,Female,50-64,Some college/2-yr degree,White,South,Metropolitan,"> $50,000",Independent,Kamala Harris,0.5376886270955856
R_4zCjWav3lqFnpWc,2025-03-19T18:30:07Z,2025-03-19T21:21:51Z,1,59,5,92081,4,6,4,4,3,unlimited power,4,clean energy,5,good science,3,1,1,0,0,0,0,0,0,1,0,0,NA,2,4,2,5,4,NA,NA,idont know enough about it to give a good descion,2,1,1,0,1,NA,4,75,25,30,70,9,10,7,6,10,8,8,10,0,3,4,3,6,4,9,4,7,1,3,3,4,3,2,3,2,5,1,3,3,2,4,4,2,3,5,3,2,0,NA,3,1,4,1,NA,50,US national laboratories for energy and security,High school graduate or GED,Male,"$100,000 to under $150,000",Metropolitan,Black or African-American,No,Independent,Neither,I did not vote,NA,West,California,Male,50-64,HS or less,Black,West,Metropolitan,"> $50,000",Independent,3rd or didn't vote,1.5600315578708464
R_5v6neU4rYvsJEwV,2025-03-20T21:01:02Z,2025-03-20T21:27:49Z,1,68,21,01566,10,8,10,8,9,Atomic,2,Energy,2,Shortage,2,0,NA,NA,NA,NA,NA,NA,NA,NA,NA,NA,NA,NA,NA,1,1,1,"To me it sounds like more Nuclear Energy being put into society.
I think we need more natural energy sources in this Country.",NA,NA,2,1,0,0,2,1,NA,50,50,35,65,10,7,8,8,10,10,10,10,7,7,7,10,10,5,10,9,10,4,5,5,4,4,7,1,4,1,1,4,4,4,4,1,7,4,1,1,5,1,8,NA,10,2,0,"I was not sure of this new Energy source that has been considered in the US and it's production. 
To be honest, it’s a creative and necessary alternative .",10,US national laboratories for energy and security,4-year or bachelor degree,Female,"$75,000 to under $100,000",Metropolitan,White,No,Democrat,NA,I voted,Kamala Harris,Northeast,Massachusetts,Female,65+,4-yr/post-graduate degree,White,Northeast,Metropolitan,"> $50,000",Democrat,Kamala Harris,0.7890742045212431
R_1atdLeMUKppwEZ3,2025-03-19T16:24:36Z,2025-03-19T16:30:14Z,1,71,5,94122,0,0,10,10,0,Scary,1,Angry,1,Depressed,1,1,0,0,0,1,0,0,0,0,0,0,NA,10,2,1,1,1,Very dangerous,NA,NA,2,1,0,3,4,NA,1,100,0,0,100,5,6,7,5,10,10,10,10,0,0,0,0,0,0,0,0,0,0,1,4,1,4,4,1,1,4,7,1,4,1,4,4,1,4,4,7,5,1,10,NA,10,3,0,Scary,10,US national laboratories for energy and security,Post-graduate degree,Male,"$100,000 to under $150,000",Metropolitan,Asian or Asian-American,No,Democrat,NA,I voted,Kamala Harris,West,California,Male,65+,4-yr/post-graduate degree,Other,West,Metropolitan,"> $50,000",Democrat,Kamala Harris,0.8175853392518433
R_50CRUgynrFJWNM6,2025-03-20T10:33:30Z,2025-03-20T10:40:00Z,1,33,33,27565,5,1,1,4,2,Saving lights,3,None,3,None,3,0,NA,NA,NA,NA,NA,NA,NA,NA,NA,NA,NA,NA,NA,3,2,3,None,NA,NA,1,0,0,0,4,2,NA,50,50,50,50,5,3,4,1,1,3,1,2,1,0,0,0,1,3,4,0,0,5,1,3,1,3,1,1,1,1,2,3,2,1,4,1,1,3,1,1,3,0,NA,2,2,4,1,None,50,US national laboratories for energy and security,High school graduate or GED,Female,"$15,000 to under $50,000",Non-metro,Black or African-American,No,Democrat,NA,I did not vote,NA,South,North Carolina,Female,30-49,HS or less,Black,South,Non-metro,"< $50,000",Democrat,3rd or didn't vote,1.4946074633377413
R_79nlVkPks3FIwy5,2025-03-20T22:36:32Z,2025-03-20T22:46:21Z,1,66,28,89104,10,10,10,10,10,I'm,3,Not,3,Sure,3,0,NA,NA,NA,NA,NA,NA,NA,NA,NA,NA,NA,NA,NA,4,4,4,NA,NA,I'm really not quite understanding how fusion energy works.,1,1,1,0,5,4,NA,99,1,50,50,10,10,10,10,10,10,10,10,5,6,5,5,5,5,5,5,5,0,4,4,5,4,4,4,4,4,7,4,4,4,6,4,4,4,5,1,3,1,5,NA,10,7,10,NA,50,US national laboratories for energy and security,High school graduate or GED,Female,"$15,000 to under $50,000",Metropolitan,White,No,Republican,NA,I voted,Donald Trump,West,Nevada,Female,65+,HS or less,White,West,Metropolitan,"< $50,000",Republican,Donald Trump,0.7900189968441489
R_7KaAfwtRBm95yaR,2025-03-19T16:09:13Z,2025-03-19T16:16:36Z,1,66,6,80903,9,9,7,10,10,works,5,need,5,quickly,5,1,0,0,1,0,0,1,0,0,0,0,NA,8,3,7,7,7,NA,fusion energy is needed badly,NA,2,1,1,3,1,NA,6,30,70,60,40,10,9,10,10,10,3,10,9,10,10,9,7,9,10,10,9,10,4,4,4,4,4,4,4,4,4,2,4,5,5,4,4,4,4,4,2,1,1,10,NA,9,4,5,thank you,50,Lawrence Livermore National Laboratory,High school graduate or GED,Male,"$50,000 to under $75,000",Metropolitan,White,No,Republican,NA,I voted,Donald Trump,West,Colorado,Male,65+,HS or less,White,West,Metropolitan,"> $50,000",Republican,Donald Trump,0.9123497084932136
R_3rcWvp3BbOkjXpq,2025-03-19T14:55:00Z,2025-03-19T15:17:37Z,1,67,6,80917,5,8,5,8,2,None,3,None,3,None,3,0,NA,NA,NA,NA,NA,NA,NA,NA,NA,NA,NA,NA,NA,4,5,3,NA,NA,"It's the "" who knows "" factor. Hate to see a major disaster.",4,1,1,0,5,5,NA,100,0,0,100,10,10,10,10,10,10,10,10,8,10,10,10,10,10,10,10,10,10,4,4,4,4,4,4,4,4,4,4,4,4,4,4,4,4,4,4,2,0,NA,0,0,5,2,I dont understand it.,50,US national laboratories for energy and security,High school graduate or GED,Male,"$75,000 to under $100,000",Metropolitan,White,No,Republican,NA,I voted,Donald Trump,West,Colorado,Male,65+,HS or less,White,West,Metropolitan,"> $50,000",Republican,Donald Trump,0.9123497084932136
R_13wI9Oxw6TnBoDz,2025-03-20T20:11:48Z,2025-03-20T20:17:32Z,1,62,10,30830,6,6,7,5,7,NA,4,NA,2,na,2,2,NA,NA,NA,NA,NA,NA,NA,NA,NA,NA,NA,NA,NA,1,4,5,NA,NA,na,3,1,1,4,5,NA,4,50,50,75,25,6,8,5,8,6,4,5,7,5,6,4,7,6,8,8,6,7,7,3,4,3,6,3,3,4,6,5,5,3,5,4,5,4,5,5,4,3,1,5,NA,5,4,5,na,10,Lawrence Livermore National Laboratory,High school graduate or GED,Female,"$15,000 to under $50,000",Metropolitan,Black or African-American,No,Democrat,NA,I voted,Kamala Harris,South,Georgia,Female,50-64,HS or less,Black,South,Metropolitan,"< $50,000",Democrat,Kamala Harris,0.5187666948336701
R_3fLg96DbtS2Esy5,2025-03-20T01:15:09Z,2025-03-20T01:21:00Z,1,40,14,46151,10,10,10,10,10,New wave,5,Strong,5,Hopeful future,4,0,NA,NA,NA,NA,NA,NA,NA,NA,NA,NA,NA,NA,NA,7,6,5,NA,NA,I’m not sure what the negative effects could be of all of this,3,1,1,0,3,4,NA,75,25,75,25,7,4,7,7,7,8,6,4,6,8,5,7,10,6,6,9,4,8,5,4,6,6,4,5,6,6,5,7,7,7,6,5,6,5,5,7,4,1,10,NA,10,4,10,It sounds gay,10,Lawrence Livermore National Laboratory,"Some college, no degree",Female,"$100,000 to under $150,000",Metropolitan,White,No,Independent,The Republican Party,I voted,Donald Trump,Midwest,Indiana,Female,30-49,Some college/2-yr degree,White,Midwest,Metropolitan,"> $50,000",Independent,Donald Trump,0.7094619602211502
R_3lKBc8TTFLWmyqw,2025-03-19T20:41:48Z,2025-03-19T20:48:13Z,1,24,38,16686,6,8,5,6,10,Coming together,3,Sustainability,5,Conservation,4,0,NA,NA,NA,NA,NA,NA,NA,NA,NA,NA,NA,NA,NA,4,5,4,NA,NA,I'm neutral on this,2,1,1,0,5,NA,5,5,95,70,30,10,10,10,7,1,5,5,4,6,6,10,6,10,10,3,10,5,8,3,4,3,3,4,5,3,3,5,1,2,5,4,4,5,4,4,5,2,1,8,NA,8,7,3,No comment,50,US national laboratories for energy and security,High school graduate or GED,Female,"$75,000 to under $100,000",Metropolitan,White,No,Republican,NA,I voted,Donald Trump,Northeast,Pennsylvania,Female,18-29,HS or less,White,Northeast,Metropolitan,"> $50,000",Republican,Donald Trump,0.8281349082732227
R_31yEsVCmSrB3Oil,2025-03-21T17:44:51Z,2025-03-21T18:43:37Z,1,24,40,29860,5,4,7,5,4,Becoming conjoined,3,Vibration,3,Climate,3,1,0,0,0,0,0,0,0,0,0,1,School,3,3,2,4,1,There is already one near me,NA,NA,4,1,1,0,2,NA,3,70,30,30,70,6,8,6,6,5,7,7,5,4,6,4,7,7,3,7,7,9,0,4,3,4,4,6,3,4,2,7,4,3,4,4,2,5,3,4,1,2,1,4,NA,5,4,1,No,50,Lawrence Livermore National Laboratory,High school graduate or GED,Male,"$50,000 to under $75,000",Metropolitan,Black or African-American,No,Independent,Neither,I did not vote,NA,South,South Carolina,Male,18-29,HS or less,Black,South,Metropolitan,"> $50,000",Independent,3rd or didn't vote,1.7572726315815845
R_5QnhtB1q8q5Ijkh,2025-03-19T17:24:32Z,2025-03-19T17:39:04Z,1,55,3,85022,8,4,7,0,8,Nucluer,1,Energy,3,Radiation,1,0,NA,NA,NA,NA,NA,NA,NA,NA,NA,NA,NA,NA,NA,2,1,1,I don't think it's good at all because of the radiation. Also the high temperature and pressures,NA,NA,2,0,0,0,4,NA,1,30,70,70,30,5,7,5,1,1,5,5,1,1,0,0,0,0,5,0,1,0,0,1,1,1,1,7,2,1,4,1,1,1,4,1,5,2,1,1,1,5,0,NA,7,2,5,0,Thank you,50,Lawrence Livermore National Laboratory,2-year or associate degree,Female,"$15,000 to under $50,000",Metropolitan,White,No,Republican,NA,I did not vote,NA,West,Arizona,Female,50-64,Some college/2-yr degree,White,West,Metropolitan,"< $50,000",Republican,3rd or didn't vote,1.7066803131488335
R_6MDqk7rffRWssSG,2025-03-19T15:58:47Z,2025-03-19T16:22:42Z,1,69,23,56377,9,9,8,9,8,nuclear power?,3,Not sure of the impact.,4,questionable,2,1,0,1,0,1,1,0,0,0,0,0,NA,5,3,4,5,5,NA,NA,Not knowing the the safety of fusion energy I have some concerns.,2,1,1,0,5,5,NA,50,50,50,50,10,8,8,8,9,9,9,8,5,5,5,4,4,0,5,5,5,5,5,5,2,2,1,5,5,5,2,6,6,2,6,1,6,6,6,2,3,1,5,NA,5,4,0,I hope fusion energy moves forward.,10,Lawrence Livermore National Laboratory,4-year or bachelor degree,Male,"$50,000 to under $75,000",Metropolitan,White,No,Independent,Neither,I voted,Donald Trump,Midwest,Minnesota,Male,65+,4-yr/post-graduate degree,White,Midwest,Metropolitan,"> $50,000",Independent,Donald Trump,0.9617501573177266
R_6J8Cvp9TwPPJwMv,2025-03-19T16:32:46Z,2025-03-19T16:57:48Z,1,43,32,10453,5,10,10,5,8,Unique,3,Indifferent,3,Stress,2,0,NA,NA,NA,NA,NA,NA,NA,NA,NA,NA,NA,NA,NA,4,5,4,NA,NA,I don’t know what the concerns maybe about fusion energy so even though it sounds like it would be really good for the plant I can’t make a decision without knowing all the facts,3,1,1,0,2,NA,5,30,70,50,50,6,5,7,10,10,3,10,4,10,4,10,5,7,8,10,6,10,0,3,4,5,4,1,4,4,4,5,3,4,4,4,3,4,4,4,5,3,1,7,NA,10,1,2,No I do not have any further view on fusion energy,50,Lawrence Livermore National Laboratory,High school graduate or GED,Female,"Less than $15,000",Metropolitan,Black or African-American,No,Democrat,NA,I voted,Kamala Harris,Northeast,New York,Female,30-49,HS or less,Black,Northeast,Metropolitan,"< $50,000",Democrat,Kamala Harris,0.51926508185633
R_1FXrt3mrG6hEANt,2025-03-19T21:42:37Z,2025-03-19T21:56:42Z,1,68,15,51510,7,4,7,8,5,"Coal, solar, gas",4,Electricity,4,Costly,1,0,NA,NA,NA,NA,NA,NA,NA,NA,NA,NA,NA,NA,NA,7,7,7,NA,It is probable no worse or better than the risk we have with nuclear power plants.  So I would have it in my community,NA,3,1,1,2,2,4,NA,70,30,40,60,8,10,8,7,6,6,8,4,9,10,9,4,5,4,7,7,8,7,4,4,2,4,6,3,4,3,4,4,3,4,3,7,5,3,5,4,2,1,7,NA,8,4,1,"Fusion energy,  even though 10 to 25 years out has the same risk as nuclear energy",10,US national laboratories for energy and security,"Some college, no degree",Male,"$75,000 to under $100,000",Metropolitan,White,No,Democrat,NA,I voted,Kamala Harris,Midwest,Iowa,Male,65+,Some college/2-yr degree,White,Midwest,Metropolitan,"> $50,000",Democrat,Kamala Harris,0.8408559342251968
R_3myIttBwjDqzejT,2025-03-19T16:19:58Z,2025-03-19T17:00:58Z,1,51,38,19132,4,8,9,9,6,Fusion reaction,2,Nuclear,1,Energy,4,1,0,0,0,1,0,1,0,1,0,0,NA,4,2,5,4,1,Hosting this type of facility could be dangerous because working with splicing atoms could be very volatile,NA,NA,2,1,1,0,3,NA,6,60,40,30,70,10,9,9,9,9,3,10,10,10,8,9,8,9,9,5,8,9,5,4,4,3,4,6,2,5,4,3,4,4,4,4,4,7,5,5,5,2,1,8,NA,9,5,5,NA,10,US national laboratories for energy and security,4-year or bachelor degree,Male,"$100,000 to under $150,000",Metropolitan,Black or African-American,No,Other or none,Neither,I voted,Kamala Harris,Northeast,Pennsylvania,Male,50-64,4-yr/post-graduate degree,Black,Northeast,Metropolitan,"> $50,000",Independent,Kamala Harris,0.6116611107077072
R_3G9WqRICbfL8eyr,2025-03-19T16:06:29Z,2025-03-19T16:18:17Z,1,68,13,61109,5,5,5,7,5,cheap energy,4,efficient energy,4,creates jobs,4,1,0,1,0,0,0,0,0,0,0,0,NA,6,2,5,5,5,NA,NA,I already have a nuclear power plant nearby and a fusion plant would be overkill,2,1,1,0,3,NA,5,85,15,60,40,7,7,7,8,4,5,6,5,7,7,7,6,8,5,6,7,5,4,6,5,5,6,3,4,5,6,3,5,5,5,6,3,4,5,5,3,1,0,NA,7,7,5,4,NA,10,US national laboratories for energy and security,Post-graduate degree,Male,"$50,000 to under $75,000",Metropolitan,White,No,Independent,The Republican Party,I voted,Donald Trump,Midwest,Illinois,Male,65+,4-yr/post-graduate degree,White,Midwest,Metropolitan,"> $50,000",Independent,Donald Trump,0.9617501573177266
R_5qVttbbiCJwIiBT,2025-03-19T18:38:14Z,2025-03-19T18:48:20Z,1,72,10,31320,9,8,9,8,7,Great if it works,4,Nice,4,unlimited fuel,4,1,0,1,0,1,0,0,0,1,0,0,NA,6,2,4,5,5,NA,NA,I don't know the good or the bad of this,3,1,1,4,3,5,NA,60,40,60,40,8,8,9,8,8,8,8,7,9,7,7,8,8,7,7,8,8,7,4,4,5,5,4,5,5,5,4,4,4,5,4,4,5,4,5,4,2,1,7,NA,7,4,6,NA,10,Lawrence Livermore National Laboratory,High school graduate or GED,Male,"$50,000 to under $75,000",Metropolitan,White,No,Independent,The Republican Party,I voted,Donald Trump,South,Georgia,Male,65+,HS or less,White,South,Metropolitan,"> $50,000",Independent,Donald Trump,0.7514778171287478
R_6CJ6k6oFqArnne0,2025-03-19T16:16:58Z,2025-03-19T16:48:18Z,1,29,18,70791,10,10,10,10,10,Good,5,Great,5,Unique,5,0,NA,NA,NA,NA,NA,NA,NA,NA,NA,NA,NA,NA,NA,2,1,2,I don't know.,NA,NA,6,0,0,4,5,4,NA,50,50,50,50,1,1,1,1,1,1,1,1,1,0,0,0,0,0,0,0,0,0,1,1,1,1,1,1,1,1,1,1,1,1,1,1,1,1,1,1,3,0,NA,0,0,4,0,Not that I know of.,50,US national laboratories for energy and security,High school graduate or GED,Female,"Less than $15,000",Metropolitan,Black or African-American,No,Independent,Neither,I did not vote,NA,South,Louisiana,Female,18-29,HS or less,Black,South,Metropolitan,"< $50,000",Independent,3rd or didn't vote,1.5216520032395977
R_3dyXVPdxE33BhFU,2025-03-21T03:18:36Z,2025-03-21T03:29:37Z,1,29,28,89109,5,8,6,4,3,Cost,3,How is it going to help me save?,3,Outcome,3,0,NA,NA,NA,NA,NA,NA,NA,NA,NA,NA,NA,NA,NA,5,3,4,NA,NA,Never really heard much about it.,2,1,1,0,2,NA,3,50,50,50,50,4,4,5,5,5,4,4,6,3,6,4,4,4,4,5,4,4,4,3,4,3,4,4,4,4,4,3,4,4,4,4,3,3,3,4,3,3,1,3,NA,5,4,3,Not really,50,Lawrence Livermore National Laboratory,Some high school or less,Female,"Less than $15,000",Metropolitan,White,No,Independent,Neither,I voted,Kamala Harris,West,Nevada,Female,18-29,HS or less,White,West,Metropolitan,"< $50,000",Independent,Kamala Harris,0.523327447067879
R_7JqO51uE9oT0O0p,2025-03-19T23:11:27Z,2025-03-19T23:32:43Z,1,67,46,24224,9,10,10,9,1,Never heard of it.,3,???,3,Don't know,3,0,NA,NA,NA,NA,NA,NA,NA,NA,NA,NA,NA,NA,NA,7,7,7,NA,"If it would give me cheap or free electricity, I'm all for it.",NA,1,1,1,0,3,7,NA,20,80,80,20,10,10,10,10,3,6,2,1,10,9,2,8,9,0,9,9,9,1,3,5,6,4,2,5,6,6,1,2,2,1,2,1,2,2,2,1,1,0,NA,10,1,4,0,No,10,US national laboratories for energy and security,High school graduate or GED,Male,"$15,000 to under $50,000",Metropolitan,White,No,Independent,Neither,I voted,Donald Trump,South,Virginia,Male,65+,HS or less,White,South,Metropolitan,"< $50,000",Independent,Donald Trump,0.6754978482417048
R_6ONHMmWEc0Blg6S,2025-03-19T18:50:46Z,2025-03-19T19:02:44Z,1,56,20,20886,8,9,10,10,5,New,3,Life,4,Everyday,4,0,NA,NA,NA,NA,NA,NA,NA,NA,NA,NA,NA,NA,NA,4,4,4,NA,NA,I do not know enough how fusion energy works to make a more favorable decision.,3,1,1,0,3,NA,5,80,20,50,50,7,8,10,7,7,10,8,7,10,4,6,4,4,8,5,5,9,4,3,5,6,6,7,6,5,5,4,4,6,5,7,6,7,5,7,4,1,1,9,NA,9,2,1,NA,50,US national laboratories for energy and security,High school graduate or GED,Female,"$100,000 to under $150,000",Metropolitan,Native American or American Indian,Yes,Democrat,NA,I voted,Kamala Harris,South,Maryland,Female,50-64,HS or less,Hispanic,South,Metropolitan,"> $50,000",Democrat,Kamala Harris,0.6886874762420292
R_3JK383fwvgdWsWc,2025-03-20T06:16:32Z,2025-03-20T06:22:38Z,1,58,38,15906,10,10,10,10,10,Nothing,3,Nothing,3,Nothing,3,2,NA,NA,NA,NA,NA,NA,NA,NA,NA,NA,NA,NA,NA,4,4,4,NA,NA,I would need more information first to make an informed decision,6,1,1,0,5,4,NA,50,50,50,50,5,5,5,5,5,5,5,5,9,5,5,5,5,5,5,5,5,5,4,4,4,4,4,4,4,4,4,5,4,4,4,5,4,4,5,4,2,1,5,NA,7,4,5,Nothing in particular,10,US national laboratories for energy and security,High school graduate or GED,Female,"$75,000 to under $100,000",Metropolitan,White,No,Democrat,NA,I voted,Donald Trump,Northeast,Pennsylvania,Female,50-64,HS or less,White,Northeast,Metropolitan,"> $50,000",Democrat,Donald Trump,0.679858570665288
R_1pycWOh80AQkpJo,2025-03-18T21:39:58Z,2025-03-18T21:47:42Z,1,58,18,71201,5,5,5,5,5,Nuclear,4,Energy,3,POWER,3,1,1,1,0,0,0,0,0,1,0,0,NA,4,4,4,4,3,NA,NA,not really sure what to say. nuclear reaction could be harmful,4,1,1,0,5,4,NA,50,50,50,50,5,5,5,5,5,5,5,5,5,5,5,5,5,5,5,5,5,5,4,4,4,4,4,4,4,4,4,4,4,4,4,4,4,4,4,4,3,1,5,NA,5,4,5,it could be beneficial to people in the long run,50,US national laboratories for energy and security,2-year or associate degree,Male,"$15,000 to under $50,000",Metropolitan,White,No,Republican,NA,I did not vote,NA,South,Louisiana,Male,50-64,Some college/2-yr degree,White,South,Metropolitan,"< $50,000",Republican,3rd or didn't vote,1.7625693936387532
R_3YJ1enHYo1wWBBp,2025-03-21T16:04:54Z,2025-03-21T16:12:18Z,1,50,10,30606,8,9,8,8,9,Na,3,Na,3,Na,3,2,NA,NA,NA,NA,NA,NA,NA,NA,NA,NA,NA,NA,NA,4,4,4,NA,NA,Just hearing about this don't know much,3,1,1,0,5,NA,5,50,50,60,40,6,6,5,5,6,6,6,7,6,5,5,5,5,5,7,7,6,7,4,4,4,5,4,4,6,4,4,4,5,4,3,3,5,5,3,3,3,0,NA,6,7,2,7,No,10,US national laboratories for energy and security,"Some college, no degree",Female,"$50,000 to under $75,000",Metropolitan,Black or African-American,No,Democrat,NA,I voted,Donald Trump,South,Georgia,Female,50-64,Some college/2-yr degree,Black,South,Metropolitan,"> $50,000",Democrat,Donald Trump,0.7161909661274402
R_11HowYe0gcjna1s,2025-03-18T21:19:32Z,2025-03-18T21:31:00Z,1,56,9,32352,7,7,6,8,7,Energy from a fusion a tank or holding object,3,A tube of gas filled air,3,Treated air,3,0,NA,NA,NA,NA,NA,NA,NA,NA,NA,NA,NA,NA,NA,4,1,1,I don't know what fusion air or energy is and I think it is something that will probably not good or plants or any human beings,NA,NA,6,0,0,0,5,NA,4,100,0,0,100,5,5,5,5,5,6,6,6,5,5,5,5,5,5,5,6,5,5,5,3,4,4,5,4,4,3,3,3,3,3,3,3,3,3,3,3,3,0,NA,5,5,6,8,None,10,Lawrence Livermore National Laboratory,Some high school or less,Female,"Less than $15,000",Metropolitan,Black or African-American,No,Democrat,NA,I voted,Kamala Harris,South,Florida,Female,50-64,HS or less,Black,South,Metropolitan,"< $50,000",Democrat,Kamala Harris,0.5187666948336701
R_51gUGxyFdyIUiW0,2025-03-21T01:47:08Z,2025-03-21T01:59:06Z,1,47,6,80537,10,10,10,10,10,Science,3,Nuclear,1,Genius,4,0,NA,NA,NA,NA,NA,NA,NA,NA,NA,NA,NA,NA,NA,4,4,4,NA,NA,I definitely don't know enough about it to have an opinion,2,1,1,0,5,4,NA,25,75,50,50,5,5,5,5,5,5,5,5,0,5,5,5,5,5,5,5,5,0,4,4,4,4,4,4,4,4,4,4,4,4,4,4,4,4,4,4,5,1,8,NA,8,4,2,No,50,US national laboratories for energy and security,"Some college, no degree",Female,"$50,000 to under $75,000",Metropolitan,White,No,Other or none,Neither,I did not vote,NA,West,Colorado,Female,30-49,Some college/2-yr degree,White,West,Metropolitan,"> $50,000",Independent,3rd or didn't vote,1.5693036675808427
R_1tF0dP3oRHGfxVT,2025-03-18T20:18:25Z,2025-03-18T20:36:30Z,1,55,35,45237,10,10,10,10,10,Clean,5,Abundant,5,Milestone,4,2,NA,NA,NA,NA,NA,NA,NA,NA,NA,NA,NA,NA,NA,7,7,7,NA,Fusion energy is a proposed form of power it could be a positive form of energy,NA,3,1,1,0,3,7,NA,50,50,40,60,10,9,6,9,10,6,8,1,10,0,10,7,9,8,6,10,10,6,1,4,5,4,3,4,4,1,1,1,4,1,4,4,3,4,4,1,3,0,NA,5,10,2,5,NA,50,Lawrence Livermore National Laboratory,High school graduate or GED,Female,"$50,000 to under $75,000",Metropolitan,White,No,Democrat,NA,I voted,Kamala Harris,Midwest,Ohio,Female,50-64,HS or less,White,Midwest,Metropolitan,"> $50,000",Democrat,Kamala Harris,0.6429286077894318
R_7W4p6VXnSoO24yR,2025-03-18T21:20:24Z,2025-03-18T21:35:47Z,1,39,13,61263,7,8,7,9,7,Nuclear,2,Danger,1,Illiterate,3,1,0,0,0,1,0,0,0,1,0,0,NA,3,2,3,3,2,I think it’s dangerous and don’t want to be the test dummies for a pilot fusion reactor,NA,NA,2,1,1,0,2,NA,4,75,25,30,70,5,7,8,4,7,6,9,4,3,5,5,5,6,5,3,5,7,0,3,3,5,4,5,1,3,4,6,3,5,5,4,5,6,4,4,6,2,1,6,NA,6,5,2,I think it’s dangerous and should be carefully and fully researched before trying to operate it around living beings. How can energy hotter than the sun be safe for earth? How can that safely be handled?,50,US national laboratories for energy and security,"Some college, no degree",Female,"$75,000 to under $100,000",Non-metro,White,No,Other or none,The Republican Party,I voted,Donald Trump,Midwest,Illinois,Female,30-49,Some college/2-yr degree,White,Midwest,Non-metro,"> $50,000",Independent,Donald Trump,0.7039561345954582
R_1k1Bt0VZjikhFmR,2025-03-20T19:28:06Z,2025-03-20T19:41:16Z,1,64,50,82601,10,10,10,10,10,Cost,5,Jobs,5,Finance,5,0,NA,NA,NA,NA,NA,NA,NA,NA,NA,NA,NA,NA,NA,4,7,7,NA,That it will help our environment,NA,6,1,1,0,5,NA,4,50,50,100,0,10,10,10,10,1,1,1,1,10,10,0,10,0,0,10,10,10,4,7,7,7,7,7,7,7,7,7,4,1,7,4,1,4,7,1,7,3,1,10,NA,10,4,0,Nothing,10,US national laboratories for energy and security,Some high school or less,Female,"Less than $15,000",Metropolitan,White,No,Other or none,Neither,I did not vote,NA,West,Wyoming,Female,50-64,HS or less,White,West,Metropolitan,"< $50,000",Independent,3rd or didn't vote,1.3443072480248426
R_5LLPH2HKI9yYpZM,2025-03-19T01:57:04Z,2025-03-19T02:10:12Z,1,50,38,19044,10,7,8,10,7,Expansion,3,Powerful,3,Hopeful,4,0,NA,NA,NA,NA,NA,NA,NA,NA,NA,NA,NA,NA,NA,4,4,4,NA,NA,Mixed emotions,2,1,1,0,3,NA,4,40,60,60,40,7,7,8,5,7,6,6,7,6,6,6,7,6,6,5,7,6,7,5,4,5,3,5,6,5,4,5,5,5,5,5,3,5,5,4,5,3,1,6,NA,7,7,7,Something positive,10,Lawrence Livermore National Laboratory,4-year or bachelor degree,Male,"$50,000 to under $75,000",Metropolitan,Black or African-American,No,Democrat,NA,I voted,Kamala Harris,Northeast,Pennsylvania,Male,50-64,4-yr/post-graduate degree,Black,Northeast,Metropolitan,"> $50,000",Democrat,Kamala Harris,0.68671935491103675
R_6cc4hR4EJ4XGojd,2025-03-20T15:43:25Z,2025-03-20T15:56:30Z,1,62,46,23434,8,8,10,10,0,confusion,3,new,3,promising,3,1,0,1,0,0,0,1,0,0,0,0,NA,3,4,5,4,4,NA,NA,I really dont know enough about it.  It sounds promising but I am not aware of all the potential risks,3,1,1,0,5,1,NA,100,0,50,50,1,9,9,9,5,5,2,2,7,2,1,6,3,0,9,1,5,1,5,5,4,5,7,2,5,4,7,3,3,3,3,1,6,3,4,1,2,0,NA,9,0,7,2,Nothing comes to mind. I need to study it more,50,Lawrence Livermore National Laboratory,4-year or bachelor degree,Male,"$150,000 to under $200,000",Metropolitan,White,No,Republican,NA,I voted,Donald Trump,South,Virginia,Male,50-64,4-yr/post-graduate degree,White,South,Metropolitan,"> $50,000",Republican,Donald Trump,0.8657234075150076
R_5aFxXKKdDmdfBto,2025-03-20T22:35:29Z,2025-03-20T23:07:56Z,1,67,3,85745,8,10,10,10,10,Not sure,3,A combination of energy sources,3,An energy source that is not environmentally safe,1,0,NA,NA,NA,NA,NA,NA,NA,NA,NA,NA,NA,NA,NA,3,3,1,"I do not have enough information nor pros and cons about fusion energy to make a formal decision, but the discussion of atoms and power plants bring thoughts of nuclear energy, which I opposed.",NA,NA,3,1,0,0,4,NA,3,20,80,15,85,1,1,1,1,10,10,10,10,0,5,8,5,5,8,5,5,7,3,1,4,3,4,4,2,3,4,3,6,4,4,4,4,6,5,5,6,2,1,10,NA,10,1,6,"After going through this survey and learning more about fusion energy I feel that pursuing an energy source that will create radioactive materials, albeit less than nuclear, would only add to the poison already within this planet. Radioactive materials are poisonous for eternity nor can they be broken down into anything useful or recyclable.",10,Lawrence Livermore National Laboratory,4-year or bachelor degree,Female,"$15,000 to under $50,000",Metropolitan,White,No,Democrat,NA,I voted,Kamala Harris,West,Arizona,Female,65+,4-yr/post-graduate degree,White,West,Metropolitan,"< $50,000",Democrat,Kamala Harris,0.7110766308695161
R_7vlgqKLUvjrptLh,2025-03-19T16:55:04Z,2025-03-20T00:06:33Z,1,68,23,55719,9,10,9,10,9,Unknown,3,Information needed,3,Energy alternative,3,0,NA,NA,NA,NA,NA,NA,NA,NA,NA,NA,NA,NA,NA,4,4,4,NA,NA,Unknown about process & environment effects,2,1,1,0,3,NA,4,50,50,50,50,10,10,10,10,1,1,1,5,6,8,8,10,10,10,5,8,10,5,4,4,4,4,5,3,4,4,7,4,4,4,4,4,4,4,4,5,1,1,10,NA,10,1,5,NA,10,US national laboratories for energy and security,"Some college, no degree",Female,"$50,000 to under $75,000",Metropolitan,Native American or American Indian,No,Democrat,NA,I voted,Kamala Harris,Midwest,Minnesota,Female,65+,Some college/2-yr degree,Other,Midwest,Metropolitan,"> $50,000",Democrat,Kamala Harris,0.8064600745496862
R_57le2KXb4i5nj03,2025-03-19T17:17:22Z,2025-03-19T17:26:35Z,1,46,36,74134,10,10,10,10,10,Unique,5,Interesting,5,Very well,5,2,NA,NA,NA,NA,NA,NA,NA,NA,NA,NA,NA,NA,NA,7,7,7,NA,I find it attractive because of its natural energy and low electricity costs.,NA,2,1,1,0,1,NA,7,60,40,60,40,10,10,10,10,10,10,10,10,10,10,10,10,10,10,10,10,10,10,5,4,6,6,7,6,6,7,7,6,6,7,6,5,6,6,5,6,1,1,10,NA,8,1,10,It's interesting and positive,50,US national laboratories for energy and security,4-year or bachelor degree,Female,"$75,000 to under $100,000",Metropolitan,White,Yes,Independent,Neither,I voted,Kamala Harris,South,Oklahoma,Female,30-49,4-yr/post-graduate degree,Hispanic,South,Metropolitan,"> $50,000",Independent,Kamala Harris,0.7001008156733383
R_7Kra0BHz47sKVvI,2025-03-20T16:14:00Z,2025-03-20T16:22:12Z,1,35,46,24333,5,3,8,7,7,Advanced,4,Future,3,Different,4,0,NA,NA,NA,NA,NA,NA,NA,NA,NA,NA,NA,NA,NA,5,4,3,NA,NA,I’m not sure how safe it would be.,4,1,0,0,1,NA,3,60,40,35,65,6,8,3,7,10,10,6,9,7,6,8,5,2,3,7,7,6,8,4,6,4,4,5,4,5,5,2,5,2,4,4,4,6,5,4,5,3,1,5,NA,9,7,3,No,10,US national laboratories for energy and security,High school graduate or GED,Male,"$15,000 to under $50,000",Non-metro,White,No,Republican,NA,I voted,Donald Trump,South,Virginia,Male,30-49,HS or less,White,South,Non-metro,"< $50,000",Republican,Donald Trump,0.6742750389963988
R_3ccufboGPTRT8ZZ,2025-03-19T16:21:38Z,2025-03-19T16:32:07Z,1,68,43,77590,5,7,9,7,5,Never heard of it,3,NA,3,NA,3,0,NA,NA,NA,NA,NA,NA,NA,NA,NA,NA,NA,NA,NA,4,4,4,NA,NA,I never heard of it sounds like,6,0,0,0,5,NA,4,40,60,20,80,5,5,5,5,5,5,5,5,5,5,5,7,5,5,5,5,5,5,4,4,4,4,4,4,4,4,1,4,4,4,4,1,4,4,4,1,3,0,NA,3,5,4,5,NA,10,Lawrence Livermore National Laboratory,Some high school or less,Female,"Less than $15,000",Metropolitan,White,No,Democrat,NA,I voted,Kamala Harris,South,Texas,Female,65+,HS or less,White,South,Metropolitan,"< $50,000",Democrat,Kamala Harris,0.6187885264125149
R_5thS4nAznxdC21x,2025-03-19T14:24:19Z,2025-03-19T14:39:50Z,1,59,10,30344,10,10,10,10,10,To be considered,3,Maybe,3,Not sure,3,0,NA,NA,NA,NA,NA,NA,NA,NA,NA,NA,NA,NA,NA,4,4,5,NA,NA,I needed a lot more,2,1,1,3,3,NA,4,50,50,50,50,7,7,6,6,4,7,6,10,10,10,10,10,10,10,10,10,9,10,4,4,3,4,4,4,4,4,4,5,7,4,4,4,6,7,4,7,3,1,10,NA,10,4,10,Nothing at all,10,Lawrence Livermore National Laboratory,High school graduate or GED,Female,"$15,000 to under $50,000",Metropolitan,Black or African-American,Yes,Democrat,NA,I voted,Kamala Harris,South,Georgia,Female,50-64,HS or less,Hispanic,South,Metropolitan,"< $50,000",Democrat,Kamala Harris,0.6190560755205882
R_5j7Edx7rSFlZeRX,2025-03-22T19:44:42Z,2025-03-22T20:01:06Z,1,72,5,95341,6,9,8,8,6,Experimental,3,Possible,4,Future,4,1,0,1,0,0,0,0,0,0,0,0,NA,2,1,5,6,5,NA,NA,The process has not been perfected and no one knows what will happen if a successful operational fusion power system goes on line,3,1,1,1,3,6,NA,40,60,50,50,10,10,10,8,6,6,5,5,10,8,5,8,8,5,6,7,8,5,4,4,4,4,6,3,3,4,5,4,4,4,4,3,5,4,4,5,2,1,5,NA,6,2,5,It is possible but will take many years to be successful,50,US national laboratories for energy and security,High school graduate or GED,Male,"$15,000 to under $50,000",Metropolitan,Some other race,Yes,Democrat,NA,I voted,Kamala Harris,West,California,Male,65+,HS or less,Hispanic,West,Metropolitan,"< $50,000",Democrat,Kamala Harris,0.7742484897699708
R_3oB0vTyqdptNe3T,2025-03-22T08:47:18Z,2025-03-22T09:01:23Z,1,56,43,75172,8,10,10,10,7,Wasted resources,3,Efforts needed elsewhere,3,All about the money,2,1,1,1,1,0,0,1,0,0,0,0,NA,2,2,1,1,1,The thought of something going wrong and it explodes and kills innocent people,NA,NA,4,1,0,0,2,4,NA,75,25,45,55,4,4,4,4,10,8,10,10,0,9,0,6,6,2,3,9,7,3,2,4,3,4,1,7,2,2,7,4,5,4,5,7,7,7,7,7,3,0,NA,0,3,5,0,No,50,US national laboratories for energy and security,High school graduate or GED,Male,"$15,000 to under $50,000",Metropolitan,Black or African-American,No,Democrat,NA,I was not registered to vote,NA,South,Texas,Male,50-64,HS or less,Black,South,Metropolitan,"< $50,000",Democrat,3rd or didn't vote,1.5662895313950154
R_7lN5SJfuocOv2Vj,2025-03-19T22:45:03Z,2025-03-19T23:00:03Z,1,60,1,36756,10,10,10,10,0,Confused,1,Not natural,1,Irrelevant,1,0,NA,NA,NA,NA,NA,NA,NA,NA,NA,NA,NA,NA,NA,1,1,1,Yes I do oppose. new experiments. If us is being tested we do not not how this will affect us.,NA,NA,3,0,0,0,4,1,NA,100,0,0,100,1,1,1,1,10,10,1,1,10,0,0,0,NA,0,NA,0,0,0,1,1,1,1,1,1,1,1,1,3,1,2,2,1,2,1,2,1,5,0,NA,10,0,6,1,NA,10,US national laboratories for energy and security,High school graduate or GED,Female,"$15,000 to under $50,000",Non-metro,White,No,Republican,NA,I voted,Donald Trump,South,Alabama,Female,50-64,HS or less,White,South,Non-metro,"< $50,000",Republican,Donald Trump,0.6506317449266943
R_6gNdpwqav6qgMff,2025-03-18T20:49:17Z,2025-03-18T20:55:24Z,1,23,32,10455,6,6,5,3,4,Gabriel,2,No,1,No,2,1,0,0,0,0,0,1,0,0,0,0,NA,5,3,4,6,2,No,NA,NA,4,0,0,1,3,NA,4,100,0,0,100,6,5,6,4,4,8,6,4,5,5,7,4,7,4,6,8,8,5,5,3,5,5,5,5,4,5,6,5,5,5,4,4,5,4,5,5,3,1,5,NA,7,6,6,Mo,10,US national laboratories for energy and security,Some high school or less,Male,"$75,000 to under $100,000",Metropolitan,Black or African-American,Yes,Democrat,NA,I voted,Donald Trump,Northeast,New York,Male,18-29,HS or less,Hispanic,Northeast,Metropolitan,"> $50,000",Democrat,Donald Trump,0.9582138697638151
R_3zu7J3x1R56HaXp,2025-03-20T17:52:58Z,2025-03-20T18:13:11Z,1,43,12,83406,7,8,5,7,7,Don't really know,3,Not really sure,3,Unsure about it,3,0,NA,NA,NA,NA,NA,NA,NA,NA,NA,NA,NA,NA,NA,6,6,4,NA,NA,"I think it sounds like a great idea, but what are the risks of all this",3,1,1,0,3,NA,4,40,60,50,50,8,9,9,8,7,4,4,7,10,7,7,7,7,4,6,7,7,5,4,4,4,4,7,3,4,4,5,4,4,4,4,4,4,4,4,3,2,1,5,NA,5,4,3,I hope this all works out,50,US national laboratories for energy and security,High school graduate or GED,Female,"Less than $15,000",Metropolitan,White,No,Other or none,The Republican Party,I voted,Donald Trump,West,Idaho,Female,30-49,HS or less,White,West,Metropolitan,"< $50,000",Independent,Donald Trump,0.5447772255649089
R_5RdXaAU7mJIbQBl,2025-03-21T14:49:12Z,2025-03-21T15:05:42Z,1,71,1,35210,7,6,7,10,5,Clean,5,Inexpensive,5,Future,5,1,1,0,0,1,0,0,1,0,0,0,NA,4,2,5,7,7,NA,"The process supports massive quantities of energy that is clean, affordable, and sustaining.",NA,1,1,1,3,5,7,NA,50,50,50,50,10,9,10,10,7,7,8,8,6,5,2,8,7,2,7,8,7,0,4,6,4,4,7,2,4,4,7,4,4,4,5,2,5,4,4,2,2,0,NA,2,6,6,4,I feel the prospects should be fully exploited.,10,US national laboratories for energy and security,4-year or bachelor degree,Male,"$15,000 to under $50,000",Metropolitan,White,No,Republican,NA,I voted,Donald Trump,South,Alabama,Male,65+,4-yr/post-graduate degree,White,South,Metropolitan,"< $50,000",Republican,Donald Trump,0.9327562580248773
R_3DP02CW9157nDQa,2025-03-19T21:19:12Z,2025-03-19T21:26:18Z,1,57,43,77373,8,8,10,8,8,Nuclear fusion unreliable,2,Frightening,2,Explosive,2,0,NA,NA,NA,NA,NA,NA,NA,NA,NA,NA,NA,NA,NA,4,5,5,NA,NA,I worry about the safety and efficiency of fusion energy.,3,1,1,0,3,NA,5,50,50,40,60,9,8,9,6,8,7,8,9,6,5,8,7,8,6,4,7,9,6,4,4,4,4,5,5,4,4,4,5,4,5,5,5,4,5,5,3,2,1,8,NA,9,1,1,I like the idea and think it would do a lot towards saving the   environment,10,US national laboratories for energy and security,4-year or bachelor degree,Female,"Less than $15,000",Metropolitan,White,Yes,Democrat,NA,I voted,Kamala Harris,South,Texas,Female,50-64,4-yr/post-graduate degree,Hispanic,South,Metropolitan,"< $50,000",Democrat,Kamala Harris,0.7077283316526645
R_3LKcCMBknoLq5Q5,2025-03-21T19:06:56Z,2025-03-21T19:16:31Z,1,37,17,41042,7,7,8,7,6,nuclear,3,high yield,3,radioactive,1,1,0,0,0,0,0,0,0,1,0,0,NA,4,4,4,5,4,NA,NA,"I feel that I am relatively uninformed on fusion energy, and I dont want to make a snap decision without all the facts",4,1,1,0,5,4,NA,60,40,65,35,9,6,7,7,5,7,7,5,7,8,6,7,7,5,7,7,8,5,4,5,4,4,5,5,4,4,7,5,4,5,4,2,4,5,5,1,2,1,7,NA,7,4,3,NA,50,Lawrence Livermore National Laboratory,4-year or bachelor degree,Female,"$100,000 to under $150,000",Metropolitan,White,No,Republican,NA,I voted,Kamala Harris,South,Kentucky,Female,30-49,4-yr/post-graduate degree,White,South,Metropolitan,"> $50,000",Republican,Kamala Harris,0.7051788032374114
R_7nCxDZTDtSgmItO,2025-03-19T16:03:48Z,2025-03-19T16:12:44Z,1,27,33,27834,8,8,10,7,7,Enough energy,3,Environmental,3,Source,3,1,1,0,0,0,1,0,0,0,0,0,NA,7,3,5,5,5,NA,NA,The government should help with this kind of stuff,2,1,1,1,3,NA,6,50,50,35,65,8,8,8,8,8,8,8,8,7,7,7,7,7,7,7,8,7,7,6,6,5,5,6,6,6,5,6,6,6,6,6,6,6,6,6,6,2,1,8,NA,8,3,6,None at all,10,Lawrence Livermore National Laboratory,High school graduate or GED,Female,"Less than $15,000",Metropolitan,Black or African-American,No,Independent,The Democratic Party,I voted,Kamala Harris,Northeast,North Carolina,Female,18-29,HS or less,Black,Northeast,Metropolitan,"< $50,000",Independent,Kamala Harris,0.5245583423210367
R_3tqZJl6nIdOGOTY,2025-03-22T17:04:54Z,2025-03-22T17:16:16Z,1,34,5,93004,10,6,10,10,10,I'm not really sure,3,NA,3,NA,3,0,NA,NA,NA,NA,NA,NA,NA,NA,NA,NA,NA,NA,NA,4,4,5,NA,NA,It's kind of scary because in reality we don't know what they are really planning on doing,2,1,1,4,5,NA,3,50,50,50,50,6,4,5,7,7,4,5,5,5,3,6,3,5,2,3,2,2,3,4,2,4,4,2,2,2,2,1,3,3,5,4,3,2,6,2,1,3,0,NA,3,3,2,5,NA,10,US national laboratories for energy and security,High school graduate or GED,Female,"$15,000 to under $50,000",Metropolitan,White,Yes,Democrat,NA,I voted,Donald Trump,West,California,Female,30-49,HS or less,Hispanic,West,Metropolitan,"< $50,000",Democrat,Donald Trump,0.7334260088024648
R_6G8mcpRoTgHJe00,2025-03-19T16:32:39Z,2025-03-19T18:48:36Z,1,36,40,29204,1,5,10,6,6,Fire,3,Asian,3,Blaze,3,0,NA,NA,NA,NA,NA,NA,NA,NA,NA,NA,NA,NA,NA,4,5,6,NA,NA,I dont know if it will benefit the planet,2,1,1,0,3,NA,5,15,85,40,60,7,5,5,6,7,8,7,8,6,9,7,6,8,8,6,7,8,4,5,4,5,4,4,6,3,4,5,3,5,5,3,4,4,5,4,4,2,1,8,NA,6,4,7,I want to see more emails about the process,50,US national laboratories for energy and security,4-year or bachelor degree,Female,"$100,000 to under $150,000",Metropolitan,Black or African-American,No,Democrat,NA,I voted,Kamala Harris,South,South Carolina,Female,30-49,4-yr/post-graduate degree,Black,South,Metropolitan,"> $50,000",Democrat,Kamala Harris,0.6586748765610149
R_3Pn7ykkHTOs3SHs,2025-03-21T12:06:59Z,2025-03-21T12:14:17Z,1,59,40,29053,10,10,10,10,9,Not sure of it,2,Don’t understand it,2,Need more facts,2,0,NA,NA,NA,NA,NA,NA,NA,NA,NA,NA,NA,NA,NA,4,4,4,NA,NA,I’m just not sure about it,3,1,1,0,4,4,NA,75,25,25,75,7,7,5,5,3,1,1,1,5,0,1,2,1,1,1,1,1,2,7,1,4,1,4,1,1,4,1,1,1,4,1,4,4,1,1,1,3,1,5,NA,9,4,0,NA,50,Lawrence Livermore National Laboratory,"Some college, no degree",Female,"$75,000 to under $100,000",Metropolitan,White,No,Republican,NA,I voted,Donald Trump,South,South Carolina,Female,50-64,Some college/2-yr degree,White,South,Metropolitan,"> $50,000",Republican,Donald Trump,0.7667556579963318
R_7EoimDZdzzWxZtN,2025-03-19T00:48:53Z,2025-03-19T01:01:51Z,1,55,3,85306,5,8,7,5,9,Nuclear,3,Advance,4,Expensive,2,1,1,0,0,0,0,0,0,1,0,0,NA,6,2,5,5,6,NA,NA,Not sure about the dangers,2,1,1,3,1,NA,6,30,70,20,80,9,9,8,7,9,7,9,8,6,10,10,7,8,10,8,9,9,6,4,4,3,3,3,2,4,6,5,4,4,3,4,3,5,4,5,4,2,1,10,NA,10,2,3,No,50,Lawrence Livermore National Laboratory,High school graduate or GED,Male,"$50,000 to under $75,000",Metropolitan,White,Yes,Democrat,NA,I voted,Kamala Harris,West,Arizona,Male,50-64,HS or less,Hispanic,West,Metropolitan,"> $50,000",Democrat,Kamala Harris,0.718606854749326
R_6w1zdQgJ4u9wqk1,2025-03-19T03:04:13Z,2025-03-19T03:10:38Z,1,69,30,07731,9,9,9,9,5,I,3,have,3,noclue,2,0,NA,NA,NA,NA,NA,NA,NA,NA,NA,NA,NA,NA,NA,4,4,2,not enough is known about it and its effects,NA,NA,6,0,0,0,4,4,NA,20,80,50,50,8,8,8,6,9,9,9,9,5,8,7,5,7,5,7,7,7,7,4,4,4,4,3,4,4,4,5,4,4,4,4,3,4,4,4,5,3,0,NA,5,5,4,7,not sure of it yet need more information,50,Lawrence Livermore National Laboratory,High school graduate or GED,Female,"$15,000 to under $50,000",Metropolitan,White,No,Republican,NA,I voted,Donald Trump,Northeast,New Jersey,Female,65+,HS or less,White,Northeast,Metropolitan,"< $50,000",Republican,Donald Trump,0.7880373091649305
R_3NdXZLD0tf6SsFz,2025-03-20T03:17:01Z,2025-03-20T03:27:52Z,1,41,46,23803,7,7,5,3,6,Energy fused with something,3,Interesting,3,Curiosity,3,0,NA,NA,NA,NA,NA,NA,NA,NA,NA,NA,NA,NA,NA,4,4,4,NA,NA,Nothing to explain I don't know what it's like,6,1,1,4,5,4,NA,0,100,50,50,5,5,5,5,5,5,5,5,5,5,5,6,5,5,5,5,5,5,2,1,1,1,1,1,1,1,1,4,4,4,4,4,4,4,4,4,3,0,NA,5,5,4,5,No,50,US national laboratories for energy and security,Some high school or less,Female,"Less than $15,000",Non-metro,Some other race,No,Other or none,The Democratic Party,I did not vote,NA,South,Virginia,Female,30-49,HS or less,Other,South,Non-metro,"< $50,000",Independent,3rd or didn't vote,1.3189871763062653
R_3DDbnrGkrZeJ1pi,2025-03-19T22:01:49Z,2025-03-19T22:07:04Z,1,51,36,74343,0,10,5,5,5,Cost usage and price,1,Cost,1,Positive,3,0,NA,NA,NA,NA,NA,NA,NA,NA,NA,NA,NA,NA,NA,4,4,1,Because i don't know much about it.,NA,NA,1,0,1,1,3,NA,4,0,100,50,50,5,6,5,3,6,6,6,6,4,5,5,6,5,5,4,5,6,5,4,4,4,4,4,5,4,4,4,4,3,2,4,3,4,4,5,5,2,0,NA,4,5,4,5,I really don't know much about it,10,Lawrence Livermore National Laboratory,"Some college, no degree",Female,"$75,000 to under $100,000",Non-metro,White,No,Independent,The Democratic Party,I voted,Someone else,South,Oklahoma,Female,50-64,Some college/2-yr degree,White,South,Non-metro,"> $50,000",Independent,3rd or didn't vote,1.551728315384219
R_7AThJeiTQU2qRLp,2025-03-18T22:00:11Z,2025-03-18T22:30:00Z,1,61,21,02721,9,10,10,10,10,Never heard of it.,3,Nessesity,5,NA,5,0,NA,NA,NA,NA,NA,NA,NA,NA,NA,NA,NA,NA,NA,6,4,4,NA,NA,Don't know much about the subject.,2,1,1,0,5,4,NA,100,0,50,50,8,8,8,8,1,1,1,5,9,5,7,5,5,9,4,5,5,5,1,4,1,1,7,1,1,1,1,7,4,7,7,1,7,7,7,7,3,0,NA,0,9,NA,1,NA,50,Lawrence Livermore National Laboratory,High school graduate or GED,Female,"Less than $15,000",Metropolitan,White,No,Republican,NA,I did not vote,NA,Northeast,Massachusetts,Female,50-64,HS or less,White,Northeast,Metropolitan,"< $50,000",Republican,3rd or didn't vote,1.6196284440823585
R_6S7qNX4rr0RZQS5,2025-03-21T03:14:43Z,2025-03-21T03:22:39Z,1,31,22,48228,5,6,4,7,6,Sounds very dangerous,2,Combustible,2,Unsafe,2,0,NA,NA,NA,NA,NA,NA,NA,NA,NA,NA,NA,NA,NA,2,4,4,NA,NA,It sounds very unsafe and would be dangerous to release this type of energy.,2,1,0,0,4,3,NA,40,60,50,50,10,10,10,10,10,10,10,10,0,0,0,0,0,0,0,0,0,0,3,7,7,7,7,7,7,7,1,7,7,7,7,6,6,7,7,7,2,1,5,NA,6,4,5,NA,50,Lawrence Livermore National Laboratory,High school graduate or GED,Male,"$50,000 to under $75,000",Metropolitan,White,Yes,Republican,NA,I voted,Donald Trump,Midwest,Michigan,Male,30-49,HS or less,Hispanic,Midwest,Metropolitan,"> $50,000",Republican,Donald Trump,1.0148252126727524
R_3GxZZexY1lHfhHb,2025-03-21T01:50:39Z,2025-03-21T02:16:12Z,1,44,11,96734,10,10,10,10,10,"Energy,",3,Nuclear power,3,Alternative power,3,0,NA,NA,NA,NA,NA,NA,NA,NA,NA,NA,NA,NA,NA,4,4,1,"Only hosting the facility. Living on a island, that is not a good idea",NA,NA,3,1,1,4,5,NA,4,50,50,50,50,1,6,6,10,10,10,10,10,5,9,10,10,9,9,9,9,10,1,4,4,4,4,4,4,4,4,1,4,4,4,4,4,4,4,3,1,3,1,10,NA,10,4,0,Nothing,10,US national laboratories for energy and security,High school graduate or GED,Female,"$50,000 to under $75,000",Metropolitan,Pacific Islander,Yes,Democrat,NA,I voted,Kamala Harris,West,Hawaii,Female,30-49,HS or less,Hispanic,West,Metropolitan,"> $50,000",Democrat,Kamala Harris,0.6910826239105347
R_7KrNrygU5aLYIRl,2025-03-19T22:29:26Z,2025-03-19T22:33:38Z,1,22,10,31206,10,10,10,10,10,Clean,5,No emission,5,Pure,5,1,1,1,1,1,0,1,0,1,0,0,NA,7,3,4,7,7,NA,I just feel that it is a great idea,NA,3,1,1,0,3,NA,7,50,50,60,40,10,10,10,10,10,10,10,10,10,10,10,10,10,10,10,10,10,10,4,4,4,4,4,4,4,4,4,4,4,4,4,4,4,4,4,4,1,0,NA,10,10,2,8,NA,10,US national laboratories for energy and security,High school graduate or GED,Female,"$15,000 to under $50,000",Metropolitan,Black or African-American,No,Democrat,NA,I voted,Kamala Harris,South,Georgia,Female,18-29,HS or less,Black,South,Metropolitan,"< $50,000",Democrat,Kamala Harris,0.5873749350632501
R_7xFe14xHsJ8go1j,2025-03-20T03:52:43Z,2025-03-20T04:25:43Z,1,26,28,89110,7,6,9,10,8,Sustainable,5,Limitless potential,5,Revolutionary,5,1,1,0,1,1,0,1,0,0,0,0,NA,7,2,6,7,6,NA,"I support fusion energy because it offers a nearly limitless, clean, and sustainable power source without long-lived radioactive waste or greenhouse gas emissions. While challenges remain in sustaining the reaction for commerical use, continued research could transform global energy production.",NA,3,1,1,3,2,5,NA,70,30,40,60,5,6,4,8,3,5,6,7,8,5,8,7,7,8,6,8,7,4,4,5,3,4,4,4,4,4,5,3,3,5,7,3,5,6,5,4,2,1,8,NA,6,6,2,"I see fusion energy as a groundbreaking advancement with the potential to provide clean, sustainable, and nearly limitless power.",50,Lawrence Livermore National Laboratory,2-year or associate degree,Male,"$50,000 to under $75,000",Metropolitan,White,No,Independent,The Republican Party,I voted,Donald Trump,West,Nevada,Male,18-29,Some college/2-yr degree,White,West,Metropolitan,"> $50,000",Independent,Donald Trump,0.7500010528968597
R_72LadiyyMoh6Dtf,2025-03-18T21:43:53Z,2025-03-18T21:59:37Z,1,58,30,08031,4,6,6,6,5,Heat nuclear power,3,Nuclear power reaction,3,Dont know,3,0,NA,NA,NA,NA,NA,NA,NA,NA,NA,NA,NA,NA,NA,4,4,4,NA,NA,Don't know to much about it,6,0,0,0,2,NA,4,50,50,25,75,3,3,3,2,6,1,4,4,0,0,0,0,0,0,0,0,0,0,4,4,4,4,4,4,4,4,4,4,4,3,4,4,4,4,4,1,3,0,NA,0,5,6,0,Not really don't know to much about it,10,Lawrence Livermore National Laboratory,High school graduate or GED,Male,"Less than $15,000",Metropolitan,Some other race,Yes,Democrat,NA,I did not vote,NA,Northeast,New Jersey,Male,50-64,HS or less,Hispanic,Northeast,Metropolitan,"< $50,000",Democrat,3rd or didn't vote,1.8740309380505848
R_5oO5XbLYsbHXXXu,2025-03-19T20:50:56Z,2025-03-19T22:15:46Z,1,52,5,90701,8,6,8,8,8,What is it,3,I don’t know,3,Huh what’s that,3,2,NA,NA,NA,NA,NA,NA,NA,NA,NA,NA,NA,NA,NA,4,5,2,"If there is any unknown stability, production or delivery of fusion energy. I would not feel safe being near that facility",NA,NA,4,1,1,0,2,6,NA,50,50,50,50,7,7,6,6,6,7,6,7,5,6,5,6,6,6,5,5,6,4,4,4,4,4,5,4,4,4,5,4,5,4,4,5,4,4,4,3,2,1,9,NA,10,4,2,Be careful,50,US national laboratories for energy and security,"Some college, no degree",Male,"$150,000 to under $200,000",Metropolitan,Asian or Asian-American,No,Independent,The Democratic Party,I voted,Kamala Harris,West,California,Male,50-64,Some college/2-yr degree,Other,West,Metropolitan,"> $50,000",Independent,Kamala Harris,0.5585896787115526
R_3JVEVCZji3RdJMy,2025-03-24T13:44:04Z,2025-03-24T13:55:17Z,1,58,22,48096,3,8,8,5,4,Hopeful,3,Cheaper,3,A littke worried,3,0,NA,NA,NA,NA,NA,NA,NA,NA,NA,NA,NA,NA,NA,3,3,1,Radiation,NA,NA,3,1,0,0,1,4,NA,50,50,25,75,2,3,1,3,10,10,10,10,3,2,1,2,1,4,2,2,2,2,3,3,3,3,3,2,2,4,2,6,5,5,6,3,5,5,6,7,4,0,NA,9,9,4,2,NA,10,US national laboratories for energy and security,4-year or bachelor degree,Female,"$15,000 to under $50,000",Metropolitan,White,No,Independent,Neither,I did not vote,NA,Midwest,Michigan,Female,50-64,4-yr/post-graduate degree,White,Midwest,Metropolitan,"< $50,000",Independent,3rd or didn't vote,1.7116189212032418
R_3R8jf0V6lMPxKFx,2025-03-19T16:24:32Z,2025-03-19T16:35:41Z,1,73,48,25276,10,10,10,10,10,Nothing,3,None,5,None,5,0,NA,NA,NA,NA,NA,NA,NA,NA,NA,NA,NA,NA,NA,1,1,1,I can not explain it,NA,NA,6,0,0,0,4,1,NA,50,50,50,50,1,1,1,1,1,1,1,1,0,0,0,0,0,0,0,0,0,0,1,1,1,1,1,1,1,1,1,1,1,1,1,1,1,1,1,1,5,0,NA,0,0,4,0,Nothing at this time,50,US national laboratories for energy and security,Some high school or less,Female,"$100,000 to under $150,000",Non-metro,White,No,Independent,The Republican Party,I did not vote,NA,South,West Virginia,Female,65+,HS or less,White,South,Non-metro,"> $50,000",Independent,3rd or didn't vote,1.7695012066346134
R_5IUZMNTQ7DrlqKt,2025-03-19T19:45:52Z,2025-03-19T19:51:50Z,1,41,20,21401,2,7,9,5,8,clean,5,cheap,4,revolutionary,4,1,1,0,0,1,0,0,0,1,0,0,NA,4,3,7,7,4,NA,NA,More research is needed on my part.,3,1,1,0,5,NA,4,60,40,40,60,10,10,10,10,5,5,5,5,6,5,5,5,5,5,5,5,5,5,4,4,4,4,4,4,4,4,4,4,4,4,4,4,4,4,4,4,3,1,3,NA,8,6,4,NA,50,US national laboratories for energy and security,Post-graduate degree,Male,"$100,000 to under $150,000",Metropolitan,White,No,Independent,The Republican Party,I voted,Donald Trump,South,Maryland,Male,30-49,4-yr/post-graduate degree,White,South,Metropolitan,"> $50,000",Independent,Donald Trump,0.7155529488344906
R_5dzsUsGsHcLUG86,2025-03-20T14:39:12Z,2025-03-21T00:31:15Z,1,55,28,89123,8,8,8,8,8,Future and advanced and now,3,"Source, amount, cost",3,"Hopeful wonder, helpful",3,1,0,0,0,0,0,1,0,1,0,0,NA,5,4,2,3,2,Well like I think fusion energy is messing with atomic energy which I am not fond of turning into ash,NA,NA,3,1,0,1,1,4,NA,50,50,20,80,9,5,7,7,5,5,5,4,7,4,9,7,5,5,5,5,5,2,2,2,2,2,2,2,2,2,1,3,3,3,3,3,4,3,3,2,3,1,7,NA,7,4,1,It's rather risky if it's not well controlled,10,US national laboratories for energy and security,High school graduate or GED,Male,"Less than $15,000",Metropolitan,Some other race,Yes,Democrat,NA,I voted,Kamala Harris,West,Nevada,Male,50-64,HS or less,Hispanic,West,Metropolitan,"< $50,000",Democrat,Kamala Harris,0.645950383431936
R_3Fq5DpJPOMifMK5,2025-03-18T20:48:04Z,2025-03-18T20:57:30Z,1,55,5,95628,10,10,10,10,10,electric,2,combined,2,innovative,2,0,NA,NA,NA,NA,NA,NA,NA,NA,NA,NA,NA,NA,NA,4,4,3,NA,NA,I don't know enough. it sounds scary. I don't know if it would be safe for me and my family.,3,1,1,0,3,5,NA,50,50,25,75,10,10,10,10,10,10,10,10,3,2,6,6,5,6,6,6,4,1,5,5,5,5,5,5,5,5,6,6,6,6,6,6,6,6,6,5,2,1,7,NA,9,5,2,its scary but innovative and interesting.,10,Lawrence Livermore National Laboratory,"Some college, no degree",Female,"$75,000 to under $100,000",Metropolitan,White,Yes,Independent,Neither,I voted,Kamala Harris,West,California,Female,50-64,Some college/2-yr degree,Hispanic,West,Metropolitan,"> $50,000",Independent,Kamala Harris,0.6480930395532901
R_7qz0ySxcrA94xYV,2025-03-18T19:55:46Z,2025-03-18T20:22:26Z,1,84,3,86303,10,5,7,10,0,Great alternative energy,5,Good clean energy,5,Cheaper energy source,5,1,0,1,1,1,0,0,0,0,0,0,NA,8,3,6,6,6,NA,I believe is is a clean safe form of energy,NA,3,1,1,1,3,7,NA,50,50,75,25,10,10,10,10,10,8,7,3,10,8,2,8,6,0,8,7,0,0,4,4,4,4,7,3,4,7,7,5,4,6,3,1,6,5,1,1,2,0,NA,10,0,6,2,NA,50,US national laboratories for energy and security,Post-graduate degree,Male,"$75,000 to under $100,000",Metropolitan,White,No,Republican,NA,I voted,Donald Trump,West,Arizona,Male,65+,4-yr/post-graduate degree,White,West,Metropolitan,"> $50,000",Republican,Donald Trump,1.043032711588698
R_3OBGGpJb2QUjJJB,2025-03-24T00:43:55Z,2025-03-24T01:05:57Z,1,35,32,11203,10,10,10,10,10,Combination,3,Atomic,1,Force,5,1,0,1,1,0,0,0,0,1,0,0,NA,10,2,4,6,7,NA,It's a new source of energy which can last for a lifetime and i see this as a new way forward,NA,2,1,1,1,3,7,NA,30,70,70,30,8,9,6,9,10,9,8,8,10,10,10,8,9,8,8,9,10,5,7,6,6,5,7,7,7,5,4,6,5,7,6,7,7,6,7,5,1,1,10,NA,7,2,5,It really a great technology tool for both future purposes and also now. I will love to witness this great energy been developed,50,Lawrence Livermore National Laboratory,Post-graduate degree,Male,"$150,000 to under $200,000",Metropolitan,White,Yes,Republican,NA,I voted,Donald Trump,Northeast,New York,Male,30-49,4-yr/post-graduate degree,Hispanic,Northeast,Metropolitan,"> $50,000",Republican,Donald Trump,1.0391186450448993
R_31zE7UjAUMwle4j,2025-03-21T16:31:17Z,2025-03-21T16:56:23Z,1,35,43,75007,9,10,9,9,10,Expensive,3,Is it safe,2,How will it effect the environment,2,1,0,1,0,0,0,0,0,0,0,0,NA,3,2,4,3,3,NA,NA,I worry if radiation will somehow leak out and will it cause issues with wildlife in the area. Will drinking water becoming affected.,4,1,0,0,2,4,NA,60,40,50,50,9,8,6,6,7,7,8,8,3,7,5,5,5,5,7,7,7,3,4,3,4,3,6,4,2,4,6,5,4,5,5,6,4,4,4,3,3,1,8,NA,10,4,1,NA,50,Lawrence Livermore National Laboratory,"Some college, no degree",Female,"$50,000 to under $75,000",Metropolitan,Black or African-American,No,Other or none,Neither,I voted,Kamala Harris,South,Texas,Female,30-49,Some college/2-yr degree,Black,South,Metropolitan,"> $50,000",Independent,Kamala Harris,0.5394014590687399
R_5rrUBiRh5fGsH9n,2025-03-19T19:38:14Z,2025-03-19T19:46:36Z,1,70,35,43204,5,7,8,8,8,nuclear,3,power,3,plant,3,2,NA,NA,NA,NA,NA,NA,NA,NA,NA,NA,NA,NA,NA,5,5,5,NA,NA,I don't know enough.  you are asking questions after finding out I don't know that much.  geez,2,1,1,0,2,NA,6,50,50,40,60,8,8,8,8,5,8,8,8,9,9,9,9,9,9,2,9,9,4,4,4,4,4,5,2,4,3,5,4,4,4,4,3,6,4,4,2,3,1,10,NA,9,4,6,except for the radioactive waste products sounds pretty good,50,Lawrence Livermore National Laboratory,4-year or bachelor degree,Male,"$100,000 to under $150,000",Metropolitan,White,No,Democrat,NA,I voted,Kamala Harris,Midwest,Ohio,Male,65+,4-yr/post-graduate degree,White,Midwest,Metropolitan,"> $50,000",Democrat,Kamala Harris,0.9145599023135198
R_5WuYAUtcice1G4p,2025-03-21T01:07:12Z,2025-03-21T01:19:35Z,1,58,10,31643,8,7,6,9,9,Nuclear,1,Dangerous,2,Scared,1,1,0,0,0,0,0,0,0,0,0,1,School from years ago,1,4,4,3,2,I simply don't know enough about it,NA,NA,6,1,0,0,5,4,NA,90,10,40,60,7,8,7,6,5,5,4,3,4,3,4,4,3,4,5,4,5,2,5,4,3,5,4,3,4,5,1,3,4,3,3,5,3,3,5,1,2,1,2,NA,4,6,5,NA,50,US national laboratories for energy and security,"Some college, no degree",Female,"$50,000 to under $75,000",Metropolitan,White,No,Republican,NA,I did not vote,NA,South,Georgia,Female,50-64,Some college/2-yr degree,White,South,Metropolitan,"> $50,000",Republican,3rd or didn't vote,1.8888906281042825
R_5ea85UXrpjnXZc9,2025-03-19T20:38:48Z,2025-03-19T20:49:50Z,1,20,47,98531,6,3,6,4,6,complicated,2,plant,2,energy,4,1,0,0,0,0,0,0,0,0,0,1,school,0,1,3,2,1,NA,NA,NA,3,1,0,1,5,NA,4,70,30,30,70,5,3,3,4,6,3,8,5,0,0,0,2,5,5,5,0,4,3,6,2,3,5,2,1,1,4,5,3,5,3,6,6,4,2,4,3,5,1,7,NA,8,2,2,NA,10,Lawrence Livermore National Laboratory,High school graduate or GED,Female,"$15,000 to under $50,000",Non-metro,White,No,Other or none,Neither,I did not vote,NA,West,Washington,Female,18-29,HS or less,White,West,Non-metro,"< $50,000",Independent,3rd or didn't vote,1.5102830465644244
R_6YCrLahl78xr9Rv,2025-03-21T06:32:31Z,2025-03-21T06:48:52Z,1,63,32,10030,8,7,9,8,8,"resource,",4,fast,4,Turn around,4,0,NA,NA,NA,NA,NA,NA,NA,NA,NA,NA,NA,NA,NA,3,3,3,NA,NA,I see if it not 100% effectived I would not want to take a risk.  Once more test are done and we have positive feedback then I would reconsider.,3,1,1,0,3,4,NA,30,70,40,60,3,7,9,8,8,8,7,6,7,9,7,9,9,7,8,8,8,5,6,6,6,6,5,5,6,6,5,6,5,6,5,5,6,6,3,5,2,1,8,NA,9,2,8,none,10,US national laboratories for energy and security,2-year or associate degree,Female,"$50,000 to under $75,000",Metropolitan,Black or African-American,No,Democrat,NA,I voted,Kamala Harris,Northeast,New York,Female,50-64,Some college/2-yr degree,Black,Northeast,Metropolitan,"> $50,000",Democrat,Kamala Harris,0.6082149867531458
R_5DTA4iXk5KM0gGq,2025-03-19T02:39:02Z,2025-03-19T02:45:42Z,1,56,5,91344,4,10,10,5,4,I,3,Know,3,Don't,2,0,NA,NA,NA,NA,NA,NA,NA,NA,NA,NA,NA,NA,NA,4,4,4,NA,NA,I really do have mixed feelings.,6,0,0,0,4,NA,4,50,50,50,50,1,1,1,1,1,1,1,1,6,5,7,5,6,5,6,6,4,6,1,1,1,2,1,1,1,1,1,1,1,1,1,1,1,1,1,1,3,0,NA,5,4,7,6,Nothing,50,Lawrence Livermore National Laboratory,High school graduate or GED,Female,"$50,000 to under $75,000",Metropolitan,White,Yes,Republican,NA,I did not vote,NA,West,California,Female,50-64,HS or less,Hispanic,West,Metropolitan,"> $50,000",Republican,3rd or didn't vote,2.166044077354168
R_5hFaJbqrttnsxup,2025-03-24T00:17:13Z,2025-03-24T00:25:11Z,1,49,38,19310,9,8,9,8,10,I don't know,3,I don't know,5,I don't know,3,2,NA,NA,NA,NA,NA,NA,NA,NA,NA,NA,NA,NA,NA,4,4,1,I don't think I have a answer,NA,NA,5,1,1,0,5,4,NA,50,50,75,25,6,5,5,5,7,6,5,10,4,5,4,5,7,4,6,4,4,6,4,4,4,4,4,4,4,4,5,4,4,4,4,4,4,5,4,4,3,1,8,NA,9,4,4,I don't know,10,Lawrence Livermore National Laboratory,High school graduate or GED,Female,"Less than $15,000",Metropolitan,White,No,Independent,Neither,I was not registered to vote,NA,Northeast,Pennsylvania,Female,30-49,HS or less,White,Northeast,Metropolitan,"< $50,000",Independent,3rd or didn't vote,1.3386838095390865
R_1IpmPqQzqE1FWlv,2025-03-19T15:59:41Z,2025-03-19T16:08:01Z,1,29,7,06340,9,8,9,9,8,Modern,4,Fast,3,Risky,2,0,NA,NA,NA,NA,NA,NA,NA,NA,NA,NA,NA,NA,NA,5,4,5,NA,NA,I don't have enough information,2,1,1,0,1,NA,5,50,50,30,70,9,6,9,8,5,6,5,2,8,2,4,5,7,9,2,7,6,6,3,6,5,6,6,4,5,6,6,5,6,5,6,4,2,3,6,6,2,1,8,NA,9,2,5,No,10,Lawrence Livermore National Laboratory,4-year or bachelor degree,Female,"$75,000 to under $100,000",Metropolitan,White,Yes,Democrat,NA,I voted,Kamala Harris,Northeast,Connecticut,Female,18-29,4-yr/post-graduate degree,Hispanic,Northeast,Metropolitan,"> $50,000",Democrat,Kamala Harris,0.8938176116146003
R_1qWrNlv39hwZ01V,2025-03-20T17:43:20Z,2025-03-20T17:55:32Z,1,51,38,15132,10,10,10,10,10,Light bill,3,Energy,3,Money out out,3,0,NA,NA,NA,NA,NA,NA,NA,NA,NA,NA,NA,NA,NA,4,1,4,Nit sure it's what the community really needs if their are risks involved and it's not beneficial to the community,NA,NA,2,0,0,0,4,1,NA,50,50,50,50,1,1,1,2,1,1,1,1,0,0,0,0,0,0,0,0,0,0,1,1,1,1,1,2,1,1,1,1,1,1,1,1,1,1,1,1,3,0,NA,0,10,4,0,None,10,Lawrence Livermore National Laboratory,High school graduate or GED,Female,"$15,000 to under $50,000",Metropolitan,Black or African-American,No,Other or none,Neither,I voted,Kamala Harris,Northeast,Pennsylvania,Female,50-64,HS or less,Black,Northeast,Metropolitan,"< $50,000",Independent,Kamala Harris,0.4632873846821707
R_71AWcFFc6mavIPv,2025-03-20T16:43:37Z,2025-03-20T16:50:38Z,1,55,30,07643,7,5,6,4,8,Excited unsure,3,Decided,3,Helpful,2,2,NA,NA,NA,NA,NA,NA,NA,NA,NA,NA,NA,NA,NA,4,6,6,NA,No preference,NA,2,0,0,2,3,NA,4,0,100,100,0,7,5,7,6,5,7,6,8,7,6,7,7,8,6,7,4,7,4,5,5,6,4,4,6,6,5,5,4,5,5,5,5,5,6,2,4,3,0,NA,7,8,5,7,No preference,50,Lawrence Livermore National Laboratory,High school graduate or GED,Female,"Less than $15,000",Metropolitan,Black or African-American,No,Other or none,Neither,I did not vote,NA,Northeast,New Jersey,Female,50-64,HS or less,Black,Northeast,Metropolitan,"< $50,000",Independent,3rd or didn't vote,1.3474691334173443
R_320Wi9ZVmBhZvHz,2025-03-18T19:46:04Z,2025-03-18T20:44:46Z,1,35,32,10040,10,10,10,10,10,Two energies connected together into one unit,4,Solar power,5,Climate Change,5,1,1,1,1,0,0,1,0,0,0,0,NA,10,2,5,6,6,NA,I will support it however the fusion energy needs to be very stable in order for US to give to society. The citizens would be concerned if the fusion energy might explode.,NA,4,0,1,1,3,NA,6,30,70,60,40,10,9,10,8,10,10,10,9,10,7,8,9,9,8,10,9,10,10,4,4,6,4,1,4,5,5,7,6,1,4,3,1,5,4,5,7,3,1,10,NA,10,1,9,Hopefully this fusion energy is very stable for society be able to use,50,Lawrence Livermore National Laboratory,High school graduate or GED,Male,"$100,000 to under $150,000",Metropolitan,Black or African-American,No,Democrat,NA,I voted,Kamala Harris,Northeast,New York,Male,30-49,HS or less,Black,Northeast,Metropolitan,"> $50,000",Democrat,Kamala Harris,0.5996708281127404
R_3fkgzsPTQAYubVH,2025-03-20T21:52:46Z,2025-03-20T22:02:32Z,1,64,5,92889,7,5,3,5,2,Electrical,4,Fusion,3,Gas,4,0,NA,NA,NA,NA,NA,NA,NA,NA,NA,NA,NA,NA,NA,3,4,4,NA,NA,Until I learn more I am skeptic of any action right now.,6,1,1,4,4,3,NA,90,10,10,90,4,2,2,2,4,3,3,4,1,3,2,6,5,2,3,0,3,1,3,3,5,5,3,4,3,3,4,3,2,4,5,2,5,2,3,3,3,0,NA,3,4,3,2,Not at this time. Thank you,50,Lawrence Livermore National Laboratory,High school graduate or GED,Male,"$100,000 to under $150,000",Metropolitan,White,No,Democrat,NA,I voted,Kamala Harris,West,California,Male,50-64,HS or less,White,West,Metropolitan,"> $50,000",Democrat,Kamala Harris,0.5992698264202584
R_57VXRWfFn7tcpvu,2025-03-20T01:39:36Z,2025-03-20T01:49:29Z,1,70,20,21224,7,8,7,8,7,Power,4,Interesting,4,Earth,4,0,NA,NA,NA,NA,NA,NA,NA,NA,NA,NA,NA,NA,NA,4,5,2,New technology has risks,NA,NA,3,1,1,0,1,5,NA,0,100,50,50,9,9,9,9,6,5,7,5,8,9,8,7,8,2,6,8,6,2,5,5,5,5,2,2,6,2,1,4,4,3,5,2,2,6,2,1,4,0,NA,1,10,4,4,NA,10,US national laboratories for energy and security,High school graduate or GED,Female,"$50,000 to under $75,000",Metropolitan,White,No,Democrat,NA,I voted,Donald Trump,South,Maryland,Female,65+,HS or less,White,South,Metropolitan,"> $50,000",Democrat,Donald Trump,0.8127425107155677
R_3x0ETl56DMx5DKF,2025-03-19T16:30:03Z,2025-03-19T16:41:58Z,1,23,5,94588,5,7,10,6,8,Clean,5,Reliable,5,Powerful,5,1,0,0,1,1,1,0,0,1,0,0,NA,9,1,3,7,7,NA,I think it would cut the energy bill significantly and it would improve other infrastructures as a part of it so that the power from that can be used really well. Also as a country and society we wouldn't have to rely on the grid of other countries or on fossil fuels etc.,NA,3,1,1,1,2,5,NA,60,40,50,50,10,6,10,10,7,5,7,10,9,10,10,10,10,9,8,8,10,5,4,4,5,5,1,3,4,4,7,7,5,4,3,7,6,4,3,7,1,1,8,NA,9,5,8,I would be interested in working in this industry. Hopefully I get the opportunity to do so.,50,Lawrence Livermore National Laboratory,4-year or bachelor degree,Male,"More than $200,000",Metropolitan,Asian or Asian-American,No,Democrat,NA,I voted,Kamala Harris,West,California,Male,18-29,4-yr/post-graduate degree,Other,West,Metropolitan,"> $50,000",Democrat,Kamala Harris,0.7723163204314825
R_5v4ZWk7ZQEXvzwd,2025-03-19T20:44:02Z,2025-03-19T22:09:19Z,1,65,17,40509,10,10,10,10,0,Nuclear,4,Nukes,1,Electric,4,1,0,1,1,0,0,0,0,0,0,0,NA,5,2,4,5,1,To Much Risk For People Who Live Here.,NA,NA,2,1,1,0,1,NA,4,60,40,40,60,1,10,8,10,10,10,10,10,5,10,8,10,8,0,7,10,8,0,4,4,4,4,1,1,4,1,1,7,1,7,5,1,3,7,3,1,4,0,NA,10,0,6,3,NA,50,Lawrence Livermore National Laboratory,"Some college, no degree",Male,"$15,000 to under $50,000",Metropolitan,White,No,Independent,The Republican Party,I voted,Donald Trump,South,Kentucky,Male,65+,Some college/2-yr degree,White,South,Metropolitan,"< $50,000",Independent,Donald Trump,0.7100190455905787
R_6C1NQ0YVLiKUpul,2025-03-20T20:10:39Z,2025-03-20T20:19:34Z,1,24,5,90018,10,10,10,10,10,Clean,5,Efficient,5,Solar,5,0,NA,NA,NA,NA,NA,NA,NA,NA,NA,NA,NA,NA,NA,7,7,7,NA,That it's a reliable and clean energy source that provides abundance of clean energy,NA,2,1,1,0,1,7,NA,50,50,50,50,10,10,10,10,10,10,10,10,10,10,10,10,10,10,10,10,10,10,4,4,4,4,4,4,4,4,4,4,4,4,4,4,4,4,4,4,1,1,10,NA,10,4,5,Its important for future generations,10,US national laboratories for energy and security,High school graduate or GED,Male,"$15,000 to under $50,000",Metropolitan,White,Yes,Independent,The Democratic Party,I did not vote,NA,West,California,Male,18-29,HS or less,Hispanic,West,Metropolitan,"< $50,000",Independent,3rd or didn't vote,1.8947085553704237
R_3yk3E4bwOQpsBSO,2025-03-20T17:03:10Z,2025-03-22T19:24:11Z,1,67,32,14605,8,10,5,6,6,High cost of energy,2,Confusing,2,Unknown,2,0,NA,NA,NA,NA,NA,NA,NA,NA,NA,NA,NA,NA,NA,5,4,3,NA,NA,I don't know what this is,6,0,0,0,4,NA,4,75,25,75,25,6,6,6,6,9,8,7,7,8,6,6,5,5,6,6,5,5,6,3,3,2,2,3,3,2,2,3,4,5,6,4,6,5,4,5,6,3,0,NA,6,6,6,6,No,10,US national laboratories for energy and security,High school graduate or GED,Female,"Less than $15,000",Metropolitan,White,No,Independent,The Republican Party,I voted,Donald Trump,Northeast,New York,Female,65+,HS or less,White,Northeast,Metropolitan,"< $50,000",Independent,Donald Trump,0.6524378820085199
R_7aDzJvLwFSc7zFf,2025-03-18T21:35:28Z,2025-03-18T21:54:55Z,1,84,9,33467,8,10,8,6,8,that it is not easy to get,3,polution,1,long term,2,1,1,0,1,1,1,0,0,0,0,0,NA,7,2,4,5,7,NA,NA,I still don't knoww how to cntane it,4,1,1,3,1,4,NA,50,50,35,65,10,10,10,10,9,8,9,9,10,10,10,10,10,10,8,10,10,8,4,4,4,4,4,4,4,4,6,4,4,5,4,4,6,4,4,2,2,1,10,NA,5,1,7,no,50,Lawrence Livermore National Laboratory,Post-graduate degree,Male,"$15,000 to under $50,000",Metropolitan,White,No,Democrat,NA,I voted,Kamala Harris,South,Florida,Male,65+,4-yr/post-graduate degree,White,South,Metropolitan,"< $50,000",Democrat,Kamala Harris,0.7343624324053901
R_7PpK3zjkvkmPeBz,2025-03-19T00:40:52Z,2025-03-19T01:03:46Z,1,59,14,46168,9,9,8,6,7,Nuclear power,4,Cold fusion,3,Magnetic,3,0,NA,NA,NA,NA,NA,NA,NA,NA,NA,NA,NA,NA,NA,5,4,4,NA,NA,"Lack of knowledge leads to be cautious 
Not sure of the risks involved safety issues",4,0,0,0,2,4,NA,75,25,50,50,2,4,1,2,10,10,8,6,3,5,5,4,4,3,5,5,4,1,4,4,4,4,4,4,4,4,2,4,4,4,4,3,4,4,4,2,2,0,NA,4,5,4,0,NA,50,Lawrence Livermore National Laboratory,"Some college, no degree",Male,"$75,000 to under $100,000",Metropolitan,White,No,Independent,Neither,I voted,Kamala Harris,Midwest,Indiana,Male,50-64,Some college/2-yr degree,White,Midwest,Metropolitan,"> $50,000",Independent,Kamala Harris,0.6248445238306978
R_1fqwY7mIfXQPYtx,2025-03-19T18:42:17Z,2025-03-19T18:59:30Z,1,61,9,32401,10,9,10,8,6,"science, sun, source",3,more research,3,not knowledgable,3,0,NA,NA,NA,NA,NA,NA,NA,NA,NA,NA,NA,NA,NA,4,5,4,NA,NA,I am not knowledgeable enough to know,2,1,1,0,5,NA,5,50,50,40,60,8,6,9,8,5,3,7,8,6,7,7,5,5,5,5,8,4,2,4,5,5,5,5,3,4,4,5,4,3,4,4,3,3,4,4,4,3,1,0,NA,5,4,4,need to learn more,50,US national laboratories for energy and security,2-year or associate degree,Female,"$15,000 to under $50,000",Metropolitan,White,No,Independent,Neither,I voted,Kamala Harris,South,Florida,Female,50-64,Some college/2-yr degree,White,South,Metropolitan,"< $50,000",Independent,Kamala Harris,0.4833243275428284
R_3QJEOYoJq4CeeOx,2025-03-19T21:17:18Z,2025-03-19T21:28:00Z,1,30,10,31907,4,4,10,9,6,Combined,5,Together,4,Fused,3,2,NA,NA,NA,NA,NA,NA,NA,NA,NA,NA,NA,NA,NA,7,7,6,NA,Only if it can be done safely and without messing up things for consumers.,NA,4,0,0,3,4,6,NA,50,50,50,50,5,5,4,6,4,6,5,5,10,8,7,7,8,8,7,9,7,8,5,3,4,5,5,3,4,3,4,3,4,4,4,5,4,4,4,4,3,1,5,NA,5,1,3,None,50,US national laboratories for energy and security,"Some college, no degree",Male,"$50,000 to under $75,000",Metropolitan,Black or African-American,No,Democrat,NA,I voted,Kamala Harris,South,Georgia,Male,30-49,Some college/2-yr degree,Black,South,Metropolitan,"> $50,000",Democrat,Kamala Harris,0.6286546666106027
R_7fJveRErdDm9XH2,2025-03-18T20:31:19Z,2025-03-18T20:40:19Z,1,35,7,06606,10,10,10,10,5,Green,3,Expensive,2,Overstated,3,1,0,1,0,0,0,0,0,0,0,0,NA,7,4,3,4,4,NA,NA,Costly for citizens,2,1,1,1,5,4,NA,50,50,25,75,5,5,5,5,5,5,5,5,5,3,3,3,3,5,1,3,4,2,3,6,4,3,7,1,3,3,2,3,3,3,7,7,7,4,4,7,3,1,5,NA,5,5,3,I believe it is an issue that has been in the works for some time.,10,US national laboratories for energy and security,Post-graduate degree,Female,"$75,000 to under $100,000",Metropolitan,White,No,Independent,Neither,I voted,Donald Trump,Northeast,Connecticut,Female,30-49,4-yr/post-graduate degree,White,Northeast,Metropolitan,"> $50,000",Independent,Donald Trump,0.6911255922098478
R_7q52SaUFMo5OPlT,2025-03-19T20:31:20Z,2025-03-19T20:46:25Z,1,77,5,93035,10,5,5,5,5,In another decade or so,4,Difficult,4,Expensive,3,1,1,1,0,1,1,0,0,0,0,0,NA,5,2,7,7,4,NA,NA,Plenty of isolated places appropriate for power plants,4,1,1,1,3,7,NA,50,50,50,50,10,10,10,10,1,1,1,1,0,10,10,10,10,5,10,10,10,10,4,4,4,4,7,4,4,4,4,4,4,4,4,1,4,4,4,4,3,1,8,NA,5,2,10,Fuck trump,50,US national laboratories for energy and security,4-year or bachelor degree,Male,"$75,000 to under $100,000",Metropolitan,White,No,Democrat,NA,I voted,Kamala Harris,West,California,Male,65+,4-yr/post-graduate degree,White,West,Metropolitan,"> $50,000",Democrat,Kamala Harris,0.8211834898675506
R_5lFdwhSuYkB7Sg0,2025-03-23T20:05:13Z,2025-03-23T20:19:11Z,1,37,9,33579,10,10,10,10,5,a mix of energy sources.,4,Reliability,4,easier process to help,4,1,0,1,0,0,0,0,0,0,0,0,NA,8,3,4,6,6,NA,I would support fusion energy as long as it helps the environment and provides a safe way to consume.,NA,2,1,1,0,3,4,NA,50,50,60,40,8,5,8,5,5,8,6,3,10,7,7,7,7,7,6,7,7,4,4,4,4,4,4,4,4,4,4,4,4,4,4,4,4,4,5,4,2,1,9,NA,4,7,5,"should be the future way of producing clean energy 
",50,Lawrence Livermore National Laboratory,"Some college, no degree",Male,"$50,000 to under $75,000",Metropolitan,White,Yes,Republican,NA,I voted,Donald Trump,South,Florida,Male,30-49,Some college/2-yr degree,Hispanic,South,Metropolitan,"> $50,000",Republican,Donald Trump,0.9528570847898916
R_3JF1n67Xcmg9zvB,2025-03-21T03:19:39Z,2025-03-21T03:24:33Z,1,19,43,75204,3,6,4,0,4,Clean,4,Abundant,3,Future power,5,2,NA,NA,NA,NA,NA,NA,NA,NA,NA,NA,NA,NA,NA,4,4,4,NA,NA,I’m not sure what to say right now,1,1,0,4,5,4,NA,70,30,80,20,5,5,5,6,6,6,6,4,4,7,6,5,5,5,5,3,4,6,4,4,3,5,4,6,5,3,4,4,6,4,4,7,4,5,6,3,3,1,5,NA,6,4,5,Nothing much,10,US national laboratories for energy and security,High school graduate or GED,Male,"$15,000 to under $50,000",Metropolitan,Asian or Asian-American,No,Independent,The Republican Party,I was not registered to vote,NA,South,Texas,Male,18-29,HS or less,Other,South,Metropolitan,"< $50,000",Independent,3rd or didn't vote,1.5650520853681624
R_3M55tmaF0HZ2F0d,2025-03-19T20:50:16Z,2025-03-19T21:04:18Z,1,55,5,90008,6,4,9,7,8,Nuclear processed strong,3,Processed,3,Strength,2,2,NA,NA,NA,NA,NA,NA,NA,NA,NA,NA,NA,NA,NA,3,3,1,With the current administration in the federal government I feel that power plants with fusion energy would be able to exist without much regulation and would almost certainly cause harm to a community because of that.,NA,NA,3,1,1,0,2,5,NA,30,70,40,60,9,6,7,6,8,6,4,10,7,7,9,6,7,8,7,6,8,7,4,5,3,4,5,2,3,4,4,3,4,4,4,5,3,3,4,5,2,1,8,NA,9,3,6,I am worried about the government not regular the process enough,10,Lawrence Livermore National Laboratory,4-year or bachelor degree,Male,"$100,000 to under $150,000",Metropolitan,Black or African-American,No,Democrat,NA,I voted,Kamala Harris,West,California,Male,50-64,4-yr/post-graduate degree,Black,West,Metropolitan,"> $50,000",Democrat,Kamala Harris,0.6884462570118396
R_3T64yDjfRK0GmDn,2025-03-21T00:03:47Z,2025-03-21T03:02:18Z,1,77,43,75075,4,8,7,6,3,potential,4,plentiful,5,cheap,5,1,0,1,1,0,0,0,1,0,0,0,NA,4,2,6,7,7,NA,"If fusion technology can be developed to the point of being commercially viable, it would be a safe, cheap, and reliable source of electricity.",NA,3,1,1,1,3,NA,4,80,20,40,60,3,8,8,6,4,8,6,7,7,4,3,4,5,2,6,4,7,4,5,5,5,5,6,2,5,3,6,5,2,3,5,2,6,5,5,3,1,0,NA,7,2,5,3,No.,50,US national laboratories for energy and security,2-year or associate degree,Male,"$15,000 to under $50,000",Metropolitan,White,No,Independent,The Republican Party,I did not vote,NA,South,Texas,Male,65+,Some college/2-yr degree,White,South,Metropolitan,"< $50,000",Independent,3rd or didn't vote,1.7491208666085984
R_5KxWHN4JV6Rm5mv,2025-03-20T17:47:03Z,2025-03-20T17:55:41Z,1,62,3,85710,10,2,2,10,1,nuclear energy,4,fusion of atoms,4,fusion of energies,4,1,0,0,0,1,0,0,0,0,0,0,NA,6,2,7,7,7,NA,"I am all for nuclear energy, dislike wind turbines",NA,3,1,1,0,1,NA,7,70,30,80,20,10,10,10,10,1,3,5,2,10,6,2,1,3,0,9,8,4,0,2,4,2,2,7,2,3,2,7,4,2,3,4,7,4,3,3,7,1,0,NA,3,0,4,4,m all for it,50,US national laboratories for energy and security,"Some college, no degree",Female,"$15,000 to under $50,000",Metropolitan,White,Yes,Independent,The Republican Party,I voted,Donald Trump,West,Arizona,Female,50-64,Some college/2-yr degree,Hispanic,West,Metropolitan,"< $50,000",Independent,Donald Trump,0.6878024057999782
R_7aL8k03KDDW3WcV,2025-03-20T12:27:22Z,2025-03-20T12:44:32Z,1,72,40,29715,10,9,9,9,8,Nuclear,4,Cleaner,4,Efficiency,5,2,NA,NA,NA,NA,NA,NA,NA,NA,NA,NA,NA,NA,NA,7,6,6,NA,"A newer, renewable source of energy is needed for the future.",NA,2,1,1,0,3,6,NA,40,60,40,60,8,8,8,7,6,6,7,5,8,7,6,7,7,5,8,7,8,5,4,3,5,4,6,4,4,3,6,5,4,5,5,3,4,4,3,2,1,1,7,NA,7,6,8,Sounds like a good idea for our future.,50,Lawrence Livermore National Laboratory,2-year or associate degree,Male,"$50,000 to under $75,000",Metropolitan,White,No,Republican,NA,I voted,Donald Trump,South,South Carolina,Male,65+,Some college/2-yr degree,White,South,Metropolitan,"> $50,000",Republican,Donald Trump,0.9540470737966243
R_50wUDY9mwdYuksO,2025-03-18T19:39:12Z,2025-03-18T19:47:21Z,1,65,13,60002,9,10,10,9,10,"tecnical,science,cool",4,scince,4,cool,4,0,NA,NA,NA,NA,NA,NA,NA,NA,NA,NA,NA,NA,NA,2,5,4,NA,NA,not sure about it.,3,1,1,0,3,4,NA,50,50,15,85,5,5,5,5,5,5,5,5,6,7,8,7,10,8,8,8,7,5,5,5,5,5,5,5,5,4,5,5,5,4,5,5,4,5,5,4,2,1,9,NA,10,4,1,None,50,US national laboratories for energy and security,4-year or bachelor degree,Male,"$75,000 to under $100,000",Metropolitan,White,No,Independent,Neither,I voted,Kamala Harris,Midwest,Illinois,Male,65+,4-yr/post-graduate degree,White,Midwest,Metropolitan,"> $50,000",Independent,Kamala Harris,0.81459874642719
R_5Hp1y1Va9g11UId,2025-03-21T20:12:26Z,2025-03-21T20:18:12Z,1,35,10,30350,10,10,10,10,10,Good energy consumption,5,NA,5,None,5,1,1,1,0,1,0,0,0,0,0,0,NA,10,3,4,7,7,NA,It a safe and sure way use of energy consumption that is durable.,NA,5,1,1,3,3,7,NA,50,50,75,25,10,10,10,10,10,10,10,10,10,10,10,10,10,10,10,10,10,10,4,4,4,4,4,4,4,7,4,5,7,4,7,7,4,4,4,4,1,1,10,NA,10,1,4,It the way to go for future and stability energy use.,50,Lawrence Livermore National Laboratory,4-year or bachelor degree,Male,"$50,000 to under $75,000",Metropolitan,Black or African-American,No,Democrat,NA,I voted,Kamala Harris,South,Georgia,Male,30-49,4-yr/post-graduate degree,Black,South,Metropolitan,"> $50,000",Democrat,Kamala Harris,0.6837584502678324
R_1gMaDUmVpbn7Ph8,2025-03-20T02:31:45Z,2025-03-20T03:25:01Z,1,70,10,30012,8,8,8,8,9,"nuclear,",4,power,4,energy,4,1,0,1,0,0,0,1,0,0,0,0,NA,3,2,3,4,2,"since it is still in the experimental stages, I would not feel comfortable living near a fusion plant",NA,NA,2,1,1,0,2,NA,5,35,65,40,60,10,9,9,8,9,8,8,10,8,7,10,9,9,8,8,7,10,1,4,4,4,4,4,3,2,4,2,4,4,4,4,6,2,3,4,2,2,1,10,NA,10,4,3,don't really know enough about at this time,50,US national laboratories for energy and security,4-year or bachelor degree,Female,"$100,000 to under $150,000",Metropolitan,Black or African-American,No,Independent,The Democratic Party,I voted,Kamala Harris,South,Georgia,Female,65+,4-yr/post-graduate degree,Black,South,Metropolitan,"> $50,000",Independent,Kamala Harris,0.7043907763832413
R_6g8t5jsIOUFmYSK,2025-03-18T19:51:33Z,2025-03-18T20:13:33Z,1,78,1,35953,9,7,6,9,4,safe and efficient,4,powerful,4,currently unavailable for use,2,1,0,1,0,1,1,1,0,0,0,0,NA,4,2,6,7,7,NA,"USNRC regulation of commercial fission energy production has been proven safe in USA and other nations, especially France, are even more highly dependent upon fission reactors. On the basis of past safety and clean energy production, I am optimistic for meeting the technological and regulatory challenges for licensing and producing fusion energy sources.",NA,3,1,1,0,3,NA,4,25,75,40,60,10,9,9,9,6,7,6,4,8,8,5,8,8,3,9,8,8,6,4,5,4,4,5,4,4,4,7,4,5,4,5,5,4,4,5,3,2,0,NA,2,3,6,5,I remain optimistic with caution against urgency; redundant safety features are warranted.,50,US national laboratories for energy and security,4-year or bachelor degree,Male,"$50,000 to under $75,000",Metropolitan,Mixed race,No,Republican,NA,I voted,Donald Trump,South,Alabama,Male,65+,4-yr/post-graduate degree,Other,South,Metropolitan,"> $50,000",Republican,Donald Trump,1.0331259083024902
R_1DpCutqEoenuvtL,2025-03-19T13:02:55Z,2025-03-19T13:07:45Z,1,28,1,35207,0,0,0,0,0,Fusion,4,Energy,4,No comment,4,0,NA,NA,NA,NA,NA,NA,NA,NA,NA,NA,NA,NA,NA,3,3,2,No comment,NA,NA,1,0,0,0,1,2,NA,10,90,10,90,1,1,1,1,1,1,1,1,0,0,0,0,0,0,0,0,0,0,1,1,1,1,1,1,1,1,1,1,1,1,1,1,1,1,1,1,1,0,NA,0,0,1,0,No comment,10,US national laboratories for energy and security,High school graduate or GED,Female,"More than $200,000",Metropolitan,Black or African-American,No,Independent,Neither,I voted,Kamala Harris,South,Alabama,Female,18-29,HS or less,Black,South,Metropolitan,"> $50,000",Independent,Kamala Harris,0.5820217122917974
R_7D18OXiRBAj1F3D,2025-03-22T00:03:15Z,2025-03-22T00:08:43Z,1,39,47,98531,5,5,7,8,7,Dangerous,3,Negative,2,Harmful,3,1,1,0,1,0,0,1,0,0,0,0,NA,3,2,4,5,5,NA,NA,Not proven to be safe yet,3,1,1,2,5,NA,4,20,80,60,40,4,6,6,4,4,6,5,6,5,5,4,3,5,2,4,4,5,7,3,4,4,5,3,4,2,4,3,4,5,6,3,2,5,3,5,2,3,1,5,NA,6,4,5,NA,50,US national laboratories for energy and security,High school graduate or GED,Male,"$50,000 to under $75,000",Non-metro,White,No,Independent,The Republican Party,I voted,Donald Trump,West,Washington,Male,30-49,HS or less,White,West,Non-metro,"> $50,000",Independent,Donald Trump,0.6242509761517671
R_36A34Sni7xJTMJP,2025-03-19T23:13:15Z,2025-03-19T23:17:29Z,1,33,13,60506,9,9,9,8,9,Maximize,3,Fuel,3,Endurance,3,1,0,0,1,0,0,0,0,0,0,0,NA,10,2,4,4,4,NA,NA,I’m just not sure honestly,6,0,1,1,3,NA,4,50,50,50,50,7,6,7,7,7,7,6,6,5,6,7,7,6,6,4,8,5,5,2,5,5,4,3,5,6,3,3,5,5,3,5,4,4,3,4,4,3,1,6,NA,6,4,3,Ok,50,Lawrence Livermore National Laboratory,High school graduate or GED,Female,"Less than $15,000",Metropolitan,Black or African-American,No,Democrat,NA,I voted,Kamala Harris,Midwest,Illinois,Female,30-49,HS or less,Black,Midwest,Metropolitan,"< $50,000",Democrat,Kamala Harris,0.5797647701950993
R_5plPGzKRf9VyV5a,2025-03-19T22:16:54Z,2025-03-19T23:10:23Z,1,68,30,07874,8,7,10,10,8,Radioactive,3,Powerful,3,Cheap,3,1,0,0,0,0,0,0,0,0,0,1,Insurance sales,6,1,1,4,3,NA,NA,The process has not been refined plus the concept has included a fission test to make things work better,3,1,1,3,5,1,NA,100,0,20,80,8,8,8,4,7,8,10,8,1,0,0,0,0,0,0,4,5,2,4,1,4,4,4,4,1,4,4,3,3,2,2,3,1,1,1,3,5,1,3,NA,6,4,0,Nothing,50,US national laboratories for energy and security,4-year or bachelor degree,Male,"$50,000 to under $75,000",Metropolitan,Black or African-American,No,Democrat,NA,I voted,Kamala Harris,Northeast,New Jersey,Male,65+,4-yr/post-graduate degree,Black,Northeast,Metropolitan,"> $50,000",Democrat,Kamala Harris,0.8231149590945372
R_7jVYFqk2rFFN3bs,2025-03-20T20:34:24Z,2025-03-20T20:39:28Z,1,42,42,37620,5,9,10,8,5,Nothing,3,Nothing,4,Nothing,3,0,NA,NA,NA,NA,NA,NA,NA,NA,NA,NA,NA,NA,NA,4,6,5,NA,NA,I don't have any,2,1,1,0,5,4,NA,50,50,50,50,5,4,5,6,6,7,6,8,7,5,8,5,7,6,5,6,7,7,4,4,4,4,4,4,4,4,4,4,4,4,4,4,4,4,4,4,3,0,NA,5,5,4,5,No thoughts or opinions,50,US national laboratories for energy and security,"Some college, no degree",Female,"Less than $15,000",Metropolitan,White,No,Independent,Neither,I was not registered to vote,NA,South,Tennessee,Female,30-49,Some college/2-yr degree,White,South,Metropolitan,"< $50,000",Independent,3rd or didn't vote,1.4033862988322443
R_504CpCEtmlPM4uJ,2025-03-21T04:15:57Z,2025-03-21T04:21:20Z,1,46,35,44321,6,7,7,6,6,Crazy,3,Fast,2,Very fast,3,1,0,0,1,0,0,0,0,0,0,0,NA,4,2,4,4,5,NA,NA,Im not sure really,3,0,0,4,3,3,NA,50,50,45,55,5,4,2,5,6,4,5,5,5,5,6,7,4,4,3,7,4,3,3,3,2,5,5,1,4,5,4,3,5,3,4,4,3,3,3,3,1,0,NA,4,6,4,5,Im not sure,10,Lawrence Livermore National Laboratory,2-year or associate degree,Female,"$50,000 to under $75,000",Metropolitan,Mixed race,Yes,Independent,The Republican Party,I voted,Donald Trump,Midwest,Ohio,Female,30-49,Some college/2-yr degree,Hispanic,Midwest,Metropolitan,"> $50,000",Independent,Donald Trump,0.8507423623249147
R_1Yn7SITq57iVRfH,2025-03-18T19:19:00Z,2025-03-18T19:32:09Z,1,63,36,73064,8,8,6,6,2,chain reaction,5,Fisionable materials,4,combined energy,4,1,0,0,0,0,0,0,0,0,1,0,NA,2,2,6,7,5,NA,NA,Don't have enough information.,1,1,1,1,3,7,NA,75,25,80,20,10,10,10,10,5,3,5,9,10,5,2,5,7,2,7,2,5,0,4,7,4,2,7,3,4,3,7,6,2,4,5,2,5,3,5,1,1,0,NA,8,2,6,2,No,10,Lawrence Livermore National Laboratory,"Some college, no degree",Male,"More than $200,000",Metropolitan,White,No,Republican,NA,I voted,Donald Trump,South,Oklahoma,Male,50-64,Some college/2-yr degree,White,South,Metropolitan,"> $50,000",Republican,Donald Trump,0.7959551504119027
R_5Cp9YAcWjeoNH8E,2025-03-18T19:20:52Z,2025-03-18T19:47:08Z,1,54,14,46069,1,5,4,7,0,Saint,3,Cold,4,Unlimited,4,1,0,0,0,0,0,0,0,0,1,0,NA,1,4,2,6,5,NA,NA,Cost/benefits unclear,1,1,1,0,1,NA,5,50,50,25,75,4,9,7,6,9,8,6,2,10,0,0,4,0,0,7,0,8,0,4,7,4,5,7,1,3,5,7,4,1,4,3,1,7,5,5,2,1,0,NA,0,0,4,5,Sounds good,50,US national laboratories for energy and security,Post-graduate degree,Male,"Less than $15,000",Metropolitan,White,No,Independent,The Republican Party,I voted,Donald Trump,Midwest,Indiana,Male,50-64,4-yr/post-graduate degree,White,Midwest,Metropolitan,"< $50,000",Independent,Donald Trump,0.7212550454768683
R_1U3padMlZ8fUJud,2025-03-20T05:48:06Z,2025-03-20T06:28:51Z,1,55,42,37932,9,7,8,7,7,Nuclear,3,Dangerous,2,Clean,4,2,NA,NA,NA,NA,NA,NA,NA,NA,NA,NA,NA,NA,NA,5,4,5,NA,NA,"I live within 30 miles of OAK RIDGE NATIONAL LABS. The biggest fear is this area being a target of attack from hostile groups. I don't have a lot of concern about the danger of the energy itself, but there is certainly a risk in radioactive waste. My next door neighbor is a nuclear engineer. He is very open with me about it's limitations and benefits, and tells me projects he's actually working on or equipment they want to build, but nothing confidential of course. On top of that, my father retired from TVA as a flood control engineer. I've probably had more than the average learning on energy, but overall welcome the idea of fusion, provided the bigger risks could be mitigated.",3,1,1,0,2,NA,6,80,20,50,50,10,8,8,8,7,2,6,5,10,5,5,5,5,0,7,5,8,0,4,6,NA,4,7,2,3,4,7,4,3,NA,4,1,6,4,4,1,3,0,NA,2,3,5,3,"I think we have to explore everything we've got. The Post-It Note guy was trying to invent Super Glue, but still hit a winner.",50,Lawrence Livermore National Laboratory,2-year or associate degree,Female,"$150,000 to under $200,000",Metropolitan,Mixed race,No,Other or none,Neither,I voted,Donald Trump,South,Tennessee,Female,50-64,Some college/2-yr degree,Other,South,Metropolitan,"> $50,000",Independent,Donald Trump,0.6320366539578989
R_50ouP8tQyru3JsJ,2025-03-20T18:35:56Z,2025-03-20T18:59:16Z,1,70,13,60118,7,4,7,7,2,nuclear,4,future energy,4,drink,3,1,0,0,0,1,0,0,0,0,0,0,NA,2,1,6,7,5,NA,NA,Dont know enough about the process,3,1,1,0,1,NA,7,75,25,75,25,8,8,8,8,5,5,5,5,10,4,2,4,4,2,8,4,8,2,4,4,4,4,7,3,4,3,7,4,4,4,4,7,4,4,4,7,2,0,NA,8,2,6,7,"I am still learning
",50,Lawrence Livermore National Laboratory,4-year or bachelor degree,Male,"$50,000 to under $75,000",Metropolitan,White,No,Republican,NA,I voted,Donald Trump,Midwest,Illinois,Male,65+,4-yr/post-graduate degree,White,Midwest,Metropolitan,"> $50,000",Republican,Donald Trump,1.161635501188928
R_1sc3zWZJ6rt107S,2025-03-19T22:40:11Z,2025-03-19T22:57:15Z,1,69,40,29161,9,7,8,10,6,Cutting edge,3,Innovative,3,Efficient,4,1,0,1,0,0,0,0,0,0,0,0,NA,0,1,3,4,2,"Since I don’t know a lot about how fusion energy will affect the environment, I am opposed to having a facility located so close to me.",NA,NA,3,1,1,0,2,5,NA,80,20,15,85,9,10,9,6,10,9,10,6,7,3,7,4,6,4,4,7,6,2,3,4,4,5,7,4,5,4,6,3,6,4,5,5,5,5,5,6,3,0,NA,8,3,5,2,No further information,10,Lawrence Livermore National Laboratory,"Some college, no degree",Female,"$150,000 to under $200,000",Metropolitan,White,No,Independent,The Republican Party,I voted,Donald Trump,South,South Carolina,Female,65+,Some college/2-yr degree,White,South,Metropolitan,"> $50,000",Independent,Donald Trump,0.7609052590110191
R_3PClZzZEtFql3Pc,2025-03-19T12:06:32Z,2025-03-19T12:16:13Z,1,64,40,29575,8,8,8,9,4,Nuclear,3,Effective,3,Dangerous,2,0,NA,NA,NA,NA,NA,NA,NA,NA,NA,NA,NA,NA,NA,2,3,1,We don’t know enough about it,NA,NA,4,1,0,0,3,3,NA,90,10,50,50,8,8,8,8,10,9,10,10,1,5,5,8,5,2,8,5,8,2,1,2,3,4,2,2,2,4,5,6,5,6,4,6,6,5,4,6,2,0,NA,5,5,6,5,"Too risky, expensive",10,US national laboratories for energy and security,4-year or bachelor degree,Female,"$150,000 to under $200,000",Metropolitan,White,No,Republican,NA,I voted,Donald Trump,South,South Carolina,Female,50-64,4-yr/post-graduate degree,White,South,Metropolitan,"> $50,000",Republican,Donald Trump,0.8339644773056427
R_1aeuhi5A5tMtCZW,2025-03-19T01:10:47Z,2025-03-19T01:28:04Z,1,70,23,56763,10,7,10,5,8,"nuclear, efficient, renewable",4,potential game changer,4,might not work large scale,3,1,0,1,0,1,1,0,0,0,0,0,NA,2,2,4,5,5,NA,NA,I don't know a lot about it so can't say I totally support it. What I have heard makes me feel positive about its potential and with more information I may be a strong supporter.,3,1,1,0,1,NA,5,50,50,30,70,9,9,9,9,7,8,10,9,8,5,5,10,10,5,3,5,10,5,4,5,4,4,6,2,4,4,5,4,5,4,4,2,7,4,4,4,2,1,10,NA,8,4,3,"I used to trust the government to lead research on things like this, but the current administration is dismantling agencies and we are losing top experts such as the ones that worked for the Nuclear Regulatory agencies so I no longer trust the government to lead this.",50,US national laboratories for energy and security,Post-graduate degree,Female,"$100,000 to under $150,000",Non-metro,White,No,Independent,The Democratic Party,I voted,Kamala Harris,Midwest,Minnesota,Female,65+,4-yr/post-graduate degree,White,Midwest,Non-metro,"> $50,000",Independent,Kamala Harris,0.7786254823702498
R_3iO7EP151f97Bpb,2025-03-19T06:58:18Z,2025-03-19T07:08:56Z,1,62,8,19810,9,7,9,8,9,Nuclear,2,Radiation,2,Dangerous,2,1,1,1,1,1,0,0,0,1,0,0,NA,5,2,5,6,4,NA,NA,Too much unproven science,2,1,1,1,2,5,NA,70,30,60,40,8,7,7,7,8,7,8,7,6,8,8,8,8,8,7,5,7,7,NA,5,4,5,5,5,5,4,5,2,5,4,4,6,3,4,4,4,2,1,6,NA,9,2,2,No,50,US national laboratories for energy and security,"Some college, no degree",Male,"$100,000 to under $150,000",Metropolitan,White,No,Democrat,NA,I voted,Kamala Harris,South,Delaware,Male,50-64,Some college/2-yr degree,White,South,Metropolitan,"> $50,000",Democrat,Kamala Harris,0.6266584172587708
R_5vVHsr86LSV55NT,2025-03-19T19:33:31Z,2025-03-19T19:41:01Z,1,60,43,79403,10,5,8,3,10,Electric,4,None,2,None,3,0,NA,NA,NA,NA,NA,NA,NA,NA,NA,NA,NA,NA,NA,4,4,4,NA,NA,Don't  know  yet,3,0,0,2,3,4,NA,12,88,0,100,4,7,2,3,5,4,2,3,5,5,4,6,5,5,3,4,5,4,4,4,4,4,4,4,4,4,4,4,4,4,4,4,4,4,4,4,3,1,5,NA,5,4,5,NA,50,US national laboratories for energy and security,High school graduate or GED,Female,"$15,000 to under $50,000",Metropolitan,Black or African-American,No,Democrat,NA,I voted,Kamala Harris,South,Texas,Female,50-64,HS or less,Black,South,Metropolitan,"< $50,000",Democrat,Kamala Harris,0.5187666948336701
R_3I4p1299y0aS9T3,2025-03-19T01:34:30Z,2025-03-19T01:54:08Z,1,72,13,60123,7,6,6,6,5,NA,3,NA,3,NA,3,0,NA,NA,NA,NA,NA,NA,NA,NA,NA,NA,NA,NA,NA,3,3,1,The environmental issues associated with this kind of research should not be done any where near large communities of people.,NA,NA,2,1,1,0,2,4,NA,90,10,30,70,5,5,4,5,5,4,4,4,7,5,5,5,5,1,5,5,5,1,2,3,5,4,2,3,2,4,2,6,6,4,4,6,4,6,5,6,4,0,NA,6,5,5,2,I personally believe that it is a very dangerous endeavor.,10,Lawrence Livermore National Laboratory,High school graduate or GED,Female,"$50,000 to under $75,000",Metropolitan,White,No,Other or none,The Republican Party,I voted,Donald Trump,Midwest,Illinois,Female,65+,HS or less,White,Midwest,Metropolitan,"> $50,000",Independent,Donald Trump,0.810389987780742
R_3R2IFvHW0RjeOBn,2025-03-23T20:51:38Z,2025-03-23T21:08:05Z,1,71,40,29576,6,4,2,8,2,Don’t know it,3,Unknown,3,What is it,3,0,NA,NA,NA,NA,NA,NA,NA,NA,NA,NA,NA,NA,NA,5,5,7,NA,NA,I don’t know enough about it to make an informed decision,3,1,1,0,1,NA,4,80,20,50,50,9,9,9,9,4,3,4,3,5,7,6,6,7,1,5,8,7,0,4,4,4,4,7,7,3,3,3,4,5,4,4,7,5,4,5,6,2,0,NA,2,2,6,2,Don’t know enough about it,50,US national laboratories for energy and security,"Some college, no degree",Male,"$100,000 to under $150,000",Metropolitan,White,No,Republican,NA,I voted,Donald Trump,South,South Carolina,Male,65+,Some college/2-yr degree,White,South,Metropolitan,"> $50,000",Republican,Donald Trump,0.9540470737966243
R_5XAeXXjoAg11UUp,2025-03-18T23:17:27Z,2025-03-18T23:40:42Z,1,69,43,79761,10,6,10,6,10,Nuclear power,4,None,3,None,3,1,1,1,0,1,1,1,0,1,0,0,NA,6,2,5,7,4,NA,NA,"I live in an area with lots of petroleum and gas, kinda feel that is enough potential problems. However there is a lot of land available for such a project.",2,1,1,2,3,7,NA,50,50,40,60,10,10,10,10,3,1,3,3,8,8,8,8,8,6,8,8,8,6,4,5,4,4,6,3,4,3,4,4,4,4,4,3,6,4,6,4,2,1,10,NA,10,4,5,NA,10,US national laboratories for energy and security,Post-graduate degree,Female,"More than $200,000",Metropolitan,White,No,Democrat,NA,I voted,Kamala Harris,South,Texas,Female,65+,4-yr/post-graduate degree,White,South,Metropolitan,"> $50,000",Democrat,Kamala Harris,0.7869933071620695
R_5djo6LbAEKUoyRP,2025-03-22T11:55:20Z,2025-03-22T12:04:16Z,1,40,36,74743,3,6,5,4,4,Dangerous,2,Expensive,2,Experimental,2,1,0,0,0,1,0,0,1,0,0,0,NA,3,2,7,3,4,NA,NA,It could be beneficial but it's also extremely dangerous.,3,1,0,0,4,1,NA,70,30,30,70,3,3,4,4,4,4,4,2,3,2,3,3,2,3,2,1,2,2,1,3,1,4,2,1,3,4,1,7,4,1,4,4,7,1,4,1,3,0,NA,4,4,4,3,No,10,Lawrence Livermore National Laboratory,High school graduate or GED,Female,"$15,000 to under $50,000",Non-metro,White,No,Republican,NA,I did not vote,NA,South,Oklahoma,Female,30-49,HS or less,White,South,Non-metro,"< $50,000",Republican,3rd or didn't vote,1.6001301094236897
R_3G0pTwFvhkgkQME,2025-03-19T15:46:38Z,2025-03-19T15:57:13Z,1,55,25,64055,10,10,10,10,10,nuclear,2,bright,4,trust,4,0,NA,NA,NA,NA,NA,NA,NA,NA,NA,NA,NA,NA,NA,3,5,5,NA,NA,I do not know enough about it to make a really good decision.,4,1,1,0,3,NA,7,50,50,50,50,10,10,10,10,6,5,6,5,6,9,5,9,10,10,8,6,10,1,5,3,4,4,4,5,3,4,2,4,3,4,4,5,3,3,4,2,2,1,9,NA,10,2,5,NA,50,Lawrence Livermore National Laboratory,4-year or bachelor degree,Female,"$50,000 to under $75,000",Metropolitan,White,No,Independent,The Democratic Party,I voted,Kamala Harris,Midwest,Missouri,Female,50-64,4-yr/post-graduate degree,White,Midwest,Metropolitan,"> $50,000",Independent,Kamala Harris,0.6546827876471366
R_7MzFTmxMXFvAFde,2025-03-20T04:55:23Z,2025-03-20T05:02:58Z,1,43,46,24301,10,10,10,10,10,I'm not sure,3,I'm not sure,3,I'm not sure,3,0,NA,NA,NA,NA,NA,NA,NA,NA,NA,NA,NA,NA,NA,4,7,5,NA,NA,I don't know enough about it to say I would be willing to host a facility near my home,1,1,1,0,3,NA,7,50,50,50,50,10,10,10,10,10,10,10,10,10,9,10,9,10,9,10,10,10,9,4,4,4,4,4,4,4,4,6,4,4,4,4,4,4,4,4,5,2,1,10,NA,10,4,8,NA,10,US national laboratories for energy and security,High school graduate or GED,Female,"$75,000 to under $100,000",Metropolitan,White,No,Other or none,Neither,I voted,Kamala Harris,South,Virginia,Female,30-49,HS or less,White,South,Metropolitan,"> $50,000",Independent,Kamala Harris,0.5106872884682673
R_7YhcRORNlIH46wk,2025-03-19T15:59:53Z,2025-03-19T16:17:02Z,1,71,20,21113,10,10,10,10,3,Nuclear Power,5,Clean,5,Cheap,5,0,NA,NA,NA,NA,NA,NA,NA,NA,NA,NA,NA,NA,NA,6,7,4,NA,NA,I would need to know more about the risks to provide an informed answer.,2,1,1,0,3,4,NA,75,25,75,25,10,10,9,8,9,9,9,9,10,8,8,8,8,0,8,8,5,0,4,4,4,4,7,3,4,4,7,4,4,4,4,1,5,4,5,1,2,0,NA,8,1,7,5,No,50,Lawrence Livermore National Laboratory,4-year or bachelor degree,Male,"$100,000 to under $150,000",Metropolitan,White,No,Republican,NA,I voted,Donald Trump,South,Maryland,Male,65+,4-yr/post-graduate degree,White,South,Metropolitan,"> $50,000",Republican,Donald Trump,1.0376726417682143
R_73NAPSg9ndCicox,2025-03-19T02:34:55Z,2025-03-19T02:40:17Z,1,29,40,29154,8,4,7,10,9,environment,3,static,3,different,3,0,NA,NA,NA,NA,NA,NA,NA,NA,NA,NA,NA,NA,NA,4,5,5,NA,NA,I don't understand it to much,3,1,0,0,3,4,NA,30,70,60,40,4,6,2,6,8,6,7,9,5,8,10,9,7,8,9,7,9,9,4,4,4,4,4,4,4,4,4,4,4,5,4,4,4,4,4,5,3,1,6,NA,6,4,5,NA,10,Lawrence Livermore National Laboratory,High school graduate or GED,Female,"$50,000 to under $75,000",Metropolitan,Black or African-American,No,Democrat,NA,I voted,Kamala Harris,South,South Carolina,Female,18-29,HS or less,Black,South,Metropolitan,"> $50,000",Democrat,Kamala Harris,0.6534428424700637
R_3yarSWuv1xCAB7q,2025-03-18T22:07:40Z,2025-03-18T23:09:13Z,1,53,13,60110,7,8,10,7,7,Confusing,3,Interesting,3,Concerned,3,0,NA,NA,NA,NA,NA,NA,NA,NA,NA,NA,NA,NA,NA,4,4,5,NA,NA,I don't understand what this type of energy is.,3,1,1,0,5,4,NA,40,60,50,50,8,7,8,7,7,5,7,7,5,7,9,8,8,7,8,8,8,8,4,4,4,4,4,4,4,4,4,4,4,4,4,4,4,4,4,4,2,1,6,NA,7,2,5,I would like to know more about what this type of energy will provide.,50,Lawrence Livermore National Laboratory,2-year or associate degree,Female,"$15,000 to under $50,000",Metropolitan,White,No,Democrat,NA,I was not registered to vote,NA,Midwest,Illinois,Female,50-64,Some college/2-yr degree,White,Midwest,Metropolitan,"< $50,000",Democrat,3rd or didn't vote,1.766790009606915
R_1NsKnUA8zWORVRX,2025-03-19T16:06:36Z,2025-03-19T16:30:01Z,1,42,21,01020,9,7,7,9,8,Nuclear,2,Sustainable,4,Cheap,4,0,NA,NA,NA,NA,NA,NA,NA,NA,NA,NA,NA,NA,NA,5,5,6,NA,NA,I don’t know too much about it and it sounds like the experts aren’t very sure about it yet either.,2,1,1,0,3,NA,5,25,75,60,40,9,8,8,8,6,7,7,6,7,6,7,5,6,3,7,7,7,3,4,4,3,4,3,3,4,4,1,4,4,3,4,4,4,4,4,1,2,1,8,NA,10,2,2,It sounds promising and I look forward to seeing it play out.,10,Lawrence Livermore National Laboratory,"Some college, no degree",Female,"$75,000 to under $100,000",Metropolitan,White,No,Democrat,NA,I voted,Kamala Harris,Northeast,Massachusetts,Female,30-49,Some college/2-yr degree,White,Northeast,Metropolitan,"> $50,000",Democrat,Kamala Harris,0.6042495039723382
R_3Fz7OtCfKN1Ywkq,2025-03-18T19:20:29Z,2025-03-18T19:25:25Z,1,68,32,10025,10,10,8,7,10,Nuclear,1,Destructive,1,Don't know,1,0,NA,NA,NA,NA,NA,NA,NA,NA,NA,NA,NA,NA,NA,1,3,3,NA,NA,"Contamination, 3 Mile Island",2,0,0,0,4,1,NA,50,50,0,100,4,3,1,3,10,10,10,10,7,7,7,6,10,10,3,7,6,2,4,1,3,4,4,4,4,4,3,4,4,4,4,4,4,4,4,4,4,1,10,NA,10,1,8,NA,10,US national laboratories for energy and security,4-year or bachelor degree,Female,"$100,000 to under $150,000",Metropolitan,White,No,Democrat,NA,I voted,Kamala Harris,Northeast,New York,Female,65+,4-yr/post-graduate degree,White,Northeast,Metropolitan,"> $50,000",Democrat,Kamala Harris,0.7890742045212431
R_3oNt5MNoV91GG4a,2025-03-19T17:04:22Z,2025-03-19T17:13:51Z,1,71,48,25705,10,10,9,9,7,Don't really understand,2,Need more information,3,Need to learn,3,0,NA,NA,NA,NA,NA,NA,NA,NA,NA,NA,NA,NA,NA,5,4,4,NA,NA,"Fear, something new",3,1,1,0,3,NA,4,25,75,60,40,8,9,8,10,10,10,10,10,8,8,7,5,8,8,8,8,9,4,7,4,4,3,7,4,5,7,7,4,6,4,6,7,7,4,3,7,2,1,7,NA,7,4,5,No,50,Lawrence Livermore National Laboratory,2-year or associate degree,Female,"Less than $15,000",Metropolitan,White,No,Republican,NA,I voted,Donald Trump,South,West Virginia,Female,65+,Some college/2-yr degree,White,South,Metropolitan,"< $50,000",Republican,Donald Trump,0.8261254485713588
R_1mKPnILeaO46Ui6,2025-03-20T19:29:02Z,2025-03-20T19:51:30Z,1,42,32,10451,9,10,8,10,8,it is two things together to produce energy,5,it is very innovative,4,it is smart,4,0,NA,NA,NA,NA,NA,NA,NA,NA,NA,NA,NA,NA,NA,4,6,6,NA,I like keeping up with the times,NA,2,0,1,0,3,NA,4,35,65,70,30,9,9,8,8,9,7,7,9,9,7,10,9,8,9,6,8,8,7,6,4,4,5,6,5,4,5,5,6,5,5,5,5,7,4,4,4,2,0,NA,4,8,1,9,nothing at the moment,50,Lawrence Livermore National Laboratory,High school graduate or GED,Female,"$50,000 to under $75,000",Metropolitan,Black or African-American,Yes,Democrat,NA,I voted,Kamala Harris,Northeast,New York,Female,30-49,HS or less,Hispanic,Northeast,Metropolitan,"> $50,000",Democrat,Kamala Harris,0.689349108733563
R_6ksUR3uqIzcTwbb,2025-03-19T15:55:19Z,2025-03-19T16:35:50Z,1,66,23,56387,9,8,8,8,6,"Nuclear, electric, solar",4,Solar Energy,5,Elactric,2,0,NA,NA,NA,NA,NA,NA,NA,NA,NA,NA,NA,NA,NA,5,5,5,NA,NA,I want to know the health risks and how it will affect our environment,2,1,1,0,3,NA,5,40,60,40,60,8,8,8,8,7,8,8,7,8,8,4,8,8,4,8,8,8,4,4,7,4,4,7,4,4,4,7,4,1,4,4,1,4,4,4,7,2,0,NA,9,2,6,8,I support our President and his cabinet.  I trust more the Lord God Almighty.  We must pray that we do His will.,50,Lawrence Livermore National Laboratory,4-year or bachelor degree,Female,"$75,000 to under $100,000",Metropolitan,White,No,Republican,NA,I voted,Donald Trump,Midwest,Minnesota,Female,65+,4-yr/post-graduate degree,White,Midwest,Metropolitan,"> $50,000",Republican,Donald Trump,1.119021081282139
R_1CcymLgkThNbBYt,2025-03-20T18:18:26Z,2025-03-20T18:26:41Z,1,53,28,89169,3,5,10,5,4,Save,3,Best,4,Clean,4,2,NA,NA,NA,NA,NA,NA,NA,NA,NA,NA,NA,NA,NA,4,4,4,NA,NA,I’m not sure,3,1,1,0,5,NA,4,50,50,50,50,5,5,5,5,5,5,5,5,5,5,5,5,5,5,5,5,5,5,4,4,4,4,4,4,4,4,4,4,4,4,4,4,4,4,4,4,3,0,NA,5,5,4,0,NA,10,Lawrence Livermore National Laboratory,"Some college, no degree",Female,"$50,000 to under $75,000",Metropolitan,White,Yes,Independent,Neither,I voted,Someone else,West,Nevada,Female,50-64,Some college/2-yr degree,Hispanic,West,Metropolitan,"> $50,000",Independent,3rd or didn't vote,1.8849754930835967
R_5BgpbZDHh2GCObo,2025-03-19T15:59:02Z,2025-03-19T16:07:28Z,1,46,34,58104,8,8,8,8,3,Bring together energy,4,nuclear,4,expensive,2,2,NA,NA,NA,NA,NA,NA,NA,NA,NA,NA,NA,NA,NA,5,5,6,NA,NA,I have no problem with a fusion energy center within 50 miles of my city,3,1,1,0,3,NA,5,80,20,50,50,9,9,9,9,6,8,7,2,9,7,7,8,8,5,8,4,8,3,4,1,4,3,1,5,4,5,2,4,2,5,2,1,5,3,5,2,2,0,NA,2,2,6,2,NA,50,Lawrence Livermore National Laboratory,4-year or bachelor degree,Male,"$100,000 to under $150,000",Metropolitan,White,No,Republican,NA,I voted,Donald Trump,Midwest,North Dakota,Male,30-49,4-yr/post-graduate degree,White,Midwest,Metropolitan,"> $50,000",Republican,Donald Trump,0.9675176479310874
R_5PiXJdbRp5tUpOA,2025-03-21T16:06:01Z,2025-03-21T16:34:49Z,1,66,49,54456,6,9,9,8,8,Electric,4,Nuclear,4,Source,3,2,NA,NA,NA,NA,NA,NA,NA,NA,NA,NA,NA,NA,NA,5,6,5,NA,NA,Don't know if any adverse affects are possible but I think it would bring a work force to the area.,4,1,1,0,2,NA,5,30,70,40,60,4,8,6,5,6,7,5,4,7,8,3,NA,NA,3,7,4,5,2,5,3,NA,3,5,3,2,4,2,6,4,4,3,6,5,5,6,6,4,1,8,NA,8,4,5,NA,10,Lawrence Livermore National Laboratory,4-year or bachelor degree,Female,"$50,000 to under $75,000",Non-metro,White,No,Other or none,The Republican Party,I voted,Someone else,Midwest,Wisconsin,Female,65+,4-yr/post-graduate degree,White,Midwest,Non-metro,"> $50,000",Independent,3rd or didn't vote,2.264628476136615
R_7EXTYdO51j9z6vN,2025-03-20T15:12:32Z,2025-03-20T15:23:03Z,1,52,43,79932,6,7,8,8,8,Red,4,Fire,4,Free,4,1,0,0,1,1,0,0,0,0,0,0,NA,7,2,4,5,2,I wouldn't want something with that much power being so close to my home.,NA,NA,1,1,1,0,3,5,NA,50,50,50,50,8,9,9,9,8,8,8,8,10,8,8,9,8,8,8,7,7,9,2,3,3,2,2,2,3,3,2,4,4,4,4,4,3,3,4,4,2,1,8,NA,8,5,7,Not at this time,50,US national laboratories for energy and security,"Some college, no degree",Female,"$50,000 to under $75,000",Metropolitan,White,No,Republican,NA,I voted,Donald Trump,South,Texas,Female,50-64,Some college/2-yr degree,White,South,Metropolitan,"> $50,000",Republican,Donald Trump,0.7667556579963318
R_6OP1XpmiSM4k8Jq,2025-03-19T17:35:27Z,2025-03-19T17:49:30Z,1,35,2,99613,10,10,8,9,8,Combination,5,Dangerous,1,Chemical,5,1,0,1,0,0,0,0,0,1,0,0,NA,6,2,3,5,4,NA,NA,It may be dangerous if it is near by me,2,1,1,0,2,NA,7,50,50,60,40,9,8,10,9,7,9,5,4,10,7,8,7,8,9,7,10,6,9,6,5,4,4,5,5,4,6,4,6,6,6,7,4,7,6,5,7,1,1,9,NA,10,7,8,It is a great improvement,10,US national laboratories for energy and security,4-year or bachelor degree,Male,"$100,000 to under $150,000",Metropolitan,White,No,Republican,NA,I voted,Donald Trump,Northeast,Alaska,Male,30-49,4-yr/post-graduate degree,White,Northeast,Metropolitan,"> $50,000",Republican,Donald Trump,0.8665551211076793
R_1RKPr4yopNvbNkZ,2025-03-20T20:34:42Z,2025-03-20T20:41:58Z,1,49,3,86004,0,0,0,0,0,Huh,3,Confused,3,Dumbfounded,3,0,NA,NA,NA,NA,NA,NA,NA,NA,NA,NA,NA,NA,NA,4,4,4,NA,NA,"I live on a hillside, so 50 miles away might be interesting.",5,1,1,0,3,NA,7,50,50,50,50,10,10,5,5,5,10,5,10,0,10,10,10,10,10,10,10,10,10,4,4,4,4,4,4,4,4,4,4,4,4,4,4,4,4,4,4,1,1,10,NA,10,4,0,Make it so!,50,Lawrence Livermore National Laboratory,"Some college, no degree",Male,"$50,000 to under $75,000",Metropolitan,White,No,Other or none,Neither,I was not registered to vote,NA,West,Arizona,Male,30-49,Some college/2-yr degree,White,West,Metropolitan,"> $50,000",Independent,3rd or didn't vote,1.629065692238082
R_3mDG25DiCY1qMk5,2025-03-19T19:20:21Z,2025-03-19T19:25:17Z,1,39,46,22182,10,10,10,10,10,innovative,5,controlled environment,5,man-made,3,1,1,1,0,0,0,0,0,0,0,0,NA,10,2,5,7,7,NA,bring more jobs to the area,NA,3,1,1,0,3,3,NA,30,70,60,40,9,10,10,10,10,10,10,10,10,10,10,10,10,10,10,10,10,10,5,6,5,5,6,5,6,5,5,6,4,6,4,4,4,5,4,6,3,1,6,NA,7,4,1,none,50,US national laboratories for energy and security,Post-graduate degree,Female,"$150,000 to under $200,000",Metropolitan,Asian or Asian-American,No,Independent,The Democratic Party,I voted,Donald Trump,South,Virginia,Female,30-49,4-yr/post-graduate degree,Other,South,Metropolitan,"> $50,000",Independent,Donald Trump,0.6862827042935071
R_3tSUGLJWueHMxl7,2025-03-18T19:23:48Z,2025-03-18T19:42:58Z,1,73,17,40165,10,10,7,8,8,Dangerous,2,cheaper,4,untested,1,1,1,0,0,0,0,1,0,0,0,0,NA,0,4,2,3,1,"It's an untested, highly dangerous technology at this point and I need to know a great deal more about it - including long term issues like waste disposal and safety - before I can support it.",NA,NA,3,1,0,0,2,NA,2,80,20,5,95,7,7,6,3,8,9,9,8,3,5,5,6,7,4,6,3,8,2,3,5,4,4,7,1,3,4,3,5,3,4,6,1,7,6,7,6,3,1,9,NA,9,5,1,NA,50,Lawrence Livermore National Laboratory,Post-graduate degree,Male,"$50,000 to under $75,000",Metropolitan,White,No,Republican,NA,I voted,Kamala Harris,South,Kentucky,Male,65+,4-yr/post-graduate degree,White,South,Metropolitan,"> $50,000",Republican,Kamala Harris,0.8789048036588227
R_7OuJsXzkaxm2tJB,2025-03-19T12:24:46Z,2025-03-19T12:40:01Z,1,65,22,49423,9,7,9,7,8,unknown,3,intriging,4,potential,4,0,NA,NA,NA,NA,NA,NA,NA,NA,NA,NA,NA,NA,NA,6,4,6,NA,NA,too many unknowns,3,0,1,0,5,NA,4,60,40,30,70,9,8,7,4,7,8,3,4,3,2,2,3,8,6,5,2,8,3,3,5,3,7,5,3,2,7,3,7,3,3,4,6,6,7,4,4,2,1,7,NA,8,2,3,Very interesting opportunity however I don't believe the current administration would be progressive enough to consider moving forward with it,50,US national laboratories for energy and security,Post-graduate degree,Male,"$100,000 to under $150,000",Metropolitan,White,No,Democrat,NA,I voted,Kamala Harris,Midwest,Michigan,Male,65+,4-yr/post-graduate degree,White,Midwest,Metropolitan,"> $50,000",Democrat,Kamala Harris,0.9145599023135198
R_3QVvMuAH6maUzjz,2025-03-19T16:41:30Z,2025-03-19T16:49:31Z,1,71,27,68116,8,9,8,8,10,Nuclear,4,Atomic,2,Energy,4,2,NA,NA,NA,NA,NA,NA,NA,NA,NA,NA,NA,NA,NA,4,5,7,NA,NA,Don’t know enough about it,3,1,1,0,3,NA,6,50,50,50,50,10,9,10,10,7,8,5,7,10,6,7,10,8,8,4,2,10,0,4,4,4,4,4,1,4,4,7,2,2,4,4,5,4,2,4,4,2,1,9,NA,10,5,1,Interested,50,Lawrence Livermore National Laboratory,4-year or bachelor degree,Male,"$150,000 to under $200,000",Metropolitan,White,No,Independent,The Republican Party,I voted,Kamala Harris,Midwest,Nebraska,Male,65+,4-yr/post-graduate degree,White,Midwest,Metropolitan,"> $50,000",Independent,Kamala Harris,0.81459874642719
R_3lrHOcHosdXaL9q,2025-03-20T18:39:53Z,2025-03-20T18:45:50Z,1,59,49,54952,4,6,9,6,7,nuclear,3,energy,4,together,4,2,NA,NA,NA,NA,NA,NA,NA,NA,NA,NA,NA,NA,NA,4,3,2,it sounds dangerous,NA,NA,3,1,1,0,5,NA,4,50,50,25,75,10,6,7,6,9,8,2,10,3,6,6,5,6,4,2,5,4,1,4,5,5,4,6,1,4,4,5,4,2,5,3,2,6,5,4,3,3,1,10,NA,10,3,5,cautious,10,US national laboratories for energy and security,4-year or bachelor degree,Female,"$100,000 to under $150,000",Metropolitan,White,No,Democrat,NA,I did not vote,NA,Midwest,Wisconsin,Female,50-64,4-yr/post-graduate degree,White,Midwest,Metropolitan,"> $50,000",Democrat,3rd or didn't vote,2.137803053109222
R_3Kigp7yRz2hkgbT,2025-03-20T01:03:33Z,2025-03-20T01:37:24Z,1,59,4,72703,7,6,7,9,2,not nuclear,3,I don't know what it is,3,n/a,3,0,NA,NA,NA,NA,NA,NA,NA,NA,NA,NA,NA,NA,NA,5,5,5,NA,NA,"It sounds like it isn't proven yet, so I support further testing and once that is achieved, I would welcome this type of energy.",3,1,1,0,2,NA,4,80,20,50,50,5,6,7,8,3,4,6,9,7,8,7,8,8,5,9,6,6,7,2,4,2,5,6,5,2,3,7,3,6,3,4,2,5,3,3,5,2,1,6,NA,6,6,1,none,10,US national laboratories for energy and security,4-year or bachelor degree,Male,"$100,000 to under $150,000",Metropolitan,White,No,Independent,The Republican Party,I voted,Donald Trump,South,Arkansas,Male,50-64,4-yr/post-graduate degree,White,South,Metropolitan,"> $50,000",Independent,Donald Trump,0.7167563512986861
R_6CCAre1W0PGQki4,2025-03-23T13:50:47Z,2025-03-23T14:09:25Z,1,65,49,53103,8,9,5,9,3,blending,3,future,3,innovation,3,0,NA,NA,NA,NA,NA,NA,NA,NA,NA,NA,NA,NA,NA,3,3,2,I don't know about the possible safety issues that may arise is there is an accident at the plant.,NA,NA,4,1,1,0,1,NA,4,80,20,25,75,5,6,5,5,4,5,3,5,8,5,2,4,5,1,6,4,3,2,4,5,5,4,6,4,4,4,5,4,3,3,3,2,4,4,4,3,4,0,NA,0,0,6,5,"There were several questions that could have used an, I don't know option.",10,Lawrence Livermore National Laboratory,"Some college, no degree",Female,"$100,000 to under $150,000",Metropolitan,White,No,Republican,NA,I voted,Donald Trump,Midwest,Wisconsin,Female,65+,Some college/2-yr degree,White,Midwest,Metropolitan,"> $50,000",Republican,Donald Trump,1.028839679433728
R_1E3OO1xlqAPNgFX,2025-03-20T21:44:52Z,2025-03-20T21:56:23Z,1,29,47,98375,10,10,10,10,10,Light atomic nuclei releasing tremendous amounts of energy,1,Radiation,1,Plasma confinement,1,1,1,1,1,1,1,1,1,1,0,0,NA,10,3,2,7,5,NA,NA,Yeah I wouldn't mind it but not close to my home,2,1,1,3,3,4,NA,50,50,45,55,10,8,6,5,6,9,4,10,5,5,7,5,7,8,8,9,6,6,2,5,4,4,4,7,7,6,6,4,6,6,3,5,7,4,4,6,3,1,10,NA,10,4,0,NA,50,US national laboratories for energy and security,High school graduate or GED,Female,"$75,000 to under $100,000",Metropolitan,White,No,Republican,NA,I voted,Donald Trump,West,Washington,Female,18-29,HS or less,White,West,Metropolitan,"> $50,000",Republican,Donald Trump,0.8302174299068681
R_12Jgn2siiI3793U,2025-03-18T20:16:22Z,2025-03-18T20:29:20Z,1,70,47,98033,8,7,9,7,8,Safe,4,Nuclear,3,Power,3,1,0,0,0,1,0,0,0,0,0,0,NA,5,3,5,5,5,NA,NA,I need to understand more about it.  I generally like it but I haven't studied it in-depth,3,1,1,0,3,NA,4,50,50,50,50,8,7,8,6,7,4,7,7,3,6,6,6,7,7,5,6,7,5,3,4,4,4,4,3,4,5,4,5,3,5,4,4,5,5,4,4,2,1,8,NA,8,3,6,"No.  But I am interested in learning more about it
",50,Lawrence Livermore National Laboratory,4-year or bachelor degree,Male,"More than $200,000",Metropolitan,White,No,Independent,The Democratic Party,I voted,Kamala Harris,West,Washington,Male,65+,4-yr/post-graduate degree,White,West,Metropolitan,"> $50,000",Independent,Kamala Harris,0.7314283512109354
R_1jYBfgK8VEvLOOU,2025-03-19T14:10:25Z,2025-03-19T18:49:05Z,1,20,43,78572,5,7,7,5,0,nuclear,3,power,3,plant,3,0,NA,NA,NA,NA,NA,NA,NA,NA,NA,NA,NA,NA,NA,4,4,4,NA,NA,I have mixed feelings because i don't know much about fusion energy. I don't know if it will effect the area where i live having a negative impact.,3,0,0,0,5,4,NA,0,100,50,50,5,5,5,5,5,5,5,5,5,5,5,5,5,5,5,5,5,5,4,4,4,4,4,4,4,4,4,4,4,4,4,4,4,4,4,4,3,1,3,NA,4,4,4,N/a,50,US national laboratories for energy and security,"Some college, no degree",Male,"$50,000 to under $75,000",Metropolitan,White,No,Other or none,Neither,I voted,Kamala Harris,South,Texas,Male,18-29,Some college/2-yr degree,White,South,Metropolitan,"> $50,000",Independent,Kamala Harris,0.6319835617966318
R_5mrYMoRUZyEjNgv,2025-03-20T04:54:07Z,2025-03-20T04:59:56Z,1,73,17,40701,5,5,5,5,5,Worry,2,Bills,3,Neglect,3,0,NA,NA,NA,NA,NA,NA,NA,NA,NA,NA,NA,NA,NA,1,4,3,NA,NA,Non,6,1,0,0,5,7,NA,25,75,25,75,5,5,3,4,5,5,5,4,10,4,3,0,4,1,4,5,6,0,7,4,7,4,4,4,4,4,7,7,4,2,4,4,4,4,4,7,3,0,NA,10,10,4,0,NA,50,Lawrence Livermore National Laboratory,High school graduate or GED,Female,"$15,000 to under $50,000",Non-metro,White,No,Independent,Neither,I did not vote,NA,South,Kentucky,Female,65+,HS or less,White,South,Non-metro,"< $50,000",Independent,3rd or didn't vote,1.5905915388291445
R_5IDVNdb9ISceUUh,2025-03-19T16:19:03Z,2025-03-19T16:27:09Z,1,56,14,46148,9,8,9,9,7,Nuclear,4,atoms,4,split,4,1,1,1,1,0,1,1,0,0,0,0,NA,5,2,5,7,5,NA,NA,"Let's face it, nobody wants ANY type of energy plant 10 miles from their home. NIMBY. :]",2,1,1,0,1,5,NA,80,20,65,35,10,10,10,10,8,9,9,8,9,5,1,5,4,0,5,5,3,2,3,3,4,3,7,2,4,2,7,4,2,4,4,1,5,4,4,1,1,0,NA,9,3,7,3,Move forward with cAUTION,10,US national laboratories for energy and security,4-year or bachelor degree,Male,"More than $200,000",Non-metro,White,No,Republican,NA,I voted,Donald Trump,Midwest,Indiana,Male,50-64,4-yr/post-graduate degree,White,Midwest,Non-metro,"> $50,000",Republican,Donald Trump,0.9616236883577064
R_3yGfcXi7pMvmCZP,2025-03-18T19:49:57Z,2025-03-18T20:18:10Z,1,27,32,10017,7,6,7,8,10,Nuclear,3,Renewable,4,Clean energy,4,1,1,1,1,0,0,0,0,0,0,0,NA,4,2,5,5,3,NA,NA,I live in a Metropolitan area so not sure on the feasibility and logistics on this one specifically.,5,0,1,0,3,6,NA,40,60,20,80,8,7,7,5,4,4,4,4,3,5,5,5,6,5,5,4,5,3,3,5,3,5,5,3,6,3,6,3,3,4,3,5,5,3,3,2,3,1,7,NA,10,3,1,Im not against fusion energy but i think it's a false dichotomy to present it as fusion energy vs traditional gas/oil. I'm pro clean energy and I think other alternatives such as solar might be more feasible and efficient vs fusion but i am open minded,50,US national laboratories for energy and security,4-year or bachelor degree,Female,"$100,000 to under $150,000",Metropolitan,Asian or Asian-American,No,Democrat,NA,I did not vote,NA,Northeast,New York,Female,18-29,4-yr/post-graduate degree,Other,Northeast,Metropolitan,"> $50,000",Democrat,3rd or didn't vote,2.1584460618466164
R_5LZx36cp9KtN54t,2025-03-20T17:14:59Z,2025-03-20T17:44:31Z,1,42,23,55109,7,7,7,7,7,Excellent source,4,Far off till ready,2,Clean Energy,5,1,1,1,1,0,0,1,0,0,0,0,NA,2,2,4,6,5,NA,NA,"Until I research more about the possible risks to my community if a catastrophe happened, unsure how close is safe or not",4,1,1,0,1,NA,6,50,50,30,70,8,9,8,6,6,5,7,4,8,6,7,8,8,6,6,7,8,6,5,5,4,4,5,3,3,4,5,3,5,4,4,5,5,5,4,5,2,1,8,NA,10,3,5,"Sounds futuristic, exciting, something we need.",50,US national laboratories for energy and security,4-year or bachelor degree,Male,"$50,000 to under $75,000",Metropolitan,White,No,Democrat,NA,I voted,Kamala Harris,Midwest,Minnesota,Male,30-49,4-yr/post-graduate degree,White,Midwest,Metropolitan,"> $50,000",Democrat,Kamala Harris,0.7617302025229249
R_3iqdo9jyn6tp0QA,2025-03-18T19:34:40Z,2025-03-18T20:47:42Z,1,65,16,66202,10,7,6,10,3,Possible cheap energy,5,Unlimited source,5,No CO2,5,1,0,0,0,1,0,0,0,1,0,1,School,7,2,7,7,4,NA,NA,Facilities can be further out for additional safety issues.,3,1,1,1,1,NA,4,50,50,80,20,10,10,10,8,6,8,6,6,6,6,5,6,6,5,6,7,6,4,3,3,3,3,7,2,3,2,6,5,3,5,5,1,6,5,6,2,2,0,NA,2,3,4,2,Go for it. The sooner the better.,10,US national laboratories for energy and security,"Some college, no degree",Male,"$75,000 to under $100,000",Metropolitan,White,No,Independent,The Republican Party,I voted,Donald Trump,Midwest,Kansas,Male,65+,Some college/2-yr degree,White,Midwest,Metropolitan,"> $50,000",Independent,Donald Trump,0.8842431479632039
R_5LHvsoirZFVOvEW,2025-03-19T23:57:58Z,2025-03-20T01:05:01Z,1,43,14,47111,8,8,8,9,9,Energy,4,Save,5,Planet,4,0,NA,NA,NA,NA,NA,NA,NA,NA,NA,NA,NA,NA,NA,5,5,2,My health and secury,NA,NA,3,1,1,4,4,NA,5,30,70,40,60,8,8,9,9,7,5,8,8,8,9,8,8,9,9,9,9,8,8,4,5,5,5,4,5,6,5,5,6,5,4,5,5,5,5,5,6,2,1,8,NA,8,4,6,None,10,Lawrence Livermore National Laboratory,High school graduate or GED,Male,"$75,000 to under $100,000",Metropolitan,White,Yes,Democrat,NA,I voted,Kamala Harris,Midwest,Indiana,Male,30-49,HS or less,Hispanic,Midwest,Metropolitan,"> $50,000",Democrat,Kamala Harris,0.7989756222303508
R_3yf7ykfwPDxHJDD,2025-03-21T17:52:03Z,2025-03-21T18:00:14Z,1,51,5,90292,10,10,10,10,10,Clean Power,4,Science,4,Sustainable future,4,1,0,0,1,0,0,0,0,0,0,0,NA,3,4,6,7,5,NA,NA,I don't want it around where my kids are,2,1,1,0,5,NA,6,50,50,50,50,5,5,5,5,5,5,5,5,8,5,5,5,5,5,5,5,5,5,6,6,6,6,6,6,6,6,6,4,4,4,4,4,4,4,4,4,1,1,10,NA,10,2,0,no,10,Lawrence Livermore National Laboratory,"Some college, no degree",Male,"More than $200,000",Metropolitan,White,No,Other or none,Neither,I did not vote,NA,West,California,Male,50-64,Some college/2-yr degree,White,West,Metropolitan,"> $50,000",Independent,3rd or didn't vote,1.6318054219416191
R_6EQzV2wpuIiGQTv,2025-03-18T19:36:27Z,2025-03-18T19:46:14Z,1,58,30,08638,8,10,10,10,10,I'm not sure,3,NA,4,NA,4,0,NA,NA,NA,NA,NA,NA,NA,NA,NA,NA,NA,NA,NA,7,7,7,NA,Because it's a new promising way of energy besides the old ways to harvest energy,NA,1,1,1,0,1,7,NA,50,50,50,50,10,10,10,10,10,10,10,10,10,10,10,7,9,10,10,10,10,5,3,5,5,5,6,5,5,5,5,5,5,5,2,6,5,5,6,5,1,1,10,NA,10,2,6,NA,10,Lawrence Livermore National Laboratory,High school graduate or GED,Male,"Less than $15,000",Metropolitan,Black or African-American,No,Democrat,NA,I voted,Kamala Harris,Northeast,New Jersey,Male,50-64,HS or less,Black,Northeast,Metropolitan,"< $50,000",Democrat,Kamala Harris,0.5399462153200297
R_3nlaczS07Y4xEPN,2025-03-18T21:47:54Z,2025-03-18T22:01:48Z,1,67,9,32304,8,8,8,7,8,dangerous,2,expensive,2,only benefits the rich,2,1,1,0,0,0,0,0,0,0,0,0,NA,5,3,3,3,2,"It is too new, too expensive, too risky, and too unpredictable.",NA,NA,2,1,0,3,4,3,NA,70,30,30,70,5,3,4,5,9,7,8,8,0,2,1,2,1,2,1,2,1,2,4,3,3,3,5,3,4,3,5,4,4,3,3,5,2,5,4,6,4,1,6,NA,8,3,2,It would be better to spend all that money to help people who are alive TODAY... instead of hoping you might help many years from now.,50,Lawrence Livermore National Laboratory,Post-graduate degree,Female,"$50,000 to under $75,000",Metropolitan,White,No,Democrat,NA,I voted,Kamala Harris,South,Florida,Female,65+,4-yr/post-graduate degree,White,South,Metropolitan,"> $50,000",Democrat,Kamala Harris,0.7869933071620695
R_7xSsy8GKuSVpMKB,2025-03-19T16:45:52Z,2025-03-19T16:57:26Z,1,55,12,83669,8,8,9,10,1,Future,5,freedom,4,space,4,1,0,1,1,1,0,0,0,1,0,0,NA,6,2,5,7,5,NA,NA,I would need to know more about the safety.,2,1,1,1,5,5,NA,50,50,50,50,7,7,8,7,7,6,6,6,7,7,3,7,4,3,7,7,7,4,4,3,4,4,3,3,4,4,5,4,5,4,4,3,5,5,5,5,2,0,NA,9,1,5,5,NA,50,Lawrence Livermore National Laboratory,4-year or bachelor degree,Male,"$150,000 to under $200,000",Metropolitan,Mixed race,No,Republican,NA,I voted,Donald Trump,West,Idaho,Male,50-64,4-yr/post-graduate degree,Other,West,Metropolitan,"> $50,000",Republican,Donald Trump,0.8663823744075444
R_1tM5OaFADMabceU,2025-03-19T23:46:41Z,2025-03-19T23:55:02Z,1,71,10,30328,5,6,8,6,6,A mixture of different energy sources,3,Cant think of anything,3,Can't think of anything,3,0,NA,NA,NA,NA,NA,NA,NA,NA,NA,NA,NA,NA,NA,4,2,3,"I guess I don't feel comfortable with it, since i don't know enough about it",NA,NA,2,0,0,0,5,NA,4,50,50,50,50,6,5,6,6,8,8,7,8,0,5,5,5,6,6,5,5,5,6,4,4,4,4,4,4,4,4,4,4,4,4,4,4,4,4,4,4,3,1,5,NA,5,6,2,No,50,US national laboratories for energy and security,4-year or bachelor degree,Female,"$100,000 to under $150,000",Metropolitan,White,No,Independent,Neither,I voted,Donald Trump,South,Georgia,Female,65+,4-yr/post-graduate degree,White,South,Metropolitan,"> $50,000",Independent,Donald Trump,0.8276012703557705
R_1E04nNZyay5eFO5,2025-03-20T16:07:00Z,2025-03-20T16:21:54Z,1,22,33,27707,4,3,8,4,8,Cleaner,3,Wind,4,Better than coal,4,0,NA,NA,NA,NA,NA,NA,NA,NA,NA,NA,NA,NA,NA,5,5,3,NA,NA,I prefer not having power plants near me,3,1,1,0,3,NA,5,25,75,55,45,8,8,7,6,8,4,6,6,8,6,6,5,9,5,7,6,8,6,5,4,4,4,4,4,4,4,4,4,4,4,4,4,4,4,4,4,2,1,8,NA,8,2,2,NA,10,US national laboratories for energy and security,High school graduate or GED,Other,"$50,000 to under $75,000",Metropolitan,White,No,Independent,The Democratic Party,I voted,Kamala Harris,South,North Carolina,Female,18-29,HS or less,White,South,Metropolitan,"> $50,000",Independent,Kamala Harris,0.5791994567350776
R_1P6hJHscZwDt7LQ,2025-03-19T16:39:56Z,2025-03-19T16:52:49Z,1,52,10,30324,7,6,10,6,5,Different types of energy,3,Multi purpose energy sources,3,Combination of energies,3,0,NA,NA,NA,NA,NA,NA,NA,NA,NA,NA,NA,NA,NA,4,5,5,NA,NA,"I am not educated on fusion energy, so I am not sure.  I am open to different energy sources though!",2,1,1,0,3,NA,5,60,40,50,50,9,9,8,8,7,6,4,4,9,6,7,7,8,6,7,6,7,6,5,4,4,4,7,3,5,4,7,3,4,5,4,3,5,4,5,2,2,0,NA,8,4,6,1,This is a brand new topic for me.,10,Lawrence Livermore National Laboratory,Post-graduate degree,Male,"$150,000 to under $200,000",Metropolitan,White,No,Republican,NA,I voted,Donald Trump,South,Georgia,Male,50-64,4-yr/post-graduate degree,White,South,Metropolitan,"> $50,000",Republican,Donald Trump,0.8657234075150076
R_5rHcuOk4D0JFPAx,2025-03-18T19:18:27Z,2025-03-18T19:35:17Z,1,66,9,33870,10,7,10,10,9,What is it,3,Energy,3,Fudion,3,0,NA,NA,NA,NA,NA,NA,NA,NA,NA,NA,NA,NA,NA,5,4,3,NA,NA,I don’t know enough about it. I need to know more about it,2,1,1,0,3,NA,6,50,50,65,35,10,8,10,8,8,8,7,6,8,7,4,4,7,10,7,7,9,7,4,4,3,5,6,4,5,4,4,4,5,3,4,5,5,5,4,4,3,1,8,NA,9,3,2,NA,10,Lawrence Livermore National Laboratory,4-year or bachelor degree,Female,"$50,000 to under $75,000",Metropolitan,White,No,Democrat,NA,I voted,Kamala Harris,South,Florida,Female,65+,4-yr/post-graduate degree,White,South,Metropolitan,"> $50,000",Democrat,Kamala Harris,0.7869933071620695
R_60iwhtdwVJeZWjC,2025-03-19T16:40:07Z,2025-03-19T16:47:59Z,1,41,10,30309,6,8,7,6,6,chemistry,3,mixture,4,energized,3,0,NA,NA,NA,NA,NA,NA,NA,NA,NA,NA,NA,NA,NA,5,5,4,NA,NA,not sure how it will impact the environment- don't need a chyrnobly by me,2,1,1,0,3,NA,4,60,40,40,60,8,10,9,9,10,9,8,10,7,6,9,6,9,4,6,9,7,3,3,6,4,4,7,1,2,2,7,7,1,4,4,1,7,1,4,7,2,1,8,NA,8,6,3,informative and would like to see how it plays out,50,Lawrence Livermore National Laboratory,Post-graduate degree,Male,"$150,000 to under $200,000",Metropolitan,Asian or Asian-American,No,Republican,NA,I voted,Donald Trump,South,Georgia,Male,30-49,4-yr/post-graduate degree,Other,South,Metropolitan,"> $50,000",Republican,Donald Trump,0.8604829551046277
R_5k0NaPO4WP3JjU8,2025-03-19T17:24:36Z,2025-03-19T17:39:59Z,1,66,5,95361,7,10,5,5,2,Nuclear,3,No idea,3,Never heard of it,3,1,1,1,0,0,0,1,0,1,0,0,NA,5,2,3,3,1,Don't need it here !,NA,NA,4,0,0,4,5,1,NA,75,25,50,50,5,2,5,5,7,7,7,8,6,4,2,5,5,4,5,4,5,2,1,2,3,3,1,3,3,3,2,3,2,2,5,2,3,3,3,7,3,0,NA,10,1,6,2,Nope,10,US national laboratories for energy and security,4-year or bachelor degree,Male,"$50,000 to under $75,000",Metropolitan,Some other race,No,Democrat,NA,I voted,Donald Trump,West,California,Male,65+,4-yr/post-graduate degree,Other,West,Metropolitan,"> $50,000",Democrat,Donald Trump,0.9652762566783653
R_1DMS9JW33UYWrZV,2025-03-19T02:12:24Z,2025-03-19T02:26:48Z,1,51,5,92378,5,7,7,7,5,Nuclear,3,Power,4,Modernization,4,1,0,0,1,0,0,0,0,0,0,0,NA,1,3,5,6,4,NA,NA,"Yes, I have mixed feelings because I see the benefits but as well the potential drawbacks of it",1,1,1,0,3,5,NA,75,25,70,30,8,8,7,7,4,3,4,4,8,8,7,7,8,7,7,7,8,8,5,5,4,4,5,4,4,4,6,4,5,4,4,6,5,4,4,6,2,1,4,NA,5,5,6,I think fusion energy can be an awesome thing but it must be handled appropriately and be in the right hands if not it could be catastrophic,50,US national laboratories for energy and security,4-year or bachelor degree,Female,"$50,000 to under $75,000",Metropolitan,White,Yes,Other or none,The Republican Party,I voted,Donald Trump,West,California,Female,50-64,4-yr/post-graduate degree,Hispanic,West,Metropolitan,"> $50,000",Independent,Donald Trump,0.8322359052631287
R_3V6fxXZuFABBFND,2025-03-19T03:53:03Z,2025-03-19T04:15:47Z,1,66,5,92583,10,9,10,10,8,Nuclear,2,Temperature,3,Scientific,3,2,NA,NA,NA,NA,NA,NA,NA,NA,NA,NA,NA,NA,NA,4,5,4,NA,NA,Need more information,3,1,1,4,5,4,NA,75,25,85,15,8,5,4,6,6,7,6,4,10,5,3,5,8,5,5,4,4,2,5,2,3,5,3,5,3,5,1,3,5,5,3,5,3,5,4,5,3,0,NA,6,4,2,5,No,10,Lawrence Livermore National Laboratory,4-year or bachelor degree,Female,"$50,000 to under $75,000",Metropolitan,Black or African-American,No,Democrat,NA,I voted,Kamala Harris,West,California,Female,65+,4-yr/post-graduate degree,Black,West,Metropolitan,"> $50,000",Democrat,Kamala Harris,0.7949130772853715
R_7gNJj5qJXS9cWbL,2025-03-20T16:11:49Z,2025-03-20T16:33:02Z,1,79,5,92679,5,7,6,6,7,Enormous possibilities,4,Difficult to produce,3,Music (haha),4,1,0,0,0,0,0,0,0,0,0,1,"TV ""magazine"" shows",1,2,6,6,6,NA,"I believe that we (as a nation) need to examine ALL methods of better energy production. Fossil fuel is not an option for the future, and is a rather poor option now. Fusion is one possibility that could be clean and viable.",NA,2,1,1,4,5,7,NA,30,70,40,60,10,10,10,8,4,6,5,2,0,7,2,5,8,5,8,7,8,0,3,2,4,4,3,1,3,4,3,4,4,4,4,6,5,4,4,5,2,1,5,NA,9,3,3,NA,50,Lawrence Livermore National Laboratory,4-year or bachelor degree,Male,"More than $200,000",Metropolitan,White,No,Democrat,NA,I voted,Kamala Harris,West,California,Male,65+,4-yr/post-graduate degree,White,West,Metropolitan,"> $50,000",Democrat,Kamala Harris,0.8211834898675506
R_1oAUhuORlESCwe0,2025-03-19T18:16:18Z,2025-03-19T18:37:30Z,1,65,5,93003,9,10,10,8,10,Clean energy,5,Saving the planet,5,Possibilities,5,1,1,0,0,1,0,0,0,0,0,0,NA,10,3,7,7,7,NA,Moving forward to save our planet from climate catastrophe,NA,3,1,1,2,2,NA,7,50,50,75,25,10,10,10,10,5,2,2,2,0,10,6,9,10,8,9,8,10,7,4,3,4,4,3,4,4,4,3,3,4,4,4,3,4,4,4,3,1,1,10,NA,10,3,0,Can’t wait,10,Lawrence Livermore National Laboratory,2-year or associate degree,Female,"$50,000 to under $75,000",Metropolitan,White,No,Democrat,NA,I voted,Kamala Harris,West,California,Female,65+,Some college/2-yr degree,White,West,Metropolitan,"> $50,000",Democrat,Kamala Harris,0.727307453677926
R_1iqvfzRVrji9jmV,2025-03-19T18:46:01Z,2025-03-19T18:55:39Z,1,49,5,93292,5,8,10,10,0,nuclear energy,3,atomic energy,3,radiation,1,0,NA,NA,NA,NA,NA,NA,NA,NA,NA,NA,NA,NA,NA,5,5,3,NA,NA,Potential of expulsion and harm to people/animals nearby,2,1,1,0,2,NA,5,80,20,60,40,10,10,10,10,9,5,5,9,10,4,6,4,4,0,8,6,4,0,4,4,4,4,7,2,4,2,7,4,4,4,4,1,6,4,6,1,1,0,NA,6,5,7,2,NA,10,Lawrence Livermore National Laboratory,2-year or associate degree,Female,"$50,000 to under $75,000",Metropolitan,White,No,Republican,NA,I voted,Donald Trump,West,California,Female,30-49,Some college/2-yr degree,White,West,Metropolitan,"> $50,000",Republican,Donald Trump,0.769422314629301
R_7yxhSlMBr04Js4h,2025-03-19T04:08:29Z,2025-03-19T04:21:55Z,1,74,5,95953,5,7,5,4,7,waste,4,Clean,4,Expensive,3,1,1,0,0,0,0,1,0,0,0,0,NA,5,2,4,5,4,NA,NA,Nothing is without risk.,4,1,1,0,2,7,NA,50,50,25,75,10,10,10,7,8,8,6,6,7,9,9,8,9,7,7,9,9,7,3,4,4,4,4,3,4,4,4,4,4,4,4,5,5,4,4,4,2,1,10,NA,10,2,5,It seems like one of the best hopes for the future.,10,US national laboratories for energy and security,4-year or bachelor degree,Male,"$75,000 to under $100,000",Metropolitan,White,No,Democrat,NA,I voted,Kamala Harris,West,California,Male,65+,4-yr/post-graduate degree,White,West,Metropolitan,"> $50,000",Democrat,Kamala Harris,0.8211834898675506
R_1sw8UXPOkR9CgmZ,2025-03-19T16:01:18Z,2025-03-19T16:10:59Z,1,53,21,02180,1,5,10,2,7,Fusion,3,Energy,3,Always think positive,3,0,NA,NA,NA,NA,NA,NA,NA,NA,NA,NA,NA,NA,NA,4,4,4,NA,NA,That’s how I feel about fusion energy,5,1,1,2,3,4,NA,50,50,25,75,5,5,5,5,5,5,5,5,5,5,5,5,5,5,5,5,5,5,5,5,5,5,5,5,5,5,5,5,5,5,5,4,4,5,5,5,3,0,NA,5,5,4,5,Not really,50,US national laboratories for energy and security,High school graduate or GED,Male,"$75,000 to under $100,000",Metropolitan,White,No,Democrat,NA,I voted,Kamala Harris,Northeast,Massachusetts,Male,50-64,HS or less,White,Northeast,Metropolitan,"> $50,000",Democrat,Kamala Harris,0.5977666149325747
R_3SAGw4xgVl20vQW,2025-03-19T16:01:57Z,2025-03-19T16:25:19Z,1,75,42,37774,7,7,7,7,10,Unlimited,5,Clean,5,Technologically difficult,3,1,0,1,0,1,1,1,0,1,0,1,Books,9,2,7,7,7,NA,The US needs more investment to catch up with China and France. Whoever makes this work will have world beating economic advantages. The Oak Ridge National Laboratory is within 30 miles of my home and should be a key development site.,NA,3,1,1,3,3,7,NA,25,75,50,50,10,10,10,9,8,8,10,4,6,9,9,10,10,6,8,9,8,6,4,4,4,4,7,3,4,3,4,4,4,4,4,2,5,5,5,5,1,1,10,NA,9,2,3,Worth large investments in as a multi-pronged energy strategy to end dependence on fossil fuels. This would be a breakthrough solution but is not the only solution. Investment in other technologies is also called for.,50,US national laboratories for energy and security,4-year or bachelor degree,Male,"$150,000 to under $200,000",Metropolitan,White,No,Democrat,NA,I voted,Kamala Harris,West,Tennessee,Male,65+,4-yr/post-graduate degree,White,West,Metropolitan,"> $50,000",Democrat,Kamala Harris,0.8211834898675506
R_16hd7b7saKq0Sra,2025-03-20T15:55:55Z,2025-03-20T16:09:36Z,1,45,23,55374,7,9,7,9,0,Solar farm,1,Wind turbine,1,Generator,4,1,1,1,0,0,0,0,0,0,0,0,NA,7,1,1,1,1,I don't want man interfering with nature and god,NA,NA,6,0,0,0,4,1,NA,100,0,0,100,1,4,1,1,1,1,1,1,0,10,0,0,0,0,3,7,0,3,4,4,1,1,1,1,1,1,7,1,1,1,7,7,1,1,1,7,1,0,NA,0,0,7,9,Atop messing with god,10,Lawrence Livermore National Laboratory,2-year or associate degree,Male,"$75,000 to under $100,000",Metropolitan,White,No,Republican,NA,I voted,Donald Trump,Midwest,Minnesota,Male,30-49,Some college/2-yr degree,White,Midwest,Metropolitan,"> $50,000",Republican,Donald Trump,0.8895458391216124
R_5S3nsskuiuqvq4B,2025-03-20T17:31:01Z,2025-03-20T17:44:31Z,1,75,5,92648,8,6,7,8,7,nuclear,4,energy,4,science,4,0,NA,NA,NA,NA,NA,NA,NA,NA,NA,NA,NA,NA,NA,5,5,3,NA,NA,Don't know enough about pros and cons,3,1,1,0,2,NA,5,25,75,20,80,8,9,8,8,7,3,3,8,7,7,5,7,8,5,8,7,8,4,4,4,3,4,4,3,4,3,4,5,4,4,5,3,5,4,5,3,2,1,8,NA,8,5,4,Worth looking into.,50,Lawrence Livermore National Laboratory,4-year or bachelor degree,Male,"$150,000 to under $200,000",Metropolitan,White,No,Republican,NA,I voted,Kamala Harris,West,California,Male,65+,4-yr/post-graduate degree,White,West,Metropolitan,"> $50,000",Republican,Kamala Harris,0.8834447625278762
R_6lXsTjB4lGggZ2m,2025-03-20T01:19:04Z,2025-03-20T01:36:07Z,1,66,40,29631,6,6,10,6,6,Nuclear,3,Complex,3,Expense,3,1,0,1,0,0,0,0,0,0,0,0,NA,2,4,3,4,4,NA,NA,I don't know that much about it.,3,1,1,0,5,NA,4,80,20,20,80,7,6,6,6,7,7,6,6,5,9,8,6,10,5,5,9,8,5,4,4,4,4,5,3,4,4,5,4,4,4,4,3,5,4,4,5,2,1,10,NA,8,4,3,NA,50,US national laboratories for energy and security,Post-graduate degree,Male,"$100,000 to under $150,000",Metropolitan,White,No,Democrat,NA,I voted,Kamala Harris,South,South Carolina,Male,65+,4-yr/post-graduate degree,White,South,Metropolitan,"> $50,000",Democrat,Kamala Harris,0.8169634871847828
R_5emGQASJHiN3CdL,2025-03-18T20:23:23Z,2025-03-18T23:05:41Z,1,67,40,29576,9,8,5,9,7,Unknown,3,New,3,Climate,3,0,NA,NA,NA,NA,NA,NA,NA,NA,NA,NA,NA,NA,NA,4,4,3,NA,NA,I don’t know enough about it or the risks that may be associated with it.,3,1,1,0,2,4,NA,80,20,30,70,8,8,8,8,8,7,8,8,3,7,6,6,6,2,6,7,7,2,4,4,4,4,3,3,4,3,4,3,3,5,5,6,4,4,5,6,2,1,3,NA,7,5,5,I don’t have enough knowledge to have an educated opinion.,50,Lawrence Livermore National Laboratory,4-year or bachelor degree,Female,"$100,000 to under $150,000",Metropolitan,White,No,Independent,The Republican Party,I voted,Donald Trump,South,South Carolina,Female,65+,4-yr/post-graduate degree,White,South,Metropolitan,"> $50,000",Independent,Donald Trump,0.8276012703557705
R_5MMstBo61hXW8uT,2025-03-19T20:37:28Z,2025-03-19T20:45:31Z,1,54,5,91791,7,5,10,6,5,solar,3,coal,3,none,3,0,NA,NA,NA,NA,NA,NA,NA,NA,NA,NA,NA,NA,NA,4,4,1,With fusion energy anything that can go wrong will go wrong. Why not try it out in the middle of the desert somewhere. I mean trying something new and interfering with people's daily lives should not go hand in hand.,NA,NA,6,1,0,0,4,NA,1,100,0,0,100,6,6,7,8,10,10,10,10,1,4,7,4,7,7,1,4,7,2,5,4,4,4,6,1,4,4,7,4,4,4,4,4,7,4,4,6,3,1,7,NA,8,4,0,no,10,Lawrence Livermore National Laboratory,Post-graduate degree,Female,"$50,000 to under $75,000",Metropolitan,Black or African-American,No,Independent,Neither,I voted,Kamala Harris,West,California,Female,50-64,4-yr/post-graduate degree,Black,West,Metropolitan,"> $50,000",Independent,Kamala Harris,0.5907041421083056
R_3q3BaXOojMMGZDv,2025-03-19T11:27:43Z,2025-03-19T11:44:52Z,1,61,20,20751,5,6,7,7,4,Nuclear,4,Safe energy source,4,No nuclear waste,5,1,1,1,0,0,0,0,0,1,0,0,NA,2,4,5,6,5,NA,NA,I just don't know enough about the risks to see I would be 100% in support of a facility nearby.,3,1,1,0,3,NA,6,60,40,40,60,9,9,10,6,6,6,6,4,8,8,7,6,5,6,7,8,8,3,4,4,4,4,7,2,4,4,2,4,4,4,4,3,5,4,4,2,2,0,NA,4,3,4,6,NA,50,Lawrence Livermore National Laboratory,4-year or bachelor degree,Female,"$150,000 to under $200,000",Metropolitan,White,No,Independent,The Republican Party,I voted,Donald Trump,South,Maryland,Female,50-64,4-yr/post-graduate degree,White,South,Metropolitan,"> $50,000",Independent,Donald Trump,0.6904622546617998
R_5a2ae7x8RlAUvoB,2025-03-19T22:36:24Z,2025-03-19T22:58:49Z,1,60,5,95618,10,10,9,10,7,"Nuclear,",2,Electricity,3,Energy source,4,0,NA,NA,NA,NA,NA,NA,NA,NA,NA,NA,NA,NA,NA,4,4,1,I don't know enough about it so I'm not sure if it's 100% safe,NA,NA,4,1,1,0,2,5,NA,75,25,50,50,9,7,9,5,8,7,8,8,0,6,5,7,6,5,4,4,7,1,5,5,5,4,7,1,3,4,6,6,4,4,4,5,7,5,4,2,2,1,7,NA,6,3,0,No,10,Lawrence Livermore National Laboratory,High school graduate or GED,Female,"$75,000 to under $100,000",Metropolitan,White,No,Democrat,NA,I voted,Kamala Harris,West,California,Female,50-64,HS or less,White,West,Metropolitan,"> $50,000",Democrat,Kamala Harris,0.5772857048998644
R_1Pnqf2EynzoDLd0,2025-03-20T03:28:10Z,2025-03-20T03:45:35Z,1,46,47,98001,10,10,10,10,10,High tech,5,Alternative energy,5,Making it work for all things,2,1,0,0,1,1,1,0,0,1,0,0,NA,4,1,7,7,5,NA,NA,No thoughts cause i know very little,3,1,1,4,3,NA,7,50,50,50,50,10,10,10,10,6,9,8,8,10,10,10,10,10,10,10,10,10,10,4,4,4,4,4,4,4,4,4,4,4,4,4,4,4,4,4,4,1,1,4,NA,8,2,9,No,50,US national laboratories for energy and security,"Some college, no degree",Male,"$50,000 to under $75,000",Metropolitan,Black or African-American,No,Other or none,The Democratic Party,I voted,Donald Trump,South,Washington,Male,30-49,Some college/2-yr degree,Black,South,Metropolitan,"> $50,000",Independent,Donald Trump,0.6610925353077686
R_7YzwYmn0rQo7nko,2025-03-21T11:42:00Z,2025-03-21T12:00:27Z,1,30,43,75001,10,10,9,10,9,Energy,5,Power,5,Supply,5,1,1,1,1,0,0,1,1,0,0,0,NA,6,2,5,7,6,NA,I just feel fusion energy is the futyre,NA,2,0,0,3,3,5,NA,30,70,60,40,9,8,9,7,8,9,7,8,9,9,10,9,9,9,8,9,10,9,5,3,4,5,5,5,3,4,4,6,6,7,7,4,6,5,5,6,2,1,9,NA,10,1,9,No,50,Lawrence Livermore National Laboratory,4-year or bachelor degree,Male,"$100,000 to under $150,000",Metropolitan,White,No,Democrat,NA,I voted,Kamala Harris,South,Texas,Male,30-49,4-yr/post-graduate degree,White,South,Metropolitan,"> $50,000",Democrat,Kamala Harris,0.6804428676272396
R_3dCqW4cLPeVcVsR,2025-03-19T18:07:00Z,2025-03-19T18:19:15Z,1,44,17,70454,4,4,7,7,4,not sure of what it is,3,not sure of what it is,3,not sure of what it is,3,0,NA,NA,NA,NA,NA,NA,NA,NA,NA,NA,NA,NA,NA,4,4,4,NA,NA,i would need to do more research to get a real opinion on it.,4,1,1,0,3,4,NA,75,25,50,50,5,5,5,5,5,5,5,5,5,4,4,4,4,4,4,4,4,4,4,4,4,4,4,4,4,4,4,4,4,4,4,4,4,4,4,4,3,0,NA,5,5,6,5,i would need to do more research to answer this,50,Lawrence Livermore National Laboratory,4-year or bachelor degree,Female,"$150,000 to under $200,000",Metropolitan,White,No,Republican,NA,I voted,Donald Trump,South,Kentucky,Female,30-49,4-yr/post-graduate degree,White,South,Metropolitan,"> $50,000",Republican,Donald Trump,0.8325642875407069
R_1dKkXE4rxq4eo8j,2025-03-23T05:42:05Z,2025-03-23T05:48:27Z,1,26,5,94112,0,10,0,0,0,Bad energy,1,Bad energy,1,Bad energy,1,1,1,0,1,0,0,0,0,0,0,0,NA,0,4,1,1,1,It's very bad energy.,NA,NA,6,0,0,0,5,NA,1,100,0,0,100,1,1,1,1,1,1,1,1,0,0,0,0,0,0,0,0,0,0,1,1,1,1,1,1,1,1,1,1,1,1,1,1,1,1,1,1,5,1,0,NA,0,4,0,Very bad energy.,50,US national laboratories for energy and security,High school graduate or GED,Female,"Less than $15,000",Metropolitan,Mixed race,Yes,Other or none,Neither,I did not vote,NA,West,California,Female,18-29,HS or less,Hispanic,West,Metropolitan,"< $50,000",Independent,3rd or didn't vote,1.8252014630881186
R_6sjpJIzZNfE0pVW,2025-03-19T15:59:31Z,2025-03-19T16:14:53Z,1,69,33,28083,5,4,8,6,6,Positive,3,Energy,3,Safe,2,1,1,0,0,0,0,0,0,0,0,0,NA,3,1,4,5,4,NA,NA,I would hope that they would keep it safe,2,1,1,0,3,4,NA,75,25,50,50,8,6,5,7,6,6,6,5,2,3,4,4,4,6,4,3,5,3,4,4,4,4,4,4,4,4,7,4,4,5,4,6,4,4,4,7,2,1,5,NA,6,5,6,NA,50,Lawrence Livermore National Laboratory,High school graduate or GED,Male,"$15,000 to under $50,000",Metropolitan,White,No,Independent,The Republican Party,I did not vote,NA,South,North Carolina,Male,65+,HS or less,White,South,Metropolitan,"< $50,000",Independent,3rd or didn't vote,1.6640784342989077
R_7FtiLNvgIkKHV1e,2025-03-19T19:15:40Z,2025-03-19T19:33:19Z,1,42,43,77371,9,9,9,7,10,Nuclear,2,Dangerous,2,Powerful,4,0,NA,NA,NA,NA,NA,NA,NA,NA,NA,NA,NA,NA,NA,4,5,5,NA,NA,It's a great idea. I'm really torn between it. I'm worried about accidental explosions in the learning process.,1,1,1,0,1,NA,6,50,50,40,60,10,10,10,10,5,9,8,6,7,10,9,5,10,9,6,8,10,0,4,4,4,4,4,4,3,4,5,4,5,4,4,4,1,3,4,3,2,1,9,NA,10,4,5,I hope we figure this fusion energy out soon,50,Lawrence Livermore National Laboratory,Some high school or less,Male,"$15,000 to under $50,000",Non-metro,White,No,Independent,The Democratic Party,I voted,Donald Trump,South,Texas,Male,30-49,HS or less,White,South,Non-metro,"< $50,000",Independent,Donald Trump,0.5582509523568124
R_7fyjG7VWF4SMrqV,2025-03-19T16:00:13Z,2025-03-19T16:08:49Z,1,45,9,33409,8,5,9,6,5,Innovation,4,Modern,4,Physics,5,0,NA,NA,NA,NA,NA,NA,NA,NA,NA,NA,NA,NA,NA,2,5,3,NA,NA,Not sure if it's safe in a suburban neighborhood,1,1,1,0,5,NA,5,40,60,70,30,6,7,8,8,8,7,8,7,7,7,7,6,7,7,7,7,7,4,3,2,5,4,6,5,2,5,4,5,5,3,3,3,5,3,5,6,3,1,6,NA,7,1,4,It sounds like it will be a part of our future,10,Lawrence Livermore National Laboratory,2-year or associate degree,Female,"$75,000 to under $100,000",Metropolitan,White,No,Independent,The Democratic Party,I voted,Kamala Harris,South,Florida,Female,30-49,Some college/2-yr degree,White,South,Metropolitan,"> $50,000",Independent,Kamala Harris,0.5367858714832437
R_5NqdPHLXx2IMAeF,2025-03-20T18:29:51Z,2025-03-20T18:50:06Z,1,63,5,95831,5,6,6,10,3,Atomic,3,Adom,3,Reaction,4,0,NA,NA,NA,NA,NA,NA,NA,NA,NA,NA,NA,NA,NA,7,5,1,"I was not oppose it I just don’t think it should be within 10 miles of anybody’s house. If there’s an issue or a malfunction, it should be distance from the public.",NA,NA,2,1,1,0,4,NA,4,60,40,40,60,4,6,5,5,6,6,6,4,4,6,3,5,7,3,3,5,7,3,4,5,3,4,6,2,3,4,6,4,5,4,4,2,3,4,4,3,3,0,NA,10,0,6,5,"It sounds risky and expensive, but could be a positive future benefit",10,US national laboratories for energy and security,High school graduate or GED,Male,"$50,000 to under $75,000",Metropolitan,White,No,Republican,NA,I voted,Donald Trump,West,California,Male,50-64,HS or less,White,West,Metropolitan,"> $50,000",Republican,Donald Trump,0.7611673149020891
R_5w0EYXU4DDRmjIt,2025-03-20T04:00:32Z,2025-03-20T04:05:03Z,1,60,5,91342,5,5,5,4,5,NA,3,NA,3,NA,3,2,NA,NA,NA,NA,NA,NA,NA,NA,NA,NA,NA,NA,NA,4,4,4,NA,NA,Don’t know enough about it.,3,0,0,NA,3,4,NA,50,50,50,50,6,5,6,5,5,5,5,6,5,5,5,5,4,5,4,5,5,5,4,3,3,4,3,4,3,5,4,4,4,3,4,4,3,4,3,4,3,0,NA,4,5,4,5,It’s all good.,10,Lawrence Livermore National Laboratory,High school graduate or GED,Female,"$100,000 to under $150,000",Metropolitan,White,No,Independent,Neither,I voted,Kamala Harris,West,California,Female,50-64,HS or less,White,West,Metropolitan,"> $50,000",Independent,Kamala Harris,0.5141885297531427
R_7mDc6dS54Tdxede,2025-03-19T12:57:47Z,2025-03-19T13:11:52Z,1,64,5,92345,10,10,10,10,2,nuclear,3,combination,3,nothing more,3,2,NA,NA,NA,NA,NA,NA,NA,NA,NA,NA,NA,NA,NA,4,4,3,NA,NA,I just don't know enough about it to get too excited about it. It sounds dangerous and risky but I may be wrong.,3,1,1,0,1,NA,4,90,10,5,95,6,8,6,6,10,9,10,10,6,6,3,5,6,2,8,6,7,1,4,3,3,4,3,3,3,4,5,5,3,4,5,3,6,5,4,5,4,1,3,NA,3,6,2,It sounds expensive and risky,50,US national laboratories for energy and security,2-year or associate degree,Female,"$150,000 to under $200,000",Metropolitan,White,No,Republican,NA,I voted,Donald Trump,West,California,Female,50-64,Some college/2-yr degree,White,West,Metropolitan,"> $50,000",Republican,Donald Trump,0.7707163135023958
R_5K9bCH8LlQ5rSsp,2025-03-20T05:29:30Z,2025-03-20T05:44:43Z,1,63,5,95123,9,9,9,9,10,Scary,2,Confusion,2,New,4,0,NA,NA,NA,NA,NA,NA,NA,NA,NA,NA,NA,NA,NA,4,4,3,NA,NA,"I’m not quite sure what it is and it sounds like if there is an accident or if something goes wrong, it could be highly dangerous if not world ending",2,1,1,0,2,4,NA,100,0,50,50,8,10,5,8,9,9,10,8,2,6,7,7,6,5,9,9,10,6,5,7,4,4,6,1,4,4,4,4,2,5,4,2,7,4,6,4,2,1,9,NA,10,5,7,NA,10,US national laboratories for energy and security,Post-graduate degree,Female,"$100,000 to under $150,000",Metropolitan,White,No,Republican,NA,I voted,Kamala Harris,West,California,Female,50-64,4-yr/post-graduate degree,White,West,Metropolitan,"> $50,000",Republican,Kamala Harris,0.7100134666309714
R_1gRXGmGdbjFAmGO,2025-03-18T20:04:53Z,2025-03-18T20:12:16Z,1,65,9,33460,3,6,8,4,6,new,3,different,2,costly,2,0,NA,NA,NA,NA,NA,NA,NA,NA,NA,NA,NA,NA,NA,3,3,2,unsure how it affects the environment,NA,NA,6,0,0,0,5,NA,2,100,0,0,100,8,4,5,5,8,6,7,2,2,5,4,4,4,5,3,4,6,3,6,5,5,3,6,3,6,6,3,4,5,4,5,4,4,4,4,3,3,0,NA,2,2,5,3,None,50,US national laboratories for energy and security,4-year or bachelor degree,Male,"$100,000 to under $150,000",Metropolitan,White,No,Other or none,Neither,I voted,Kamala Harris,South,Florida,Male,65+,4-yr/post-graduate degree,White,South,Metropolitan,"> $50,000",Independent,Kamala Harris,0.7276695937073471
R_7EQkXQcUA8oFIDT,2025-03-20T16:46:28Z,2025-03-20T17:07:55Z,1,63,5,91362,5,8,7,5,10,Nobody uses it,3,Clean,5,Pipedream,2,1,0,0,0,0,0,0,0,0,0,1,School,2,2,5,7,4,NA,NA,Suburban\agrarian area doesn’t seem appropriate,3,0,1,1,2,NA,6,0,100,50,50,10,10,10,10,8,5,5,5,8,8,5,10,10,10,0,0,10,2,5,7,5,4,5,1,7,4,5,3,3,4,4,3,7,1,4,3,1,1,10,NA,10,2,1,"Under Trump’s anti-science tantrum, I have no trust in any statements or policy regarding fusion from the US",10,US national laboratories for energy and security,4-year or bachelor degree,Male,"More than $200,000",Metropolitan,White,No,Democrat,NA,I voted,Kamala Harris,West,California,Male,50-64,4-yr/post-graduate degree,White,West,Metropolitan,"> $50,000",Democrat,Kamala Harris,0.6851079429364004
R_72zJt5rsAZkHaFP,2025-03-19T18:43:43Z,2025-03-19T18:56:57Z,1,59,33,28104,9,10,10,10,8,Clean,5,Safe,5,Renewable,5,1,0,0,0,0,0,0,0,1,0,0,NA,3,4,4,5,4,NA,NA,Unsure of what would happen if something went wrong,4,1,1,1,5,NA,6,50,50,50,50,9,8,9,6,6,6,6,6,5,7,5,5,7,9,5,5,9,0,2,7,4,4,7,1,4,4,7,4,4,4,7,1,4,4,4,1,1,1,6,NA,9,4,0,No,10,US national laboratories for energy and security,"Some college, no degree",Male,"$100,000 to under $150,000",Metropolitan,White,No,Independent,Neither,I voted,Kamala Harris,South,North Carolina,Male,50-64,Some college/2-yr degree,White,South,Metropolitan,"> $50,000",Independent,Kamala Harris,0.558164817685224
R_6VnHWINazWCritX,2025-03-19T00:16:58Z,2025-03-19T00:32:17Z,1,63,5,92373,8,8,8,8,8,nuclear,3,N/A,3,N/A,3,1,0,0,1,0,0,0,0,0,0,0,NA,0,4,4,4,4,NA,NA,I don't know enough about the subject to give an opinion,3,1,1,0,5,NA,5,50,50,50,50,6,2,7,7,9,9,5,9,5,8,8,8,8,5,5,8,8,0,4,4,4,4,5,3,4,4,NA,4,4,4,4,3,5,4,4,NA,2,1,10,NA,10,2,5,No,50,US national laboratories for energy and security,4-year or bachelor degree,Female,"$50,000 to under $75,000",Metropolitan,White,No,Independent,The Democratic Party,I voted,Kamala Harris,West,California,Female,50-64,4-yr/post-graduate degree,White,West,Metropolitan,"> $50,000",Independent,Kamala Harris,0.587839784967954
R_607AcvjZ8R6QWVX,2025-03-18T19:40:45Z,2025-03-18T19:51:39Z,1,73,5,93637,7,8,8,7,2,I'm not sure,3,I'm not sure,3,I'm not sure,3,2,NA,NA,NA,NA,NA,NA,NA,NA,NA,NA,NA,NA,NA,4,4,3,NA,NA,Because I'm not really clear on the concept,3,1,1,0,2,NA,7,75,25,25,75,7,8,9,7,8,8,6,3,8,7,3,7,5,0,5,1,3,2,5,3,5,4,1,3,4,3,2,5,2,6,3,1,3,5,3,3,2,0,NA,2,2,5,3,It sounds very interesting,10,Lawrence Livermore National Laboratory,"Some college, no degree",Male,"$15,000 to under $50,000",Metropolitan,White,No,Independent,The Republican Party,I voted,Donald Trump,West,California,Male,65+,Some college/2-yr degree,White,West,Metropolitan,"< $50,000",Independent,Donald Trump,0.7136866296677242
R_1TxGA0LCPpfUJBn,2025-03-20T16:45:44Z,2025-03-20T17:10:45Z,1,28,5,94605,2,9,6,4,10,Nuclear,4,Unsure,3,Green energy,5,1,1,1,1,1,1,1,0,1,0,0,NA,2,3,5,6,4,NA,NA,I am not super informed on fusion energy. I think it's a good thing and we should have more of it. However I know the risks are really big if an accident were to happen. I know there are tons of safety features that prevent accidents or minimize the risks but I am unsure what they are,3,1,1,0,3,NA,5,30,70,40,60,10,8,10,6,6,2,5,7,5,4,6,10,7,5,8,5,9,1,4,4,4,5,7,2,5,4,7,3,4,5,5,3,6,3,4,2,2,1,10,NA,10,1,2,NA,50,US national laboratories for energy and security,Post-graduate degree,Other,"Less than $15,000",Metropolitan,Asian or Asian-American,No,Independent,The Democratic Party,I voted,Someone else,West,California,Female,18-29,4-yr/post-graduate degree,Other,West,Metropolitan,"< $50,000",Independent,3rd or didn't vote,1.7324924125177366
R_6HS0VWbtvirM0pr,2025-03-19T00:13:23Z,2025-03-19T00:30:11Z,1,74,5,93444,5,7,8,2,8,Atomic explosive,3,Explosive,3,Next generation,3,1,1,0,0,0,0,0,0,0,0,0,NA,2,2,4,4,4,NA,NA,Already have Diablo Canyon within 20 miles,2,1,1,0,3,NA,5,30,70,50,50,8,8,8,7,4,6,6,7,7,7,7,8,9,8,4,8,8,6,4,4,4,4,4,4,4,4,4,4,4,4,4,4,6,4,4,4,2,1,9,NA,9,3,5,NA,10,US national laboratories for energy and security,4-year or bachelor degree,Female,"$100,000 to under $150,000",Metropolitan,White,No,Independent,The Democratic Party,I voted,Kamala Harris,West,California,Female,65+,4-yr/post-graduate degree,White,West,Metropolitan,"> $50,000",Independent,Kamala Harris,0.7045960145112293
R_6u2HVGTWd6tedah,2025-03-18T19:18:45Z,2025-03-18T19:29:24Z,1,50,46,23324,9,5,10,10,8,The sun,4,Power,4,Nuclear,1,0,NA,NA,NA,NA,NA,NA,NA,NA,NA,NA,NA,NA,NA,7,4,4,NA,NA,Dont know much abt it,3,1,1,0,5,4,NA,0,100,100,0,5,5,2,5,5,5,5,5,5,4,6,7,7,7,3,6,7,8,7,3,5,4,2,5,5,3,6,3,4,5,4,5,4,4,4,5,3,1,5,NA,4,4,6,No,10,Lawrence Livermore National Laboratory,High school graduate or GED,Female,"Less than $15,000",Metropolitan,White,No,Other or none,Neither,I did not vote,NA,South,Virginia,Female,50-64,HS or less,White,South,Metropolitan,"< $50,000",Independent,3rd or didn't vote,1.3373989501071095
R_5TRhfvrX0n3AFcJ,2025-03-19T19:45:38Z,2025-03-19T19:54:03Z,1,68,9,33624,7,7,8,7,8,Clean power source,4,No carbon footprint,4,Unlimited,5,1,0,1,0,1,0,0,0,1,0,0,NA,6,2,6,7,6,NA,A long term clean energy solution to get off oil and coal,NA,3,1,1,3,3,NA,6,40,60,40,60,10,10,10,9,6,7,6,3,9,8,7,9,7,6,6,8,7,5,4,4,4,4,5,3,4,5,5,4,4,4,4,3,6,4,4,3,2,1,7,NA,7,5,4,I believe this is the long term future solution to energy needs,50,Lawrence Livermore National Laboratory,4-year or bachelor degree,Male,"$100,000 to under $150,000",Metropolitan,White,No,Republican,NA,I voted,Kamala Harris,South,Florida,Male,65+,4-yr/post-graduate degree,White,South,Metropolitan,"> $50,000",Republican,Kamala Harris,0.8789048036588227
R_3shB1A3UBNgmFDb,2025-03-19T17:12:48Z,2025-03-19T17:24:07Z,1,50,32,14136,2,2,5,3,4,Nuclear,2,Reactor,2,Energy,4,1,0,0,0,0,0,0,0,0,1,0,NA,2,2,3,5,1,"There are many more less-densely populated areas in the US to test this technology. I live within 50 miles of Canada and Buffalo, NY which is the second largest city in a well-populated state.",NA,NA,2,1,1,0,1,NA,5,5,95,20,80,8,10,10,3,9,8,10,3,3,6,6,6,8,5,2,8,9,6,4,4,4,4,3,3,4,4,5,4,4,4,4,5,5,4,4,4,2,1,9,NA,8,3,2,Thank you,50,Lawrence Livermore National Laboratory,Post-graduate degree,Female,"$150,000 to under $200,000",Non-metro,White,No,Democrat,NA,I voted,Kamala Harris,Northeast,New York,Female,50-64,4-yr/post-graduate degree,White,Northeast,Non-metro,"> $50,000",Democrat,Kamala Harris,0.6532104486846521
R_7E1fF3IirFqRDXj,2025-03-19T17:42:05Z,2025-03-19T18:24:00Z,1,63,5,92082,10,10,10,8,7,a new kind of energy,3,will it work,3,how is it made,2,0,NA,NA,NA,NA,NA,NA,NA,NA,NA,NA,NA,NA,NA,5,4,3,NA,NA,"I'm not sure how much the process will ""dirty"" the environment around my living area.  This is a new process of which I am not knowledgeable .",3,1,1,0,3,4,NA,50,50,50,50,10,10,10,10,9,8,7,10,5,3,7,7,7,4,5,8,7,1,2,6,3,3,7,1,4,5,4,4,2,4,4,3,7,5,6,7,3,0,NA,6,3,7,2,"This is the first I'm and aware of Fusion Energy.  It seems to be a benefit for our country but, I would want caution in the process.",10,US national laboratories for energy and security,2-year or associate degree,Female,"$50,000 to under $75,000",Metropolitan,White,No,Republican,NA,I voted,Donald Trump,West,California,Female,50-64,Some college/2-yr degree,White,West,Metropolitan,"> $50,000",Republican,Donald Trump,0.7707163135023958
R_5R4oxTJIgLRCrty,2025-03-20T13:55:57Z,2025-03-20T14:06:45Z,1,52,39,02852,4,2,4,1,1,Nuclear,3,Meltdown,1,Radoation,2,1,0,0,0,1,1,0,0,0,0,0,NA,5,2,4,6,4,NA,NA,Don't want accident,4,1,1,0,1,5,NA,75,25,60,40,8,9,5,8,4,2,3,2,0,7,2,2,8,1,7,6,8,1,3,6,5,3,6,2,6,4,6,5,2,5,6,2,6,3,6,2,2,0,NA,9,1,6,6,No,50,Lawrence Livermore National Laboratory,2-year or associate degree,Male,"$50,000 to under $75,000",Metropolitan,White,No,Republican,NA,I voted,Donald Trump,Northeast,Rhode Island,Male,50-64,Some college/2-yr degree,White,Northeast,Metropolitan,"> $50,000",Republican,Donald Trump,0.798059743875963
R_7v227pi7cJFbMtw,2025-03-19T14:43:09Z,2025-03-19T15:06:54Z,1,61,18,70808,8,7,6,8,6,Nuclear,4,Radiation,3,Explosion,2,1,1,1,0,1,0,0,1,0,0,0,NA,6,3,7,7,3,NA,NA,"I am white. I contribute to my community, a community that is clean, safe and affluent. A nuclear plant in my community would disrupt the dynamic. Introducing blacks, Hispanics and other undesirable elements. The traffic, infrastructure, etc would be detrimental to the way of life that myself and the residents of my community work hard to maintain. The facility should be placed in the area designated for the above mentioned group(s).",3,1,1,0,1,NA,7,85,15,85,15,10,10,10,10,3,4,4,4,10,8,5,7,10,3,10,6,10,4,6,5,5,4,7,4,5,4,7,3,1,5,4,1,6,5,5,1,2,1,4,NA,4,6,2,NA,10,US national laboratories for energy and security,4-year or bachelor degree,Male,"$100,000 to under $150,000",Metropolitan,White,No,Republican,NA,I voted,Donald Trump,South,Louisiana,Male,50-64,4-yr/post-graduate degree,White,South,Metropolitan,"> $50,000",Republican,Donald Trump,0.8657234075150076
R_5415e8YnPdOVwFA,2025-03-21T19:44:46Z,2025-03-21T20:01:32Z,1,79,9,32927,10,8,10,10,6,don’t know,3,don’t know,3,don’t know,3,0,NA,NA,NA,NA,NA,NA,NA,NA,NA,NA,NA,NA,NA,4,5,5,NA,NA,don’t know enough about it,3,1,1,0,3,NA,5,50,50,50,50,9,9,9,9,6,6,8,7,9,5,3,4,5,3,5,4,5,0,6,6,2,5,7,2,3,6,7,3,3,4,5,3,5,4,5,7,2,0,NA,6,4,6,2,don’t know enough,10,Lawrence Livermore National Laboratory,High school graduate or GED,Male,"$50,000 to under $75,000",Metropolitan,White,No,Republican,NA,I voted,Donald Trump,South,Florida,Male,65+,HS or less,White,South,Metropolitan,"> $50,000",Republican,Donald Trump,0.9076612091931551
R_30rtWFiCxIzjjot,2025-03-19T17:35:00Z,2025-03-19T17:57:02Z,1,70,15,51401,6,5,5,6,5,Combine,3,Economy,3,Different,3,0,NA,NA,NA,NA,NA,NA,NA,NA,NA,NA,NA,NA,NA,4,4,4,NA,NA,Is it safe to the public,3,1,1,0,3,5,NA,50,50,75,25,8,6,7,8,5,9,7,5,6,5,3,3,5,7,5,3,5,1,3,4,4,3,3,4,4,4,3,4,3,4,4,3,4,4,3,3,3,1,5,NA,6,4,1,Safety,10,Lawrence Livermore National Laboratory,High school graduate or GED,Female,"$15,000 to under $50,000",Non-metro,White,No,Other or none,Neither,I did not vote,NA,Midwest,Iowa,Female,65+,HS or less,White,Midwest,Non-metro,"< $50,000",Independent,3rd or didn't vote,1.7806074141515063
R_7ZUjIFoGCrau2DM,2025-03-18T23:12:42Z,2025-03-19T01:30:00Z,1,71,15,52248,7,8,7,7,6,Nuclear power,4,Scary,3,Clean energy,4,1,0,0,1,0,1,0,0,1,0,0,NA,3,4,5,5,4,NA,NA,"I think eventually it’s going to happen, but I’m not sure how soon, how it will affect the environment or the attitude of people. Everyone probably realizes it’s going to happen, but they would rather it was farther away from their home.",2,1,1,0,3,5,NA,50,50,50,50,10,10,10,10,9,9,10,9,6,8,8,8,8,7,9,8,9,3,4,4,3,4,5,3,3,4,5,4,3,6,5,3,5,4,4,3,2,0,NA,5,5,6,5,"Nothing really, I actually learned more from this than I knew before. I think it’s a good subject to read up on.",10,US national laboratories for energy and security,High school graduate or GED,Male,"$100,000 to under $150,000",Non-metro,White,No,Republican,NA,I voted,Donald Trump,Midwest,Iowa,Male,65+,HS or less,White,Midwest,Non-metro,"> $50,000",Republican,Donald Trump,1.008207138893153
R_32QePUmOgqzMFGW,2025-03-18T21:59:15Z,2025-03-18T22:05:22Z,1,41,10,30135,0,10,10,3,4,Reactor,5,Star,5,Vast,5,1,1,1,1,1,1,0,1,0,0,0,NA,6,2,7,7,7,NA,More energy,NA,2,1,1,3,3,7,NA,50,50,50,50,10,10,10,10,10,5,10,1,2,10,0,10,10,0,10,3,10,0,4,4,4,4,4,4,4,4,4,4,4,4,4,4,4,4,4,4,1,0,NA,10,0,4,0,It's interesting,10,Lawrence Livermore National Laboratory,High school graduate or GED,Male,"$15,000 to under $50,000",Metropolitan,Mixed race,No,Other or none,Neither,I did not vote,NA,South,Georgia,Male,30-49,HS or less,Other,South,Metropolitan,"< $50,000",Independent,3rd or didn't vote,1.3799256827581021
R_7PjyYskO23SFtvy,2025-03-19T19:34:49Z,2025-03-19T20:01:11Z,1,45,5,93536,9,7,10,10,7,To join together,4,To make power,4,Not a clue,3,0,NA,NA,NA,NA,NA,NA,NA,NA,NA,NA,NA,NA,NA,4,5,4,NA,NA,Don’t understand what all would go into it and what effect it would have on our planet,2,1,1,0,1,NA,1,0,100,70,30,7,7,10,9,8,5,5,7,5,3,5,6,7,6,4,5,6,1,3,4,2,7,6,4,3,5,2,3,5,4,3,4,4,5,3,6,2,1,5,NA,9,5,2,Sounds kind of exciting because we need a better way to produce energy. But not sure about what that is going to look like in the effects it will have on us and our environment.,50,US national laboratories for energy and security,High school graduate or GED,Female,"$50,000 to under $75,000",Metropolitan,White,No,Independent,The Republican Party,I did not vote,NA,West,California,Female,30-49,HS or less,White,West,Metropolitan,"> $50,000",Independent,3rd or didn't vote,1.49300396555833
R_52xtpYG7GmiUeMq,2025-03-19T00:44:10Z,2025-03-19T00:52:59Z,1,50,6,80537,10,8,8,10,5,None,3,None,3,None,3,0,NA,NA,NA,NA,NA,NA,NA,NA,NA,NA,NA,NA,NA,4,5,3,NA,NA,No thoughts,3,1,1,0,5,4,NA,25,75,50,50,5,5,5,5,5,5,5,5,5,5,5,5,5,5,5,5,5,5,4,4,4,4,4,4,4,4,4,4,4,4,4,4,4,4,4,4,3,0,NA,5,5,5,5,NA,10,US national laboratories for energy and security,High school graduate or GED,Male,"$75,000 to under $100,000",Metropolitan,White,No,Independent,Neither,I voted,Donald Trump,West,Colorado,Male,50-64,HS or less,White,West,Metropolitan,"> $50,000",Independent,Donald Trump,0.6301914706488767
R_79uf285aPR2mOmE,2025-03-20T16:39:36Z,2025-03-20T16:57:07Z,1,68,46,23669,6,6,8,9,7,Nuclear,4,Combined,4,Environnement,4,2,NA,NA,NA,NA,NA,NA,NA,NA,NA,NA,NA,NA,NA,6,7,7,NA,Sustainable and lower cost production of energy are the most appealing. Energy prices are out of control and a constant worry. I also welcome sources that will be more environmentally favorable.,NA,2,1,1,0,3,6,NA,50,50,50,50,10,8,8,7,7,6,7,4,3,9,8,5,7,7,5,7,7,4,3,5,4,4,3,3,4,4,5,7,4,5,4,7,6,4,4,5,2,1,10,NA,10,3,2,"No, don't know enough about it.",10,Lawrence Livermore National Laboratory,Post-graduate degree,Female,"$15,000 to under $50,000",Metropolitan,White,No,Independent,The Democratic Party,I voted,Kamala Harris,South,Virginia,Female,65+,4-yr/post-graduate degree,White,South,Metropolitan,"< $50,000",Independent,Kamala Harris,0.6301013713306228
R_3hMX6FGrGMToXj2,2025-03-20T11:41:14Z,2025-03-20T11:47:46Z,1,36,5,92571,0,0,0,0,0,Star Trek,3,Star Wars,3,Blade Runner 2049,3,1,0,0,1,0,0,0,0,0,0,0,NA,5,4,7,7,7,NA,Space Travel if possible 🙏,NA,5,1,1,4,5,NA,7,50,50,50,50,10,10,10,10,10,10,10,10,10,10,10,10,10,10,10,10,10,10,6,7,4,5,6,4,4,2,5,7,7,4,4,5,2,7,6,7,3,0,NA,10,10,1,5,Nope.,10,Lawrence Livermore National Laboratory,High school graduate or GED,Male,"More than $200,000",Metropolitan,Some other race,Yes,Republican,NA,I voted,Donald Trump,West,California,Male,30-49,HS or less,Hispanic,West,Metropolitan,"> $50,000",Republican,Donald Trump,0.9112117288764617
R_7NxEPqefQYELzFx,2025-03-20T22:38:34Z,2025-03-20T22:46:01Z,1,55,22,48623,10,7,9,10,1,nuclear,3,christopher steele,1,russia,3,1,1,1,0,0,0,0,0,0,0,0,NA,2,3,4,4,1,health risks,NA,NA,3,1,1,0,3,NA,4,50,50,30,70,5,6,5,8,10,10,10,10,7,0,0,0,0,0,0,0,0,0,1,1,1,1,1,1,1,1,1,7,7,7,7,7,7,7,7,7,4,0,NA,8,2,4,0,no,10,Lawrence Livermore National Laboratory,"Some college, no degree",Male,"$100,000 to under $150,000",Metropolitan,White,No,Republican,NA,I voted,Someone else,Midwest,Michigan,Male,50-64,Some college/2-yr degree,White,Midwest,Metropolitan,"> $50,000",Republican,3rd or didn't vote,2.195067750384593
R_51LfG69icj5rkDQ,2025-03-19T16:41:10Z,2025-03-20T15:54:42Z,1,39,33,27311,4,8,9,6,3,different,3,scientific,5,costly,5,0,NA,NA,NA,NA,NA,NA,NA,NA,NA,NA,NA,NA,NA,7,7,7,NA,I'm all for advancement,NA,5,1,1,0,3,NA,6,70,30,60,40,7,7,7,7,8,8,8,8,6,8,10,9,10,9,7,9,10,7,3,5,3,4,5,3,4,4,5,6,4,5,4,3,5,4,4,3,1,1,6,NA,5,5,7,NA,50,US national laboratories for energy and security,4-year or bachelor degree,Female,"$75,000 to under $100,000",Non-metro,White,No,Republican,NA,I voted,Donald Trump,South,North Carolina,Female,30-49,4-yr/post-graduate degree,White,South,Non-metro,"> $50,000",Republican,Donald Trump,0.8261031183076893
R_5l7vR7NuNcGrJhT,2025-03-21T22:42:41Z,2025-03-21T22:47:15Z,1,31,13,60649,10,10,10,10,10,Rich,3,War,1,Scary,1,0,NA,NA,NA,NA,NA,NA,NA,NA,NA,NA,NA,NA,NA,4,5,1,Nuclear radiation in certain neighborhoods is a bad idea,NA,NA,4,0,1,0,4,NA,4,0,100,50,50,1,5,2,5,1,1,1,5,0,0,0,0,0,0,0,0,7,0,4,1,4,4,1,4,4,1,5,4,4,1,4,4,1,4,4,1,3,1,5,NA,5,4,0,I don't know much  but I would like to learn more,10,Lawrence Livermore National Laboratory,2-year or associate degree,Male,"$150,000 to under $200,000",Metropolitan,Black or African-American,No,Independent,Neither,I voted,Kamala Harris,Midwest,Illinois,Male,30-49,Some college/2-yr degree,Black,Midwest,Metropolitan,"> $50,000",Independent,Kamala Harris,0.6268349949411776
R_5roF8ONdE1AXBOp,2025-03-20T02:38:37Z,2025-03-20T02:58:44Z,1,56,23,55343,7,8,6,8,7,Energy,4,Positive,5,Very positive,2,1,0,0,1,0,0,0,0,0,0,0,NA,8,2,4,5,5,NA,NA,No comment,1,1,1,2,3,7,NA,45,55,70,30,8,7,8,7,7,6,7,7,9,4,4,4,7,8,8,7,7,3,2,3,2,2,5,2,2,5,5,5,5,5,6,6,6,5,6,5,3,1,8,NA,7,7,8,No comment,50,Lawrence Livermore National Laboratory,High school graduate or GED,Male,"$75,000 to under $100,000",Metropolitan,White,No,Republican,NA,I voted,Donald Trump,Midwest,Minnesota,Male,50-64,HS or less,White,Midwest,Metropolitan,"> $50,000",Republican,Donald Trump,0.8477193145631542
R_6JhuWMXjjTTqU2R,2025-03-19T17:14:39Z,2025-03-19T18:47:12Z,1,61,22,49348,7,6,10,8,9,Nuclear,4,Heat reaction,4,Unstable,2,1,0,1,0,0,0,1,0,0,0,0,NA,2,2,6,7,1,I would oppose living in close proximity to any nuclear energy or coal processing power plants.,NA,NA,3,1,1,0,3,NA,6,65,35,50,50,3,7,6,8,6,2,4,6,8,6,4,4,8,3,7,6,8,4,5,6,4,4,2,2,5,4,6,5,3,2,5,3,7,4,6,4,2,1,10,NA,9,5,2,Mo,50,US national laboratories for energy and security,4-year or bachelor degree,Female,"$50,000 to under $75,000",Non-metro,White,No,Republican,NA,I voted,Kamala Harris,Midwest,Michigan,Female,50-64,4-yr/post-graduate degree,White,Midwest,Non-metro,"> $50,000",Republican,Kamala Harris,0.7846121274591771
R_7157VUvbM0tWcEN,2025-03-19T16:14:20Z,2025-03-19T16:23:17Z,1,39,32,10461,10,10,10,10,10,Nuclear energy,5,Cost effective,5,Energy,5,1,0,0,0,0,1,0,0,0,0,0,NA,8,2,7,6,4,NA,NA,It's generally a safety issue along with the fact that my neighborhood is kind of small,3,1,1,0,3,NA,5,50,50,15,85,6,6,5,6,5,5,5,5,9,5,5,5,5,5,5,5,6,5,4,4,4,4,4,4,4,4,4,4,4,4,4,4,4,5,4,4,3,0,NA,5,8,4,10,"Personally it would be great if we were able to do that, as alternate kinds of ways of getting energy are not only cost effective and convenient for citizens but creates jobs and other advancements in science and math. Safety first, always unfortunately...",10,Lawrence Livermore National Laboratory,Some high school or less,Female,"Less than $15,000",Metropolitan,White,No,Republican,NA,I did not vote,NA,Northeast,New York,Female,30-49,HS or less,White,Northeast,Metropolitan,"< $50,000",Republican,3rd or didn't vote,1.616909158990349
R_61zpLllmj8lTi0b,2025-03-19T16:44:36Z,2025-03-19T16:51:54Z,1,26,43,75043,6,1,10,10,5,Electricity,3,Solar system,3,Creadted,3,0,NA,NA,NA,NA,NA,NA,NA,NA,NA,NA,NA,NA,NA,4,4,4,NA,NA,I'm not sure what exactly the science experiment with Fusion Energy is but it sounds expensive,2,0,0,0,3,4,NA,75,25,25,75,8,5,4,6,3,8,1,5,5,8,6,8,8,3,9,5,6,5,6,6,2,6,3,3,6,4,5,4,2,5,1,6,4,2,6,4,3,1,4,NA,3,5,4,NA,10,US national laboratories for energy and security,High school graduate or GED,Female,"$75,000 to under $100,000",Metropolitan,Black or African-American,No,Democrat,NA,I did not vote,NA,South,Texas,Female,18-29,HS or less,Black,South,Metropolitan,"> $50,000",Democrat,3rd or didn't vote,1.9005353691746831
R_5FMlmRhPNtpVZjr,2025-03-19T16:41:46Z,2025-03-19T16:50:33Z,1,48,25,63025,4,2,4,5,3,Not yet viable,3,Future,3,Low cost,4,1,0,0,0,1,0,0,0,0,0,0,NA,3,1,5,6,5,NA,NA,Unsure of viability,4,0,1,0,1,4,NA,80,20,40,60,7,4,8,8,7,7,6,7,3,5,5,5,5,5,5,5,5,5,4,4,4,4,4,4,4,4,4,4,4,4,4,4,4,3,4,2,2,1,6,NA,4,5,3,No,10,Lawrence Livermore National Laboratory,4-year or bachelor degree,Male,"More than $200,000",Metropolitan,White,No,Independent,The Republican Party,I voted,Donald Trump,Midwest,Missouri,Male,30-49,4-yr/post-graduate degree,White,Midwest,Metropolitan,"> $50,000",Independent,Donald Trump,0.8010346181336808
R_3FDsg3G50o3mrzw,2025-03-20T22:25:39Z,2025-03-20T22:37:50Z,1,66,47,98607,5,2,2,6,8,"Spam,",1,Greed,1,Chemical,2,2,NA,NA,NA,NA,NA,NA,NA,NA,NA,NA,NA,NA,NA,3,2,2,Nothing I can think of but it sounds chemical,NA,NA,2,0,0,0,5,NA,4,50,50,50,50,4,3,5,4,4,3,4,5,2,3,6,3,6,6,2,2,3,3,3,3,3,4,4,3,3,3,3,3,5,3,5,5,3,3,5,3,4,1,3,NA,3,6,2,No,10,US national laboratories for energy and security,Post-graduate degree,Female,"$100,000 to under $150,000",Metropolitan,Asian or Asian-American,No,Other or none,Neither,I voted,Donald Trump,West,Washington,Female,65+,4-yr/post-graduate degree,Other,West,Metropolitan,"> $50,000",Independent,Donald Trump,0.8282312196359356
R_6joEwdYsUe36pmm,2025-03-18T19:42:36Z,2025-03-18T19:48:28Z,1,37,22,48178,2,6,8,5,5,New technology,4,Dangerous,2,Unknowns,3,0,NA,NA,NA,NA,NA,NA,NA,NA,NA,NA,NA,NA,NA,4,4,1,I dont want to live near and experiment,NA,NA,5,1,0,0,5,NA,4,50,50,50,50,4,5,5,5,5,5,5,5,6,4,5,4,5,4,4,4,5,5,4,3,3,5,3,4,4,4,5,2,3,2,3,2,4,3,3,2,3,1,5,NA,5,4,10,No,10,Lawrence Livermore National Laboratory,4-year or bachelor degree,Male,"$100,000 to under $150,000",Metropolitan,White,No,Republican,NA,I voted,Donald Trump,Midwest,Michigan,Male,30-49,4-yr/post-graduate degree,White,Midwest,Metropolitan,"> $50,000",Republican,Donald Trump,0.9675176479310874
R_5KJhBEkspLoZzNE,2025-03-19T16:08:08Z,2025-03-19T16:20:57Z,1,65,22,49686,9,6,9,2,6,theoretical,4,unproven,3,future,4,1,1,1,0,0,0,0,0,0,0,0,NA,2,1,6,5,1,We live on a rural peninsula about 15 mile long and 3 - 5 miles wide and are surrounded by Lake Michigan.  I would not want a fusion energy facility located so close to our water supply and in this agricultural area.,NA,NA,5,1,1,0,2,NA,5,50,50,25,75,10,10,8,7,8,7,8,7,6,10,9,10,10,5,7,9,8,6,4,4,4,4,6,2,3,4,7,4,4,4,4,5,6,4,5,6,2,1,8,NA,8,3,3,NA,10,Lawrence Livermore National Laboratory,Post-graduate degree,Male,"$150,000 to under $200,000",Non-metro,White,No,Democrat,NA,I voted,Kamala Harris,Midwest,Michigan,Male,65+,4-yr/post-graduate degree,White,Midwest,Non-metro,"> $50,000",Democrat,Kamala Harris,0.9074624007859979
R_3zoKEWugadId1yq,2025-03-20T03:33:53Z,2025-03-20T03:42:21Z,1,23,47,98503,7,6,9,8,10,Innovative,4,Safe,5,Reliable,4,1,1,1,1,0,0,1,0,0,0,0,NA,5,3,7,7,6,NA,I like it because it provides cleaner energy than coal and is much more sustainable. I know that many safety measures are taken so the risk is very small. As long as the right procedures are done including disposal of waste there should be no reason to worry.,NA,4,1,1,0,2,NA,6,60,40,35,65,9,10,9,9,3,2,5,4,0,9,9,10,10,6,9,9,9,5,5,4,4,4,6,3,4,4,6,4,4,5,4,2,6,4,5,2,3,1,9,NA,10,4,5,I think it is a good choice for sustainable energy in the future. Solar and wind are good too but they can take up lots of land.,10,US national laboratories for energy and security,"Some college, no degree",Male,"$100,000 to under $150,000",Metropolitan,Mixed race,No,Other or none,Neither,I was not registered to vote,NA,West,Washington,Male,18-29,Some college/2-yr degree,Other,West,Metropolitan,"> $50,000",Independent,3rd or didn't vote,1.8395202860041666
R_7aTixiSU0zTaGhb,2025-03-20T01:39:36Z,2025-03-20T01:58:12Z,1,74,9,33913,7,7,7,7,7,Nuclear energy,4,Clean energy,4,Anundant,4,2,NA,NA,NA,NA,NA,NA,NA,NA,NA,NA,NA,NA,NA,6,6,5,NA,NA,Not really sure about risks,2,1,1,0,3,6,NA,50,50,50,50,9,9,9,9,8,8,8,8,9,8,7,6,6,5,8,8,7,3,5,3,5,3,3,5,3,5,3,4,5,5,5,4,5,3,5,3,2,1,7,NA,9,4,3,I don’t know enough about it,50,US national laboratories for energy and security,4-year or bachelor degree,Female,"$100,000 to under $150,000",Metropolitan,White,No,Independent,Neither,I voted,Kamala Harris,South,Florida,Female,65+,4-yr/post-graduate degree,White,South,Metropolitan,"> $50,000",Independent,Kamala Harris,0.700975146449227
R_1XSQ2yHdIOfVYC5,2025-03-24T12:35:59Z,2025-03-24T12:41:10Z,1,41,24,39345,5,5,5,5,5,Impact,4,New,4,Really,2,0,NA,NA,NA,NA,NA,NA,NA,NA,NA,NA,NA,NA,NA,5,5,5,NA,NA,Don't have enough information on it yet haven't researched it,3,0,1,0,3,5,NA,98,2,50,50,3,2,7,7,8,4,5,4,5,0,0,2,4,1,0,4,3,0,5,5,3,3,4,1,1,2,3,1,1,1,3,3,3,1,5,1,3,0,NA,5,4,4,0,Good information to hear about,50,Lawrence Livermore National Laboratory,2-year or associate degree,Male,"$50,000 to under $75,000",Non-metro,Black or African-American,No,Other or none,Neither,I voted,Kamala Harris,South,Mississippi,Male,30-49,Some college/2-yr degree,Black,South,Non-metro,"> $50,000",Independent,Kamala Harris,0.5555974044376576
R_7GP3tHFvWObwgyG,2025-03-19T00:44:32Z,2025-03-19T00:53:25Z,1,57,42,37843,5,7,8,4,5,Combined,3,Total,3,Integrated,3,0,NA,NA,NA,NA,NA,NA,NA,NA,NA,NA,NA,NA,NA,4,4,4,NA,NA,Research would have to be conducted in order to weigh the pros and cons,3,1,1,0,5,4,NA,50,50,50,50,6,6,6,6,7,7,8,6,3,5,5,5,5,4,5,5,5,4,4,4,5,4,3,4,4,4,6,4,4,3,4,5,4,4,4,5,3,0,NA,4,6,5,4,NA,10,Lawrence Livermore National Laboratory,High school graduate or GED,Female,"$50,000 to under $75,000",Non-metro,White,No,Republican,NA,I voted,Donald Trump,South,Tennessee,Female,50-64,HS or less,White,South,Non-metro,"> $50,000",Republican,Donald Trump,0.7238147755834614
R_5nhZDpIFWw5YSI5,2025-03-19T23:09:31Z,2025-03-20T00:03:07Z,1,55,25,64089,10,7,10,10,1,i think of nuclear,3,i think it's clean,3,has something to do with cells,3,0,NA,NA,NA,NA,NA,NA,NA,NA,NA,NA,NA,NA,NA,4,4,4,NA,NA,don't know enough about it,4,1,1,0,3,NA,4,70,30,30,70,6,8,9,8,10,9,9,10,5,8,1,5,5,2,5,8,5,1,2,6,4,4,6,2,4,2,6,7,5,4,5,2,6,4,6,5,3,0,NA,6,4,6,3,no,10,Lawrence Livermore National Laboratory,4-year or bachelor degree,Female,"$75,000 to under $100,000",Metropolitan,White,No,Republican,NA,I voted,Donald Trump,Midwest,Missouri,Female,50-64,4-yr/post-graduate degree,White,Midwest,Metropolitan,"> $50,000",Republican,Donald Trump,0.9335918714382911
R_5jBoPPZ5BtwlEPw,2025-03-18T22:24:05Z,2025-03-18T22:38:21Z,1,44,5,93033,7,10,10,8,9,High temperature,3,Immense,4,Massive,3,0,NA,NA,NA,NA,NA,NA,NA,NA,NA,NA,NA,NA,NA,4,5,5,NA,NA,Haven't heard much about fusion energy need to look it up,2,1,1,0,3,4,NA,50,50,70,30,10,8,7,9,7,7,4,9,10,10,10,10,7,5,10,10,10,6,7,7,7,5,7,6,7,4,2,5,3,6,7,1,3,4,6,1,3,0,NA,7,6,4,10,No,10,US national laboratories for energy and security,High school graduate or GED,Female,"$15,000 to under $50,000",Metropolitan,White,Yes,Other or none,Neither,I did not vote,NA,West,California,Female,30-49,HS or less,Hispanic,West,Metropolitan,"< $50,000",Independent,3rd or didn't vote,1.6093025904185632
R_59a0xmA7bWAM1sv,2025-03-18T19:26:02Z,2025-03-18T19:38:56Z,1,55,30,08865,8,4,7,5,9,none,3,none,3,none,3,2,NA,NA,NA,NA,NA,NA,NA,NA,NA,NA,NA,NA,NA,7,4,4,NA,NA,dont know,6,0,0,0,3,NA,4,0,100,50,50,6,6,7,7,7,7,7,8,4,5,5,5,5,5,5,5,5,0,5,5,4,5,5,4,2,3,3,6,5,4,4,5,4,4,5,5,3,1,5,NA,6,1,0,no,50,Lawrence Livermore National Laboratory,"Some college, no degree",Female,"Less than $15,000",Metropolitan,White,No,Democrat,NA,I voted,Kamala Harris,Northeast,New Jersey,Female,50-64,Some college/2-yr degree,White,Northeast,Metropolitan,"< $50,000",Democrat,Kamala Harris,0.5440688749287144
R_5QsmbjXVZH5MsHc,2025-03-18T21:25:52Z,2025-03-18T21:37:33Z,1,62,32,11757,10,10,10,10,9,death,1,loss,1,dun,1,1,1,0,1,0,0,0,0,1,0,0,NA,5,4,3,3,1,if accident we will die,NA,NA,2,0,0,4,5,4,NA,50,50,60,40,5,5,5,5,5,5,5,5,6,5,5,6,5,5,5,5,5,5,4,4,4,4,4,4,4,4,4,4,4,4,4,4,4,4,4,4,3,0,NA,10,5,4,5,NA,50,US national laboratories for energy and security,Some high school or less,Male,"Less than $15,000",Metropolitan,White,Yes,Other or none,Neither,I did not vote,NA,Northeast,New York,Male,50-64,HS or less,Hispanic,Northeast,Metropolitan,"< $50,000",Independent,3rd or didn't vote,1.6691998512509145
R_3qTZPebkv0IXflB,2025-03-20T08:30:35Z,2025-03-20T08:40:28Z,1,40,5,90250,2,10,10,6,10,Nuclear?,3,Fission,3,I am not sure,3,1,0,0,0,0,0,0,0,0,1,0,NA,4,3,3,4,1,"A corporation cares about making money, it does not truly care about the impact it has on people. Plus, the current government is questionable, so I do not know what they would allow",NA,NA,2,0,0,0,1,4,NA,0,100,0,100,1,7,4,4,8,6,8,7,0,3,6,7,8,10,0,7,10,0,4,4,4,4,4,1,4,4,1,4,4,4,4,4,7,4,4,7,2,1,10,NA,10,1,0,Not at this time,50,US national laboratories for energy and security,4-year or bachelor degree,Female,"$50,000 to under $75,000",Metropolitan,Mixed race,No,Independent,Neither,I voted,Kamala Harris,West,California,Female,30-49,4-yr/post-graduate degree,Other,West,Metropolitan,"> $50,000",Independent,Kamala Harris,0.5842814355097877
R_6KvKn2Jkh2Yk25P,2025-03-20T13:56:40Z,2025-03-20T19:03:31Z,1,68,26,59901,4,7,7,7,4,nothing comes to mind.,3,nothing,3,nothing,3,0,NA,NA,NA,NA,NA,NA,NA,NA,NA,NA,NA,NA,NA,3,4,6,NA,NA,i have never heard of fusion energy to be honest it sounds like something that could cause cancer and very dangerous.,6,0,0,0,4,4,NA,100,0,0,100,4,4,4,4,3,3,3,3,0,2,2,2,2,2,2,2,2,2,2,2,2,2,2,2,2,2,2,3,3,3,3,3,3,3,3,3,3,0,NA,0,0,4,0,no.,50,US national laboratories for energy and security,4-year or bachelor degree,Female,"$50,000 to under $75,000",NA,Black or African-American,No,Other or none,Neither,I did not vote,NA,NA,Montana,Female,65+,4-yr/post-graduate degree,Black,West,Metropolitan,"> $50,000",Independent,3rd or didn't vote,2.0592997832336652
R_1FrG7HA76eQgxkR,2025-03-19T20:21:32Z,2025-03-19T20:34:02Z,1,65,22,48152,4,7,4,6,6,Cost-efficient energy,5,Low pollution,5,Safe,5,1,1,1,1,1,1,1,0,0,0,0,NA,10,2,6,7,5,NA,NA,I just don't want it too close.  50 miles is okay,3,1,1,3,3,6,NA,50,50,50,50,10,10,10,6,4,1,1,1,6,6,3,9,10,3,5,8,9,4,4,6,4,4,7,2,4,4,5,4,3,4,5,3,5,4,4,3,2,1,10,NA,7,3,3,NA,50,Lawrence Livermore National Laboratory,Post-graduate degree,Male,"More than $200,000",Metropolitan,White,No,Independent,The Democratic Party,I voted,Kamala Harris,Midwest,Michigan,Male,65+,4-yr/post-graduate degree,White,Midwest,Metropolitan,"> $50,000",Independent,Kamala Harris,0.81459874642719
R_1YVOr7izYitUKEs,2025-03-20T08:15:28Z,2025-03-20T09:43:35Z,1,47,33,27703,5,9,9,10,10,I am neutral,3,NA,3,NA,3,2,NA,NA,NA,NA,NA,NA,NA,NA,NA,NA,NA,NA,NA,4,4,4,NA,NA,Very undecided,2,1,0,0,4,4,NA,70,30,40,60,NA,NA,NA,NA,10,10,10,10,10,NA,NA,NA,NA,NA,NA,NA,NA,NA,7,7,7,NA,7,7,6,7,7,5,4,1,3,4,4,2,2,7,3,0,NA,0,0,4,5,No,10,Lawrence Livermore National Laboratory,Some high school or less,Female,"$15,000 to under $50,000",Metropolitan,Black or African-American,No,Independent,Neither,I did not vote,NA,South,North Carolina,Female,30-49,HS or less,Black,South,Metropolitan,"< $50,000",Independent,3rd or didn't vote,1.341659296276192
R_1sYftynCXPzYxCF,2025-03-18T20:30:02Z,2025-03-18T21:00:46Z,1,55,38,19134,5,8,10,8,10,Something different,3,Something somebody said,3,The same thing,3,1,1,1,0,0,1,0,0,0,0,0,NA,4,4,7,5,4,NA,NA,I don't know enough about the risk to fully support it,3,1,1,0,1,4,NA,0,100,5,95,10,10,5,10,10,10,10,10,5,5,7,5,5,10,7,6,8,5,3,4,4,4,5,3,4,3,4,5,4,4,4,4,5,5,4,3,1,1,7,NA,10,4,6,It sounds like a good idea that comes with risk like anything worth trying where the ends justify the means but I don't know everything about it to justify the risk.,50,US national laboratories for energy and security,High school graduate or GED,Male,"Less than $15,000",Metropolitan,Black or African-American,No,Independent,Neither,I voted,Kamala Harris,Northeast,Pennsylvania,Male,50-64,HS or less,Black,Northeast,Metropolitan,"< $50,000",Independent,Kamala Harris,0.48093023652705585
R_3TWZCPOHWwrjfJm,2025-03-19T21:40:55Z,2025-03-19T22:04:20Z,1,48,30,08103,10,6,9,10,9,Power,3,Bombs,1,Something that comes together,3,1,1,0,0,0,0,0,0,0,0,0,NA,3,2,4,4,4,NA,NA,Either way they do the Fusion Energy I will still be afraid of it because it's always a downfall to something no matter what,2,1,1,0,3,4,NA,50,50,50,50,10,5,8,6,7,7,3,1,8,2,10,5,5,2,5,5,7,5,4,4,3,4,3,7,4,1,7,4,4,3,3,2,3,4,3,1,2,1,10,NA,10,4,3,In my opinion I just don't trust it so many things went wrong when it comes to Fusion Energy,50,Lawrence Livermore National Laboratory,4-year or bachelor degree,Female,"$15,000 to under $50,000",Metropolitan,Black or African-American,No,Democrat,NA,I voted,Kamala Harris,Northeast,New Jersey,Female,30-49,4-yr/post-graduate degree,Black,Northeast,Metropolitan,"< $50,000",Democrat,Kamala Harris,0.5936434914375424
R_5e5j5XUFSqoHCd5,2025-03-20T17:02:22Z,2025-03-20T17:12:10Z,1,61,5,94706,6,8,8,8,10,Nuclear,1,Unproven,2,Dangerous,1,2,NA,NA,NA,NA,NA,NA,NA,NA,NA,NA,NA,NA,NA,3,3,2,"I may be wrong, but I associate it with nuclear energy, which is unsafe.",NA,NA,6,0,0,4,2,NA,1,75,25,20,80,7,6,6,2,9,8,10,10,1,1,1,3,7,8,1,1,6,4,3,3,2,4,4,1,3,3,3,6,5,5,5,3,7,7,7,5,5,1,10,NA,10,1,0,"We need to be moving away from nuclear energy, not towards it.",10,Lawrence Livermore National Laboratory,4-year or bachelor degree,Female,"$50,000 to under $75,000",Metropolitan,White,No,Independent,The Democratic Party,I voted,Someone else,West,California,Female,50-64,4-yr/post-graduate degree,White,West,Metropolitan,"> $50,000",Independent,3rd or didn't vote,1.7097291914875015
R_1Qou3GICGfcYQl3,2025-03-19T17:05:34Z,2025-03-19T17:11:57Z,1,37,49,53018,10,10,10,10,10,Unsure,3,Unsure,3,Unsure,3,0,NA,NA,NA,NA,NA,NA,NA,NA,NA,NA,NA,NA,NA,2,1,1,It sounds like the risks strongly outweigh the benefits..,NA,NA,6,0,0,0,4,2,NA,50,50,70,30,4,5,3,5,5,4,6,5,3,3,3,2,1,4,3,1,4,2,3,1,2,1,2,3,2,3,1,3,2,2,3,3,2,2,3,4,3,1,3,NA,2,4,2,I am opposed to fusion energy,50,US national laboratories for energy and security,"Some college, no degree",Female,"$50,000 to under $75,000",Metropolitan,White,No,Independent,Neither,I voted,Kamala Harris,Midwest,Wisconsin,Female,30-49,Some college/2-yr degree,White,Midwest,Metropolitan,"> $50,000",Independent,Kamala Harris,0.6009115975044241
R_7cc3iYvISjBRsov,2025-03-19T21:01:48Z,2025-03-19T21:10:38Z,1,60,40,29720,9,7,9,10,7,nuclear,2,artificial,1,solar,4,1,0,0,0,0,0,0,0,0,1,0,NA,3,4,1,1,1,accidents occur and I don't want that threat near me,NA,NA,6,1,0,0,4,NA,1,50,50,10,90,1,1,1,1,10,10,10,10,0,0,0,0,0,0,0,0,0,0,1,1,1,1,1,1,1,1,1,1,1,1,1,1,1,1,1,1,5,1,8,NA,10,7,1,no,50,Lawrence Livermore National Laboratory,Post-graduate degree,Female,"$100,000 to under $150,000",Metropolitan,White,No,Republican,NA,I voted,Donald Trump,South,South Carolina,Female,50-64,4-yr/post-graduate degree,White,South,Metropolitan,"> $50,000",Republican,Donald Trump,0.8339644773056427
R_3wGgHik2WZrr55S,2025-03-20T20:38:50Z,2025-03-20T20:44:38Z,1,19,20,21117,4,4,5,7,9,Fuel,3,Heat,3,Nuclear,3,0,NA,NA,NA,NA,NA,NA,NA,NA,NA,NA,NA,NA,NA,4,5,3,NA,NA,I don’t want it near me. Put it in a desert. Great idea thiugh,4,1,1,0,1,NA,4,60,40,30,70,10,8,7,8,7,5,5,7,2,7,9,8,6,10,7,7,7,3,1,3,5,4,5,4,3,4,5,5,6,4,4,4,1,2,5,2,2,1,10,NA,9,5,4,Seems pretty good overall. Just have to get through the funding issue.,10,US national laboratories for energy and security,High school graduate or GED,Male,"$75,000 to under $100,000",Metropolitan,White,No,Independent,The Republican Party,I voted,Donald Trump,South,Maryland,Male,18-29,HS or less,White,South,Metropolitan,"> $50,000",Independent,Donald Trump,0.7098691167112294
R_5D0yLoeFL4haAkT,2025-03-20T20:11:44Z,2025-03-21T03:31:45Z,1,48,33,27616,10,8,7,10,5,nuclear based,5,modern,5,clean,5,1,0,0,0,0,0,1,0,1,0,0,NA,5,3,7,7,7,NA,CLean energy to last a lifetime,NA,3,1,1,0,3,5,NA,70,30,50,50,10,10,10,9,9,10,10,10,9,9,10,9,10,10,9,8,8,9,7,6,5,7,7,5,6,6,5,7,7,6,6,7,6,7,6,7,1,0,NA,4,4,6,4,Nothing else,10,US national laboratories for energy and security,4-year or bachelor degree,Male,"$50,000 to under $75,000",Metropolitan,White,No,Republican,NA,I voted,Donald Trump,South,North Carolina,Male,30-49,4-yr/post-graduate degree,White,South,Metropolitan,"> $50,000",Republican,Donald Trump,0.8642698958997601
R_3OiqxPCPBTwAWOp,2025-03-18T22:19:53Z,2025-03-18T22:33:05Z,1,42,5,92027,4,6,5,4,4,A lot energy,3,A lot,3,Energy,4,0,NA,NA,NA,NA,NA,NA,NA,NA,NA,NA,NA,NA,NA,3,4,4,NA,NA,Im confused and it dosent sound great,3,1,1,0,5,NA,3,10,90,10,90,4,3,1,4,7,5,5,5,6,3,4,3,4,4,3,4,5,3,4,3,4,5,4,5,3,3,5,4,6,3,4,5,4,4,4,3,3,0,NA,5,5,4,5,NA,50,Lawrence Livermore National Laboratory,"Some college, no degree",Female,"$75,000 to under $100,000",Metropolitan,White,No,Other or none,Neither,I voted,Kamala Harris,West,California,Female,30-49,Some college/2-yr degree,White,West,Metropolitan,"> $50,000",Independent,Kamala Harris,0.5395586243091219
R_715czIE5YLivJ9X,2025-03-19T20:08:20Z,2025-03-19T20:23:06Z,1,79,35,44035,7,4,6,7,3,FBI,3,Interesting,4,Powerful,4,1,0,1,0,0,0,0,0,0,0,0,NA,1,1,5,4,5,NA,NA,Need more information about this project,3,1,1,0,3,NA,5,50,50,50,50,9,9,7,8,6,6,7,9,8,4,4,6,5,0,3,6,3,0,5,2,2,5,6,3,5,3,7,5,5,5,5,5,5,6,2,3,2,0,NA,8,5,6,0,No,50,US national laboratories for energy and security,4-year or bachelor degree,Male,"$50,000 to under $75,000",Metropolitan,White,No,Independent,The Republican Party,I voted,Donald Trump,Midwest,Ohio,Male,65+,4-yr/post-graduate degree,White,Midwest,Metropolitan,"> $50,000",Independent,Donald Trump,0.9617501573177266
R_7sb7ZegcoDIJgG1,2025-03-18T19:44:12Z,2025-03-18T19:57:57Z,1,59,32,12901,10,10,10,10,10,"temperatures, electrons",3,NA,3,NA,3,0,NA,NA,NA,NA,NA,NA,NA,NA,NA,NA,NA,NA,NA,4,4,4,NA,NA,"not sure it would be a safe thing to do, how do we know its not going to hurt the environment, or have some issues with giving off something that could have a health risk.",5,0,0,0,5,NA,4,0,100,0,100,5,5,5,5,5,5,5,5,5,5,8,5,5,8,5,5,5,5,5,4,4,3,3,6,5,5,1,4,5,4,3,3,5,4,4,1,4,1,10,NA,10,4,0,NA,10,US national laboratories for energy and security,Some high school or less,Female,"$15,000 to under $50,000",Non-metro,White,No,Independent,Neither,I did not vote,NA,Northeast,New York,Female,50-64,HS or less,White,Northeast,Non-metro,"< $50,000",Independent,3rd or didn't vote,1.3305287662984435
R_6n89we2xvT1wjrY,2025-03-19T23:21:47Z,2025-03-19T23:30:34Z,1,43,9,32801,1,10,7,9,4,"Clean limited, furure",5,NA,1,NA,2,0,NA,NA,NA,NA,NA,NA,NA,NA,NA,NA,NA,NA,NA,2,5,3,NA,NA,Not sure what to say about this,1,0,0,0,3,NA,7,25,75,50,50,3,4,6,8,2,7,8,5,6,5,7,8,3,3,10,5,5,5,1,4,4,4,3,7,5,3,6,1,4,3,6,5,6,3,7,5,3,1,5,NA,6,3,5,NA,50,Lawrence Livermore National Laboratory,Some high school or less,Female,"Less than $15,000",Metropolitan,Black or African-American,No,Democrat,NA,I was not registered to vote,NA,South,Florida,Female,30-49,HS or less,Black,South,Metropolitan,"< $50,000",Democrat,3rd or didn't vote,1.5062971804487708
R_7b0g288rqRxAfBf,2025-03-22T13:57:08Z,2025-03-22T14:13:45Z,1,80,22,49277,9,8,10,8,9,NA,3,NA,4,NA,3,0,NA,NA,NA,NA,NA,NA,NA,NA,NA,NA,NA,NA,NA,4,4,5,NA,NA,"would like to know more ie impact on environment, sound pollution",2,1,1,0,2,6,NA,50,50,60,40,10,10,10,10,5,5,5,5,10,10,9,9,8,6,10,8,10,8,3,6,5,4,5,3,4,4,5,5,5,5,4,3,6,4,4,4,2,1,10,NA,10,3,8,NA,10,Lawrence Livermore National Laboratory,"Some college, no degree",Female,"$15,000 to under $50,000",Metropolitan,White,No,Democrat,NA,I voted,Kamala Harris,Midwest,Michigan,Female,65+,Some college/2-yr degree,White,Midwest,Metropolitan,"< $50,000",Democrat,Kamala Harris,0.7281113321602831
R_7MWkMPMXXOA4Vax,2025-03-18T23:08:01Z,2025-03-18T23:39:13Z,1,37,20,21030,3,8,8,9,6,NA,2,NA,3,NA,3,2,NA,NA,NA,NA,NA,NA,NA,NA,NA,NA,NA,NA,NA,4,4,4,NA,NA,"Anything new, usually doesn’t work as planned",6,0,0,0,5,NA,4,60,40,50,50,8,8,8,8,6,6,7,8,6,8,8,8,7,7,7,6,6,7,6,4,5,4,5,4,5,4,6,3,3,4,3,4,3,4,4,4,3,0,NA,8,6,4,4,No,10,US national laboratories for energy and security,"Some college, no degree",Female,"$50,000 to under $75,000",Metropolitan,White,No,Independent,Neither,I voted,Someone else,South,Maryland,Female,30-49,Some college/2-yr degree,White,South,Metropolitan,"> $50,000",Independent,3rd or didn't vote,1.5612391293028798
R_12fnbNbhFh5Vdvw,2025-03-19T16:26:41Z,2025-03-19T17:03:06Z,1,44,5,95842,5,3,5,5,1,Science,3,Man made,3,Immense energy,3,2,NA,NA,NA,NA,NA,NA,NA,NA,NA,NA,NA,NA,NA,4,4,4,NA,NA,I’m just not sure what side to believe and I haven’t done much research on it to fully understand if it’s good or not,1,1,1,4,5,NA,4,50,50,50,50,7,7,7,6,5,5,5,5,7,3,6,4,2,4,3,4,4,6,4,4,4,5,4,4,4,4,4,3,3,3,3,3,3,3,3,3,3,1,5,NA,5,4,5,No have to do my research and I will after this to know better,10,Lawrence Livermore National Laboratory,High school graduate or GED,Female,"Less than $15,000",Metropolitan,Some other race,Yes,Republican,NA,I voted,Donald Trump,West,California,Female,30-49,HS or less,Hispanic,West,Metropolitan,"< $50,000",Republican,Donald Trump,0.7890336011051181
R_3XqWr3PxH5sLZUB,2025-03-20T03:23:02Z,2025-03-20T03:56:26Z,1,58,40,29414,8,9,9,8,8,Don't know about it.,3,NA,3,NA,3,0,NA,NA,NA,NA,NA,NA,NA,NA,NA,NA,NA,NA,NA,5,4,5,NA,NA,I'd be concerned about radioactive waste.,3,1,1,0,2,NA,3,70,30,70,30,8,8,7,8,7,8,9,8,6,6,7,8,8,5,8,6,9,7,3,5,5,5,3,3,5,5,2,4,4,4,5,4,4,4,4,4,3,1,3,NA,3,6,6,NA,10,US national laboratories for energy and security,Post-graduate degree,Female,"$75,000 to under $100,000",Metropolitan,White,No,Independent,The Republican Party,I voted,Donald Trump,South,South Carolina,Female,50-64,4-yr/post-graduate degree,White,South,Metropolitan,"> $50,000",Independent,Donald Trump,0.6904622546617998
R_72XDeLiuiJVjQOW,2025-03-21T18:29:41Z,2025-03-21T19:59:07Z,1,41,10,30068,9,8,9,10,9,Nuclear,2,Radioactive,1,Powerful,4,0,NA,NA,NA,NA,NA,NA,NA,NA,NA,NA,NA,NA,NA,2,3,2,It seems like it is too easy to make a mistake and the consequences are huge,NA,NA,4,1,0,0,2,NA,5,35,65,45,55,8,9,8,9,9,7,9,10,8,10,9,10,9,8,8,10,10,8,5,5,4,4,6,2,4,4,6,4,4,4,4,4,7,5,6,3,2,1,8,NA,9,3,5,nothing,50,US national laboratories for energy and security,"Some college, no degree",Female,"$75,000 to under $100,000",Metropolitan,White,Yes,Democrat,NA,I voted,Kamala Harris,South,Georgia,Female,30-49,Some college/2-yr degree,Hispanic,South,Metropolitan,"> $50,000",Democrat,Kamala Harris,0.722667359846526
R_5H5HZdYnVWU9wG5,2025-03-19T12:16:43Z,2025-03-19T12:31:16Z,1,74,32,13212,7,5,5,5,2,dont know anything,2,energy  type,2,better energy,2,0,NA,NA,NA,NA,NA,NA,NA,NA,NA,NA,NA,NA,NA,4,5,4,NA,NA,have no opinion because i know nothing about it,2,1,0,0,4,1,NA,90,10,10,90,2,4,3,3,2,3,2,2,1,5,3,7,7,3,2,7,2,1,4,5,5,5,3,3,5,4,2,2,4,5,4,3,4,5,3,2,2,0,NA,7,1,7,7,na,10,US national laboratories for energy and security,High school graduate or GED,Female,"$15,000 to under $50,000",Metropolitan,White,No,Republican,NA,I voted,Donald Trump,Northeast,New York,Female,65+,HS or less,White,Northeast,Metropolitan,"< $50,000",Republican,Donald Trump,0.7880373091649305
R_33gj8P1E0Xl3HFg,2025-03-19T22:11:35Z,2025-03-22T22:37:50Z,1,38,5,94597,3,7,7,7,7,Alternative energy,4,Sustainable renewable,5,Cost-effective,5,0,NA,NA,NA,NA,NA,NA,NA,NA,NA,NA,NA,NA,NA,5,6,5,NA,NA,I would not want added pollution and detriment to the flora and fauna of my community.,2,1,1,0,5,7,NA,60,40,60,40,10,10,10,9,10,10,9,9,2,3,2,5,3,8,2,2,9,1,1,2,2,3,4,1,2,4,7,6,6,4,4,4,7,6,4,4,2,1,8,NA,9,4,1,No,10,Lawrence Livermore National Laboratory,4-year or bachelor degree,Female,"More than $200,000",Metropolitan,Asian or Asian-American,No,Independent,The Democratic Party,I was not registered to vote,NA,West,California,Female,30-49,4-yr/post-graduate degree,Other,West,Metropolitan,"> $50,000",Independent,3rd or didn't vote,1.699379749177346
R_6eG8sFebNaJUJu9,2025-03-19T18:37:15Z,2025-03-19T19:24:27Z,1,60,28,88141,9,8,9,9,0,Foreign,3,Power,3,Nothing,3,0,NA,NA,NA,NA,NA,NA,NA,NA,NA,NA,NA,NA,NA,4,4,3,NA,NA,Scared not having results first.,3,1,1,0,4,NA,4,60,40,50,50,1,3,6,2,2,4,1,5,2,1,2,2,2,2,1,2,2,1,3,3,3,3,3,3,3,3,3,2,2,2,2,2,2,2,2,2,3,1,5,NA,5,6,5,NA,50,US national laboratories for energy and security,"Some college, no degree",Female,"$50,000 to under $75,000",Metropolitan,White,No,Republican,NA,I voted,Donald Trump,West,Nevada,Female,50-64,Some college/2-yr degree,White,West,Metropolitan,"> $50,000",Republican,Donald Trump,0.7707163135023958
R_7DQ3gAlaVW4u30R,2025-03-21T18:19:45Z,2025-03-21T18:30:20Z,1,67,30,08830,6,9,10,10,10,nuclear,4,clean,5,renewable,5,1,0,1,0,1,0,0,0,0,0,0,NA,3,4,7,7,6,NA,"Clean, non-fossil fuel based energy is vital",NA,3,1,1,0,3,6,NA,50,50,60,40,10,10,10,10,3,3,3,8,8,8,7,10,10,7,6,8,10,1,4,4,4,4,3,2,4,4,3,4,5,4,4,5,6,5,4,6,2,1,10,NA,10,1,3,NA,10,Lawrence Livermore National Laboratory,Post-graduate degree,Male,"$150,000 to under $200,000",Metropolitan,White,No,Democrat,NA,I voted,Kamala Harris,Northeast,New Jersey,Male,65+,4-yr/post-graduate degree,White,Northeast,Metropolitan,"> $50,000",Democrat,Kamala Harris,0.8191236290151549
R_52glU0HWvAy5nzG,2025-03-21T00:16:14Z,2025-03-21T00:35:58Z,1,46,9,33566,10,10,10,10,10,Nuclear,2,Dangerous,1,Reactor,3,1,0,1,1,1,0,1,1,1,0,0,NA,5,2,4,4,1,I think that the negative results could be catastrophic to a residential community and I would prefer that a facility like that is not located anywhere near my residence.,NA,NA,4,1,1,4,3,NA,4,20,80,50,50,8,7,7,6,4,6,5,6,10,9,8,0,9,8,8,9,9,7,4,4,4,6,4,4,4,4,4,3,4,4,4,4,4,4,4,5,3,1,7,NA,10,2,0,NA,50,Lawrence Livermore National Laboratory,4-year or bachelor degree,Male,"$75,000 to under $100,000",Metropolitan,Some other race,Yes,Republican,NA,I voted,Kamala Harris,South,Florida,Male,30-49,4-yr/post-graduate degree,Hispanic,South,Metropolitan,"> $50,000",Republican,Kamala Harris,0.8778085400854162
R_52JiuRtjdHabEsE,2025-03-19T21:45:20Z,2025-03-19T21:58:29Z,1,68,28,89128,10,10,10,10,10,NA,3,NA,3,NA,3,0,NA,NA,NA,NA,NA,NA,NA,NA,NA,NA,NA,NA,NA,7,7,7,NA,The cost of energy now is sky high it could help lower the cost,NA,2,1,1,0,5,NA,7,50,50,50,50,5,5,5,5,5,5,5,5,10,5,5,5,5,5,5,5,5,5,4,4,4,4,4,4,4,4,4,4,4,4,4,4,4,4,4,4,2,1,7,NA,10,1,0,NA,50,US national laboratories for energy and security,"Some college, no degree",Female,"$15,000 to under $50,000",Metropolitan,White,No,Democrat,NA,I voted,Kamala Harris,West,Nevada,Female,65+,Some college/2-yr degree,White,West,Metropolitan,"< $50,000",Democrat,Kamala Harris,0.6537712874170185
R_38IZAUcRgNfbaxh,2025-03-18T19:50:06Z,2025-03-18T22:00:24Z,1,46,9,33617,10,6,10,10,6,Great,3,Not snart,1,We are in trouble,3,0,NA,NA,NA,NA,NA,NA,NA,NA,NA,NA,NA,NA,NA,4,4,7,NA,NA,Just hope it's economically helpful is what I mean,2,1,1,0,2,4,NA,25,75,25,75,5,3,4,5,2,1,5,6,10,7,6,6,7,5,7,4,4,8,6,2,5,3,3,3,3,5,6,6,6,2,4,2,3,7,6,4,2,0,NA,0,6,5,3,No,50,Lawrence Livermore National Laboratory,High school graduate or GED,Female,"Less than $15,000",Metropolitan,White,No,Other or none,Neither,I voted,Donald Trump,South,Florida,Female,30-49,HS or less,White,South,Metropolitan,"< $50,000",Independent,Donald Trump,0.541977654723847
R_3jjRmKzKLXlkuCx,2025-03-20T11:58:58Z,2025-03-21T18:08:56Z,1,25,21,01420,6,8,7,7,5,Power,4,Batteries,3,N/A,3,1,1,1,1,0,0,0,0,0,0,0,NA,7,2,6,5,7,NA,NA,I would want to make sure it is 100% safe,3,0,0,1,4,5,NA,75,25,80,20,8,9,9,8,8,8,7,9,8,8,9,9,9,8,8,8,8,8,7,5,6,7,6,6,6,6,6,7,7,7,6,7,6,6,6,6,4,1,7,NA,9,4,8,Not at the moment,10,Lawrence Livermore National Laboratory,High school graduate or GED,Male,"$15,000 to under $50,000",Metropolitan,Some other race,Yes,Independent,Neither,I was not registered to vote,NA,Northeast,Massachusetts,Male,18-29,HS or less,Hispanic,Northeast,Metropolitan,"< $50,000",Independent,3rd or didn't vote,1.8899558587708662
R_3MDutDVwNGC6O71,2025-03-19T02:24:59Z,2025-03-19T03:26:47Z,1,63,13,60538,10,10,10,10,10,Limitless energy source that works like the sun,5,Clean energy source,5,High energy requirements,1,0,NA,NA,NA,NA,NA,NA,NA,NA,NA,NA,NA,NA,NA,4,5,5,NA,NA,"I've read that fusion energy facilities are generally considered safe but potential risks, including tritium release and neutron radiation, exists. Risks are considered low and manageable though.",4,1,1,0,2,5,NA,50,50,50,50,10,10,1,10,1,5,1,4,10,8,10,5,3,7,7,9,4,1,4,4,5,4,4,4,4,5,5,4,4,4,4,4,4,4,4,6,3,1,10,NA,10,4,2,Nothing comes to mind. Thank you for an interesting survey.,10,Lawrence Livermore National Laboratory,4-year or bachelor degree,Female,"More than $200,000",Metropolitan,White,Yes,Democrat,NA,I did not vote,NA,Midwest,Illinois,Female,50-64,4-yr/post-graduate degree,Hispanic,Midwest,Metropolitan,"> $50,000",Democrat,3rd or didn't vote,2.5635195705498175
R_3P0SOpk7nEhCZVb,2025-03-21T04:36:44Z,2025-03-21T04:44:16Z,1,25,38,18032,7,6,5,4,4,Bunch of energy,3,Spontaneous,3,I don’t know,3,0,NA,NA,NA,NA,NA,NA,NA,NA,NA,NA,NA,NA,NA,4,4,4,NA,NA,Not to much of a fan,2,1,0,4,5,NA,4,50,50,50,50,6,6,5,7,6,6,7,5,0,0,0,0,0,1,0,0,0,0,4,4,2,4,4,2,4,7,6,6,1,6,4,4,4,3,6,3,3,1,0,NA,4,4,3,Nope all good,10,Lawrence Livermore National Laboratory,Some high school or less,Male,"$50,000 to under $75,000",Metropolitan,White,No,Other or none,Neither,I did not vote,NA,Northeast,Pennsylvania,Male,18-29,HS or less,White,Northeast,Metropolitan,"> $50,000",Independent,3rd or didn't vote,1.7533754116068403
R_6gUZ0lc2CIgdCSS,2025-03-18T19:45:29Z,2025-03-18T19:53:48Z,1,42,20,20747,10,10,10,10,10,Perseveration,3,Energy,3,Environment,3,0,NA,NA,NA,NA,NA,NA,NA,NA,NA,NA,NA,NA,NA,4,4,2,Mostly concerned about if it may be toxic to areas surrounding it. Not much information on it to have any thoughts about it.,NA,NA,3,1,1,0,5,4,NA,50,50,50,50,4,6,8,6,6,3,4,7,7,5,5,8,9,7,3,5,8,4,1,1,1,1,1,1,1,1,1,1,1,1,1,1,1,1,1,1,3,1,10,NA,10,4,0,No,10,Lawrence Livermore National Laboratory,4-year or bachelor degree,Female,"$50,000 to under $75,000",Metropolitan,Black or African-American,No,Democrat,NA,I did not vote,NA,South,Maryland,Female,30-49,4-yr/post-graduate degree,Black,South,Metropolitan,"> $50,000",Democrat,3rd or didn't vote,1.9157527152014502
R_1kMRVzzuMCZEaeC,2025-03-21T06:14:48Z,2025-03-21T06:38:44Z,1,57,32,10029,10,8,10,10,10,natural,4,sun,4,clean,4,0,NA,NA,NA,NA,NA,NA,NA,NA,NA,NA,NA,NA,NA,5,5,4,NA,NA,I have mixed feelings because it is still in the early stages of its development.,3,1,1,0,3,5,NA,60,40,50,50,10,9,10,10,8,6,8,9,8,10,10,8,10,9,10,10,9,8,5,4,6,4,6,5,5,5,NA,6,4,5,6,6,6,4,4,6,2,1,5,NA,7,4,6,I believe there should be much more reach on this matter.,50,Lawrence Livermore National Laboratory,High school graduate or GED,Female,"$50,000 to under $75,000",Metropolitan,Some other race,Yes,Democrat,NA,I voted,Kamala Harris,Northeast,New York,Female,50-64,HS or less,Hispanic,Northeast,Metropolitan,"> $50,000",Democrat,Kamala Harris,0.6905084421099289
R_7wHMPlet9LMSE30,2025-03-19T20:09:50Z,2025-03-19T20:14:55Z,1,41,32,10027,10,10,10,10,10,very concern matter,3,very interesting thought,3,something to ponder about,4,0,NA,NA,NA,NA,NA,NA,NA,NA,NA,NA,NA,NA,NA,4,3,3,NA,NA,something to consider about tha situation,6,1,1,0,4,4,NA,50,50,50,50,6,6,6,6,7,6,6,6,10,10,10,8,8,8,9,8,8,8,4,4,4,4,4,4,4,4,4,4,4,4,4,4,4,4,4,4,3,0,NA,6,8,4,7,yes,10,US national laboratories for energy and security,High school graduate or GED,Female,"Less than $15,000",Metropolitan,Black or African-American,No,Democrat,NA,I voted,Kamala Harris,Northeast,New York,Female,30-49,HS or less,Black,Northeast,Metropolitan,"< $50,000",Democrat,Kamala Harris,0.51926508185633
R_7tplw2yT8ZzHQoV,2025-03-20T18:07:31Z,2025-03-20T18:26:16Z,1,66,9,33541,8,10,5,8,3,Confusing,3,🤷🏻‍♂️,3,🤷🏻‍♂️,3,0,NA,NA,NA,NA,NA,NA,NA,NA,NA,NA,NA,NA,NA,4,4,2,I don't know enough about it and the hazards it may cause,NA,NA,2,1,1,0,2,4,NA,30,70,50,50,8,5,8,7,9,6,8,5,8,6,5,6,5,5,8,7,6,0,3,3,4,4,7,2,4,2,6,4,4,4,3,6,7,5,6,1,3,1,4,NA,5,6,1,My question is would it lower power bills?,10,US national laboratories for energy and security,2-year or associate degree,Male,"$75,000 to under $100,000",Metropolitan,White,No,Republican,NA,I voted,Donald Trump,West,Florida,Male,65+,Some college/2-yr degree,White,West,Metropolitan,"> $50,000",Republican,Donald Trump,0.9589751780192276
R_5H0FaYVHZGDDpa9,2025-03-19T20:18:25Z,2025-03-19T20:41:30Z,1,72,28,89521,10,10,10,7,4,Nuclear,5,Unlimited,5,Clean,5,1,1,1,0,0,0,0,1,0,0,0,NA,2,1,4,7,7,NA,"Clean, renewable energy. Sustainable",NA,3,1,1,0,2,5,NA,80,20,50,50,10,10,10,10,3,3,3,5,7,7,2,7,7,2,8,7,7,3,5,6,4,4,7,3,5,4,7,4,6,4,4,2,3,4,3,7,2,1,5,NA,4,6,3,NA,10,US national laboratories for energy and security,High school graduate or GED,Male,"$100,000 to under $150,000",Metropolitan,White,No,Republican,NA,I voted,Donald Trump,West,Nevada,Male,65+,HS or less,White,West,Metropolitan,"> $50,000",Republican,Donald Trump,0.9123497084932136
R_72JbFxUTVz05Hax,2025-03-20T14:31:03Z,2025-03-20T14:43:32Z,1,58,5,92503,8,8,9,8,6,unknown territory,3,future,3,savings,3,0,NA,NA,NA,NA,NA,NA,NA,NA,NA,NA,NA,NA,NA,4,3,4,NA,NA,I do not know enough about it,2,1,1,0,5,4,NA,50,50,40,60,5,8,8,8,5,5,5,5,7,4,7,4,5,6,4,6,8,1,4,6,4,6,6,5,5,5,2,4,4,4,4,6,4,4,6,2,2,1,4,NA,6,3,5,NA,50,Lawrence Livermore National Laboratory,2-year or associate degree,Female,"$15,000 to under $50,000",Metropolitan,White,No,Independent,The Republican Party,I voted,Donald Trump,West,California,Female,50-64,Some college/2-yr degree,White,West,Metropolitan,"< $50,000",Independent,Donald Trump,0.5735809860580454
R_7qfSbqcJGiEti3T,2025-03-20T19:09:33Z,2025-03-20T19:23:02Z,1,62,3,85034,6,7,8,8,6,Non nuclear energy,3,Unknown possibility,3,Dangerous,2,1,0,0,0,1,0,0,0,1,0,0,NA,0,1,3,4,4,NA,NA,"There are many risks associated with fusion and man doesn't control energy well. Onthe other hand the possibilities of a sustainable power source, the possibilities are endless",3,1,1,0,5,NA,4,50,50,25,75,6,6,5,5,5,6,6,6,7,4,3,1,5,4,3,3,4,2,4,3,4,4,5,4,4,3,3,4,3,4,5,3,5,3,4,5,2,0,NA,6,6,4,3,NA,50,Lawrence Livermore National Laboratory,High school graduate or GED,Male,"$15,000 to under $50,000",Metropolitan,White,No,Other or none,The Democratic Party,I did not vote,NA,West,Arizona,Male,50-64,HS or less,White,West,Metropolitan,"< $50,000",Independent,3rd or didn't vote,1.3955009873647954
R_5XgPRW0CawiMNg8,2025-03-22T22:57:51Z,2025-03-23T18:04:35Z,1,38,10,30315,10,5,6,10,6,Made,2,Catastrophe,2,End,2,0,NA,NA,NA,NA,NA,NA,NA,NA,NA,NA,NA,NA,NA,3,1,1,It's man made and can cause harm,NA,NA,3,0,1,0,2,NA,3,50,50,50,50,5,4,6,4,5,3,3,4,3,6,6,5,6,7,4,3,5,4,2,6,6,6,6,4,3,5,5,6,2,3,3,3,4,7,6,3,3,1,4,NA,4,4,3,No,10,Lawrence Livermore National Laboratory,High school graduate or GED,Female,"Less than $15,000",Metropolitan,Black or African-American,No,Independent,Neither,I did not vote,NA,South,Georgia,Female,30-49,HS or less,Black,South,Metropolitan,"< $50,000",Independent,3rd or didn't vote,1.341659296276192
R_78Z3c9R6S14vEfZ,2025-03-23T13:26:37Z,2025-03-23T13:39:19Z,1,44,28,89117,6,6,7,9,8,Hybrid,4,Green,4,Environmental,3,1,0,0,0,0,0,0,1,0,1,0,NA,4,2,3,3,3,NA,NA,I'm not sure any of this is a good idea,3,1,0,4,2,3,NA,75,25,65,35,4,7,7,3,4,4,7,4,7,6,3,4,8,9,4,2,7,0,4,3,4,4,5,5,4,4,3,3,3,4,5,5,6,2,6,4,3,1,8,NA,8,5,6,It reminds me of cern..n it kinda creeps me out,10,Lawrence Livermore National Laboratory,High school graduate or GED,Female,"$15,000 to under $50,000",Metropolitan,White,No,Independent,The Republican Party,I did not vote,NA,West,Nevada,Female,30-49,HS or less,White,West,Metropolitan,"< $50,000",Independent,3rd or didn't vote,1.3420502151405471
R_1aFChNihrO2uwlD,2025-03-21T19:12:09Z,2025-03-21T19:17:14Z,1,23,32,10016,9,8,9,9,10,intersting,4,innovative,4,confusing,2,2,NA,NA,NA,NA,NA,NA,NA,NA,NA,NA,NA,NA,NA,5,4,4,NA,NA,i dont know enough to say,4,1,1,0,3,4,NA,50,50,40,60,5,6,5,4,5,5,4,6,5,5,5,5,5,5,4,4,5,4,4,4,5,4,4,4,3,3,4,3,4,5,4,4,4,4,4,3,3,1,8,NA,10,2,1,dont know enough,50,Lawrence Livermore National Laboratory,Post-graduate degree,Female,"More than $200,000",Metropolitan,White,Yes,Democrat,NA,I voted,Kamala Harris,West,New York,Female,18-29,4-yr/post-graduate degree,Hispanic,West,Metropolitan,"> $50,000",Democrat,Kamala Harris,0.8960653063973281
R_1AMOxAE8zwzgmQN,2025-03-19T23:44:13Z,2025-03-24T03:55:29Z,1,28,34,58433,7,6,5,6,5,Efficient,4,Cool,4,Reliable,5,2,NA,NA,NA,NA,NA,NA,NA,NA,NA,NA,NA,NA,NA,4,5,4,NA,NA,I havnt really read into it I would like to study it a bit more,4,1,1,0,3,NA,6,40,60,50,50,7,10,10,8,7,7,5,7,10,6,5,5,5,2,5,7,7,0,5,4,4,5,7,4,4,4,7,4,2,4,4,1,5,4,5,1,3,0,NA,7,1,6,2,NA,50,US national laboratories for energy and security,High school graduate or GED,Male,"$75,000 to under $100,000",Non-metro,White,No,Republican,NA,I voted,Donald Trump,Midwest,North Dakota,Male,18-29,HS or less,White,Midwest,Non-metro,"> $50,000",Republican,Donald Trump,0.9523835498998118
R_3ZPOoqhp9ncVktP,2025-03-18T21:57:49Z,2025-03-18T22:09:10Z,1,34,20,20613,8,10,10,8,10,Hard science,4,Power,4,Two things forced together,3,1,0,0,1,0,0,0,0,1,0,0,NA,0,4,4,5,5,NA,NA,I don’t have mixed feeling I just don’t know enough about the subject to weigh in effectively,4,1,0,0,4,4,NA,80,20,80,20,10,10,10,10,1,1,1,1,0,2,8,0,5,8,0,0,8,0,7,7,7,4,7,3,1,4,1,4,1,1,4,3,7,7,4,7,2,1,9,NA,9,4,0,Not really,50,US national laboratories for energy and security,Post-graduate degree,Male,"$75,000 to under $100,000",Metropolitan,Mixed race,No,Other or none,Neither,I was not registered to vote,NA,South,Maryland,Male,30-49,4-yr/post-graduate degree,Other,South,Metropolitan,"> $50,000",Independent,3rd or didn't vote,1.7550297563011046
R_365r2C5bwF0o5HO,2025-03-19T00:24:40Z,2025-03-19T00:39:38Z,1,70,10,30519,10,8,10,5,9,Climate protection,5,safe,5,New age,5,1,1,0,0,0,0,0,0,1,0,0,NA,6,3,7,7,7,NA,We have to stop using fossil fuels which are destroying the planet. This is very safe alternative and we need to do everything we can to make it possible!,NA,2,1,1,4,3,NA,7,50,50,50,50,10,10,10,10,1,1,2,1,10,9,9,5,10,5,6,10,10,3,4,4,4,4,5,3,4,4,6,4,4,4,4,3,7,4,4,3,1,1,10,NA,10,3,5,I’ve watched a few programs on the subject the most unbiased and believable was on the show CBS Sunday mornings last year.,10,Lawrence Livermore National Laboratory,High school graduate or GED,Female,"$50,000 to under $75,000",Metropolitan,White,No,Democrat,NA,I voted,Kamala Harris,South,Georgia,Female,65+,HS or less,White,South,Metropolitan,"> $50,000",Democrat,Kamala Harris,0.688389833221799
R_1bPHLATS0lgrmOz,2025-03-18T19:52:00Z,2025-03-18T19:59:53Z,1,31,20,20910,1,6,6,3,9,None,3,Na,3,NA,3,2,NA,NA,NA,NA,NA,NA,NA,NA,NA,NA,NA,NA,NA,4,4,5,NA,NA,I don’t know enough about it now to have a strong opinion.,2,1,0,0,3,4,NA,50,50,20,80,7,8,6,3,7,5,7,9,3,5,7,6,9,8,4,5,8,4,4,4,4,4,4,4,4,4,5,5,4,5,4,4,5,4,4,3,3,1,10,NA,10,2,2,NA,50,US national laboratories for energy and security,4-year or bachelor degree,Female,"$50,000 to under $75,000",Metropolitan,White,No,Democrat,NA,I voted,Kamala Harris,South,Maryland,Female,30-49,4-yr/post-graduate degree,White,South,Metropolitan,"> $50,000",Democrat,Kamala Harris,0.6554809255602416
R_5CHYqCoymI8lBSH,2025-03-20T02:03:02Z,2025-03-20T02:26:46Z,1,70,17,40324,10,9,8,7,6,nuclear,3,energy,4,sustainability,4,1,0,1,0,0,0,0,0,0,1,0,NA,5,2,7,7,7,NA,It seems like a wise investment for our state and country.,NA,3,1,1,4,3,NA,7,50,50,50,50,10,10,10,10,1,6,1,8,10,10,1,10,1,1,10,1,1,0,1,1,1,1,7,1,1,1,7,7,7,7,7,1,7,7,7,7,2,0,NA,5,2,7,5,"We should prioritize more efficient energy production and sustainability of energy for the USA, and all Americans!",10,US national laboratories for energy and security,4-year or bachelor degree,Female,"$75,000 to under $100,000",Metropolitan,White,No,Republican,NA,I voted,Donald Trump,South,Kentucky,Female,65+,4-yr/post-graduate degree,White,South,Metropolitan,"> $50,000",Republican,Donald Trump,0.9996057803156853
R_6TsFTgdAs0gMeRK,2025-03-18T20:08:36Z,2025-03-18T20:14:04Z,1,39,3,85224,0,0,4,4,4,Collaboration,3,Chemicals,3,Unity,3,1,0,0,0,0,0,0,0,0,1,0,NA,6,2,4,4,4,NA,NA,Whatever is good for the environment n mother Gaia,2,1,1,3,4,4,NA,50,50,50,50,4,5,6,6,1,6,5,6,5,6,4,5,5,5,4,5,4,5,4,4,4,5,4,3,4,5,3,5,3,3,5,4,4,4,3,4,3,1,4,NA,5,4,0,As promisin as fusion energy would b likely to b beneficial for all on earth would not b good for long term for mother Gaia,10,Lawrence Livermore National Laboratory,2-year or associate degree,Female,"$50,000 to under $75,000",Metropolitan,White,No,Independent,Neither,I did not vote,NA,West,Arizona,Female,30-49,Some college/2-yr degree,White,West,Metropolitan,"> $50,000",Independent,3rd or didn't vote,1.5693036675808427
R_1uOgfDYcSPDSFBN,2025-03-18T20:57:01Z,2025-03-18T21:06:32Z,1,68,39,02895,10,6,10,6,8,nuclear,4,reaction,2,radiates,2,1,0,1,0,1,0,0,0,0,0,0,NA,4,3,4,4,4,NA,NA,possible reactions and or misuse,2,1,1,0,1,4,NA,50,50,30,70,5,5,10,7,1,7,6,1,6,6,10,5,5,1,4,9,3,5,4,4,3,5,5,4,6,5,5,4,5,5,3,4,2,3,4,2,3,1,5,NA,8,4,4,none,50,Lawrence Livermore National Laboratory,Post-graduate degree,Male,"$15,000 to under $50,000",Metropolitan,Black or African-American,No,Independent,Neither,I voted,Kamala Harris,Northeast,Rhode Island,Male,65+,4-yr/post-graduate degree,Black,Northeast,Metropolitan,"< $50,000",Independent,Kamala Harris,0.6590219507183309
R_7jiR9lArCIAprtD,2025-03-20T01:34:19Z,2025-03-21T12:02:46Z,1,39,5,95820,7,8,8,8,5,Unsure,3,Confusing,3,Useful,4,0,NA,NA,NA,NA,NA,NA,NA,NA,NA,NA,NA,NA,NA,5,4,4,NA,NA,I'm not sure that without seeing it in person and knowing fully every pro and con I could decide whether this is bad or not,3,1,1,0,1,5,NA,50,50,25,75,9,6,8,8,4,5,5,5,9,7,8,8,7,7,8,9,10,4,3,4,4,4,4,3,4,5,1,4,4,4,4,5,4,4,5,5,2,1,6,NA,6,5,5,NA,50,US national laboratories for energy and security,"Some college, no degree",Female,"$15,000 to under $50,000",Metropolitan,White,Yes,Republican,NA,I voted,Donald Trump,West,California,Female,30-49,Some college/2-yr degree,Hispanic,West,Metropolitan,"< $50,000",Republican,Donald Trump,0.829357022903637
R_77qr4h1BW1tUNZn,2025-03-18T20:34:41Z,2025-03-18T20:39:42Z,1,57,43,77017,10,10,10,10,10,Hydro,5,Light,5,Air Windmills,5,0,NA,NA,NA,NA,NA,NA,NA,NA,NA,NA,NA,NA,NA,7,7,7,NA,I find everything appealing about fusion energy.,NA,2,1,1,0,5,NA,4,50,50,100,0,10,10,10,10,10,10,10,10,10,10,10,9,10,10,10,10,10,10,7,7,7,7,7,7,7,7,7,7,7,7,7,7,7,7,7,7,1,1,10,NA,0,1,10,None,10,Lawrence Livermore National Laboratory,High school graduate or GED,Male,"$50,000 to under $75,000",Metropolitan,Some other race,Yes,Independent,The Democratic Party,I voted,Kamala Harris,South,Texas,Male,50-64,HS or less,Hispanic,South,Metropolitan,"> $50,000",Independent,Kamala Harris,0.6367740760534498
R_7oL4WnZnIIHqVb3,2025-03-22T20:00:03Z,2025-03-22T20:04:23Z,1,25,38,18702,8,8,8,8,6,Renewable,3,Safe,4,I don’t know,3,0,NA,NA,NA,NA,NA,NA,NA,NA,NA,NA,NA,NA,NA,5,4,4,NA,NA,I don’t know enough about it,6,0,1,4,5,5,NA,50,50,20,80,6,6,6,5,5,4,6,5,5,6,7,5,6,5,5,6,7,6,4,5,4,5,3,4,4,4,5,4,4,4,4,4,4,5,5,4,3,1,7,NA,7,1,5,Nope,50,US national laboratories for energy and security,High school graduate or GED,Male,"Less than $15,000",Metropolitan,White,No,Democrat,NA,I voted,Kamala Harris,Northeast,Pennsylvania,Male,18-29,HS or less,White,Northeast,Metropolitan,"< $50,000",Democrat,Kamala Harris,0.6083910053093914
R_61jFWMAoEiXLgAC,2025-03-20T14:02:47Z,2025-03-20T14:09:46Z,1,51,7,06051,5,5,5,5,5,Not sure,3,Uncertain,3,Mixed,3,2,NA,NA,NA,NA,NA,NA,NA,NA,NA,NA,NA,NA,NA,4,4,4,NA,NA,Indifferent,3,1,1,4,5,4,NA,50,50,50,50,6,6,6,6,7,6,6,6,5,6,6,6,6,6,6,6,6,6,4,4,4,4,4,4,4,4,4,4,4,4,4,4,4,4,4,4,3,1,5,NA,5,4,5,NA,10,US national laboratories for energy and security,High school graduate or GED,Female,"$50,000 to under $75,000",Metropolitan,Black or African-American,No,Other or none,Neither,I voted,Kamala Harris,Northeast,Connecticut,Female,50-64,HS or less,Black,Northeast,Metropolitan,"> $50,000",Independent,Kamala Harris,0.5153979297646407
R_5BlNTB7R566uEiB,2025-03-19T19:25:10Z,2025-03-19T19:33:55Z,1,57,49,53215,7,8,7,9,7,Energy,3,Nuclear,2,Radiation,2,0,NA,NA,NA,NA,NA,NA,NA,NA,NA,NA,NA,NA,NA,4,5,5,NA,NA,Not sure because I don't know much about it.,2,1,1,0,3,NA,4,0,100,100,0,6,6,6,8,8,7,7,8,5,5,7,5,7,4,7,4,7,2,5,4,4,5,3,3,4,4,5,5,4,4,4,3,5,3,5,6,3,1,0,NA,6,4,2,NA,50,US national laboratories for energy and security,High school graduate or GED,Female,"$75,000 to under $100,000",Metropolitan,Some other race,Yes,Democrat,NA,I voted,Kamala Harris,Midwest,Wisconsin,Female,50-64,HS or less,Hispanic,Midwest,Metropolitan,"> $50,000",Democrat,Kamala Harris,0.770959731831925
R_3zpcrQUFTP6m0Bb,2025-03-20T20:39:17Z,2025-03-20T20:44:57Z,1,25,9,33701,5,6,8,7,10,Hybrid cars,4,Workouts,5,Fake news,1,0,NA,NA,NA,NA,NA,NA,NA,NA,NA,NA,NA,NA,NA,3,4,2,"It sounds like how an atomic bomb is made and therefore could explode, but I don’t know anything about it so I don’t want to judge a potentially clean solution.",NA,NA,6,0,0,0,2,4,NA,70,30,10,90,10,6,7,4,10,10,10,10,3,10,1,8,5,10,6,2,9,0,4,7,4,4,3,1,4,2,7,3,4,4,4,5,7,4,5,1,2,1,6,NA,10,2,2,No,50,US national laboratories for energy and security,4-year or bachelor degree,Female,"$75,000 to under $100,000",Metropolitan,White,No,Democrat,NA,I voted,Kamala Harris,South,Florida,Female,18-29,4-yr/post-graduate degree,White,South,Metropolitan,"> $50,000",Democrat,Kamala Harris,0.7434181436616831
R_7b361LdUvx5lR8z,2025-03-18T21:36:58Z,2025-03-18T21:56:08Z,1,31,28,89506,8,7,7,5,1,Is it possible?,4,Will it cause radiation like nuclear power?,2,Research,4,1,0,0,0,0,0,0,0,0,0,1,Internet article,1,2,2,2,1,"After seeing the devastating effects of nuclear research and testing in Los Alamos, I am very hesitant to host a facility nearby.",NA,NA,6,0,0,0,1,NA,4,80,20,20,80,5,8,7,8,6,3,10,5,3,8,5,6,8,0,6,7,8,4,5,7,4,4,7,3,4,3,7,4,4,5,4,1,6,5,6,7,2,0,NA,8,0,7,6,No,10,US national laboratories for energy and security,4-year or bachelor degree,Female,"$75,000 to under $100,000",Metropolitan,White,No,Republican,NA,I voted,Donald Trump,West,Nevada,Female,30-49,4-yr/post-graduate degree,White,West,Metropolitan,"> $50,000",Republican,Donald Trump,0.8368648757335835
R_6NvXEMPNc1it017,2025-03-20T23:18:11Z,2025-03-20T23:34:34Z,1,67,28,89084,6,7,7,7,3,development,4,clean,4,expensive,2,1,0,1,1,0,0,0,0,0,0,0,NA,2,2,6,5,6,NA,NA,"Since it is experimental and we don't know everything, there is some risk to having a facility around. However, the potential benefits would be great.",3,1,1,1,1,NA,6,75,25,60,40,7,9,8,7,6,7,8,8,7,6,5,8,6,4,8,6,7,5,4,5,3,4,5,3,4,4,6,4,2,5,4,2,5,4,4,5,2,0,NA,6,5,5,7,"The potential of fusion energy is huge, but the price and time needed to make it feasible are also huge.  I think it is worth it for the U.S. to invest in development, while still maintaining existing energy production efforts.",50,US national laboratories for energy and security,Post-graduate degree,Male,"$75,000 to under $100,000",Metropolitan,White,No,Republican,NA,I voted,Donald Trump,West,Nevada,Male,65+,4-yr/post-graduate degree,White,West,Metropolitan,"> $50,000",Republican,Donald Trump,1.043032711588698
R_3lbd5J8T0W7kTzH,2025-03-19T18:07:13Z,2025-03-19T18:27:57Z,1,32,6,80015,10,8,10,10,7,Cost,3,Efficient,3,Energy,3,0,NA,NA,NA,NA,NA,NA,NA,NA,NA,NA,NA,NA,NA,1,1,1,"Harnessing a limitless power on earth could cost people a lot of money in energy bills, taxes to pay for it, and if the plant decides to suddenly explode cause of one wrong decimal in an equation half the country could be gone in a matter of seconds",NA,NA,5,1,0,0,4,NA,1,0,100,0,100,3,3,1,1,10,10,10,10,0,1,6,5,0,3,2,0,0,0,1,1,4,4,7,4,1,4,1,7,4,2,4,3,6,7,4,7,4,1,10,NA,10,5,0,It's not a good idea,50,US national laboratories for energy and security,High school graduate or GED,Male,"$15,000 to under $50,000",Metropolitan,Mixed race,No,Independent,The Republican Party,I was not registered to vote,NA,West,Colorado,Male,30-49,HS or less,Other,West,Metropolitan,"< $50,000",Independent,3rd or didn't vote,1.387053651357195
R_7prIgJMRpgFziI7,2025-03-20T03:30:32Z,2025-03-20T03:42:35Z,1,66,9,32086,8,9,10,5,8,Connecting sources production,3,Advanced benefits long term,4,Into the future,3,0,NA,NA,NA,NA,NA,NA,NA,NA,NA,NA,NA,NA,NA,5,4,5,NA,NA,I would need more information regarding king term effects of being near such a facility. There is not enough information given for me to process a logical conclusion.,2,1,1,0,2,7,NA,0,100,65,35,10,10,10,8,4,5,8,5,5,4,3,0,0,5,3,2,6,5,3,5,3,5,5,2,3,6,3,7,6,3,4,3,7,3,3,6,4,1,8,NA,8,4,1,This survey has been very informative and enlightening.,50,Lawrence Livermore National Laboratory,4-year or bachelor degree,Female,"$100,000 to under $150,000",Metropolitan,White,No,Democrat,NA,I voted,Kamala Harris,South,Florida,Female,65+,4-yr/post-graduate degree,White,South,Metropolitan,"> $50,000",Democrat,Kamala Harris,0.7869933071620695
R_1LApgLaAmq7wISt,2025-03-19T16:56:40Z,2025-03-19T17:06:56Z,1,23,49,54115,9,7,7,9,10,Mix of fuels,3,Swaps between sources,4,Hybrid,4,0,NA,NA,NA,NA,NA,NA,NA,NA,NA,NA,NA,NA,NA,4,5,1,"Noise, visually unappealing, extra traffic, extra smells, safety is not guaranteed",NA,NA,3,1,1,0,2,5,NA,80,20,25,75,8,7,10,6,8,7,4,3,6,4,5,7,10,5,4,5,10,6,3,3,4,4,7,1,3,4,5,4,3,5,5,2,7,5,5,6,4,1,10,NA,10,2,0,NA,10,Lawrence Livermore National Laboratory,4-year or bachelor degree,Female,"$50,000 to under $75,000",Metropolitan,White,No,Democrat,NA,I voted,Kamala Harris,Midwest,Wisconsin,Female,18-29,4-yr/post-graduate degree,White,Midwest,Metropolitan,"> $50,000",Democrat,Kamala Harris,0.8322286558830572
R_3qha99K8EG2gbNV,2025-03-20T20:46:13Z,2025-03-20T20:54:24Z,1,31,47,98375,0,9,5,5,5,Merge,4,Save,3,Energy efficient,3,0,NA,NA,NA,NA,NA,NA,NA,NA,NA,NA,NA,NA,NA,4,4,3,NA,NA,I don’t think it would be good to have it near my home/ maybe in the country . Sounds. Safer in the country rather than close to homes in case of fires or whatever risks that may pose,6,1,0,0,4,4,NA,50,50,50,50,10,10,10,10,1,1,1,1,0,0,0,0,0,0,0,0,0,0,1,4,1,4,4,4,4,4,1,4,4,4,4,4,7,4,4,7,3,1,5,NA,5,4,5,No,50,US national laboratories for energy and security,"Some college, no degree",Female,"$50,000 to under $75,000",Metropolitan,Mixed race,Yes,Independent,Neither,I voted,Kamala Harris,West,Washington,Female,30-49,Some college/2-yr degree,Hispanic,West,Metropolitan,"> $50,000",Independent,Kamala Harris,0.6470049197767256
R_7jZPCwUq3vTMoCK,2025-03-19T15:56:29Z,2025-03-19T17:21:33Z,1,45,46,24060,9,9,6,8,7,Combined,4,Molecule's,4,Together,4,1,0,0,0,0,0,0,0,0,1,0,NA,3,2,6,7,7,NA,I am all for finding sustainable energy sources and it sounds as if fusion energy would be great.,NA,3,1,1,0,3,5,NA,40,60,50,50,8,10,8,5,7,7,6,5,7,4,4,3,4,4,4,4,4,1,3,3,3,3,3,3,3,3,6,3,3,3,3,3,4,3,3,6,3,0,NA,3,6,6,2,Not at this time,50,US national laboratories for energy and security,High school graduate or GED,Female,"$50,000 to under $75,000",Metropolitan,White,No,Independent,The Republican Party,I voted,Donald Trump,South,Virginia,Female,30-49,HS or less,White,South,Metropolitan,"> $50,000",Independent,Donald Trump,0.602939277992639
R_6QEgZShIABKpdaM,2025-03-20T00:13:03Z,2025-03-20T00:28:56Z,1,44,19,04240,10,8,9,10,6,Nuclear power,3,Clean,4,Cost effective,5,0,NA,NA,NA,NA,NA,NA,NA,NA,NA,NA,NA,NA,NA,3,4,1,"There is little room for a facility near my residence. If one was built within 10 miles, it would be destroying most of the nature trails and recreation areas.",NA,NA,3,1,0,0,3,NA,4,80,20,10,90,8,5,8,1,10,10,10,10,0,5,5,5,7,1,5,5,8,0,7,3,4,3,7,4,1,4,7,5,1,5,3,1,4,1,4,7,4,1,7,NA,10,4,0,Not at the moment,10,Lawrence Livermore National Laboratory,"Some college, no degree",Female,"$15,000 to under $50,000",Metropolitan,White,No,Republican,NA,I voted,Donald Trump,Northeast,Maine,Female,30-49,Some college/2-yr degree,White,Northeast,Metropolitan,"< $50,000",Republican,Donald Trump,0.6898931409784607
R_7Yff628W9bj4TmV,2025-03-19T19:14:45Z,2025-03-19T19:23:31Z,1,46,13,60623,6,10,6,6,8,Electricity,4,Solar,3,Fossil,3,1,0,0,0,0,0,0,0,0,1,0,NA,5,2,4,3,4,NA,NA,This country and president  does not know how to continue to fix or the crisis we are having,1,1,0,4,5,4,NA,40,60,40,60,5,4,5,5,3,6,5,4,5,6,7,8,8,8,8,8,6,5,4,4,4,4,4,4,4,4,4,4,4,7,4,6,5,4,4,4,3,1,6,NA,7,3,6,No,10,Lawrence Livermore National Laboratory,High school graduate or GED,Female,"$15,000 to under $50,000",Metropolitan,White,Yes,Democrat,NA,I voted,Kamala Harris,Midwest,Illinois,Female,30-49,HS or less,Hispanic,Midwest,Metropolitan,"< $50,000",Democrat,Kamala Harris,0.6918464638080682
R_7RIY79p35sEHioh,2025-03-19T16:16:37Z,2025-03-19T16:22:06Z,1,30,27,68516,7,4,9,6,5,New,4,Exciting,4,Expensive,2,0,NA,NA,NA,NA,NA,NA,NA,NA,NA,NA,NA,NA,NA,4,4,5,NA,NA,I don’t know enough information about it yet before I can change my opinion,2,1,1,0,3,NA,5,50,50,25,75,7,4,5,6,6,7,6,4,5,5,7,5,6,5,7,7,2,5,5,5,5,6,5,4,5,6,2,4,5,5,3,3,4,5,3,5,3,1,5,NA,7,4,6,I think it could be a huge asset for the future,50,Lawrence Livermore National Laboratory,4-year or bachelor degree,Male,"$75,000 to under $100,000",Metropolitan,White,No,Other or none,The Republican Party,I voted,Donald Trump,Midwest,Nebraska,Male,30-49,4-yr/post-graduate degree,White,Midwest,Metropolitan,"> $50,000",Independent,Donald Trump,0.8010346181336808
R_3EAViGp6g4DewU2,2025-03-20T19:12:58Z,2025-03-20T19:22:08Z,1,32,15,51501,10,10,10,10,10,Force,4,Active,4,Together,4,1,1,1,0,1,0,0,1,0,0,0,NA,2,3,4,4,3,NA,NA,Safety,3,1,1,1,1,NA,3,60,40,50,50,4,3,4,4,1,1,3,5,5,0,0,0,0,0,0,0,7,0,4,4,4,3,4,4,4,4,4,4,4,4,4,4,4,5,4,4,2,1,5,NA,5,4,5,No everything I read was pretty on point,10,US national laboratories for energy and security,High school graduate or GED,Female,"Less than $15,000",Metropolitan,White,No,Independent,Neither,I was not registered to vote,NA,Midwest,Iowa,Female,30-49,HS or less,White,Midwest,Metropolitan,"< $50,000",Independent,3rd or didn't vote,1.494654153186571
R_7cA5SscVjhcnltf,2025-03-18T22:01:56Z,2025-03-18T22:09:54Z,1,61,43,78249,10,5,10,8,5,Great,5,Cheap,5,Works,5,1,1,0,0,0,0,0,0,0,0,0,NA,5,2,7,7,5,NA,NA,I think it would be great,2,1,1,3,3,NA,6,75,25,85,15,8,8,8,8,8,8,8,8,8,8,8,8,8,8,8,8,8,8,6,6,7,6,6,6,6,6,6,6,6,5,6,6,6,6,6,6,2,0,NA,3,3,6,2,Not at all,50,US national laboratories for energy and security,"Some college, no degree",Male,"$75,000 to under $100,000",Metropolitan,White,Yes,Republican,NA,I voted,Donald Trump,South,Texas,Male,50-64,Some college/2-yr degree,Hispanic,South,Metropolitan,"> $50,000",Republican,Donald Trump,0.9544595805461172
R_7BzjI5Uajky2ATe,2025-03-18T20:21:16Z,2025-03-18T20:41:32Z,1,19,38,18042,0,3,6,3,9,electric,3,solar,5,nuclear,4,2,NA,NA,NA,NA,NA,NA,NA,NA,NA,NA,NA,NA,NA,5,4,3,NA,NA,I think I’d prefer any newer sciences being practiced further from my home in case there are some unknown consequences,4,1,1,1,1,NA,5,0,100,25,75,10,10,10,7,1,5,7,7,0,8,8,5,9,9,3,6,8,4,4,4,3,4,4,2,3,4,5,4,4,4,4,4,4,4,4,4,3,1,9,NA,8,1,2,NA,10,US national laboratories for energy and security,High school graduate or GED,Female,"$150,000 to under $200,000",Metropolitan,White,Yes,Other or none,The Democratic Party,I voted,Kamala Harris,Northeast,Pennsylvania,Female,18-29,HS or less,Hispanic,Northeast,Metropolitan,"> $50,000",Independent,Kamala Harris,0.6963761639143107
R_6Ramro9aN2YtL7r,2025-03-21T00:07:08Z,2025-03-21T00:18:19Z,1,45,43,75001,5,8,8,9,8,Combining,4,Power,3,Electricity,4,2,NA,NA,NA,NA,NA,NA,NA,NA,NA,NA,NA,NA,NA,4,7,7,NA,Getting clean energy is better for our world and the solar system,NA,3,1,1,0,2,7,NA,40,60,60,40,8,8,7,9,7,9,9,8,8,9,8,8,7,9,8,7,6,8,5,6,6,4,5,6,4,5,7,4,7,6,6,6,6,6,5,5,1,1,8,NA,8,2,8,No,50,US national laboratories for energy and security,Post-graduate degree,Male,"$150,000 to under $200,000",Metropolitan,White,No,Republican,NA,I voted,Donald Trump,South,Texas,Male,30-49,4-yr/post-graduate degree,White,South,Metropolitan,"> $50,000",Republican,Donald Trump,0.8642698958997601
R_7P19VZ8QLEuZEl3,2025-03-19T17:29:02Z,2025-03-19T17:38:41Z,1,60,17,42025,10,8,10,10,7,I don't know,3,I dont know,3,I don't know,3,2,NA,NA,NA,NA,NA,NA,NA,NA,NA,NA,NA,NA,NA,4,4,2,sounds too dangerous to live close to,NA,NA,3,1,1,0,5,5,NA,50,50,50,50,8,7,7,7,3,3,3,1,3,6,5,5,7,5,5,5,6,4,4,5,4,4,4,4,4,3,4,4,4,4,4,4,4,4,4,4,2,1,6,NA,7,2,1,no,10,US national laboratories for energy and security,High school graduate or GED,Female,"$50,000 to under $75,000",Non-metro,White,No,Democrat,NA,I voted,Kamala Harris,South,Kentucky,Female,50-64,HS or less,White,South,Non-metro,"> $50,000",Democrat,Kamala Harris,0.5698620348406771
R_3GXvlzFJcmikhBn,2025-03-22T03:23:54Z,2025-03-22T03:30:00Z,1,40,9,34950,7,10,9,7,10,To be a good thing,5,NA,3,NA,4,1,1,0,0,0,0,0,0,0,0,0,NA,4,2,4,5,5,NA,NA,It could be a good thing and a bad thing it's just how you look at it,2,0,0,1,3,4,NA,25,75,75,25,6,3,5,6,8,6,7,7,6,6,3,4,8,4,5,9,6,6,6,4,4,6,5,5,6,4,5,5,4,4,4,6,5,4,6,5,3,1,6,NA,8,4,4,Not at this time,50,US national laboratories for energy and security,2-year or associate degree,Female,"$50,000 to under $75,000",Metropolitan,Mixed race,No,Democrat,NA,I voted,Kamala Harris,South,Florida,Female,30-49,Some college/2-yr degree,Other,South,Metropolitan,"> $50,000",Democrat,Kamala Harris,0.6000153782877633
R_7eXEEREsBMEouI7,2025-03-21T16:38:41Z,2025-03-21T16:46:14Z,1,46,3,85258,10,10,10,10,10,NA,3,NA,4,NA,3,1,0,1,1,1,1,1,1,0,0,0,NA,5,2,5,4,5,NA,NA,I have mixed feelings I would have to do more research on it,2,1,1,0,3,NA,3,50,50,50,50,5,5,6,5,5,5,5,5,5,6,6,5,5,5,5,5,5,5,4,4,4,4,4,4,4,4,4,4,4,4,4,4,4,4,4,4,3,1,5,NA,5,4,5,I would like to do more research on fusion energy to give more opinion on it,10,US national laboratories for energy and security,Post-graduate degree,Female,"$50,000 to under $75,000",Metropolitan,White,No,Republican,NA,I voted,Donald Trump,West,Arizona,Female,30-49,4-yr/post-graduate degree,White,West,Metropolitan,"> $50,000",Republican,Donald Trump,0.8368648757335835
R_1IQAlb2NHxBQEww,2025-03-19T17:30:25Z,2025-03-20T21:50:57Z,1,35,5,92356,7,7,8,9,9,Mixed,2,Bi product,2,Engineered,3,1,0,0,0,1,0,0,0,0,0,0,NA,2,2,2,3,2,It reminds me too much of nuclear energy,NA,NA,2,1,1,0,1,6,NA,60,40,70,30,8,9,8,6,6,8,8,7,6,8,8,9,9,8,6,9,7,4,3,5,3,3,5,3,5,5,4,5,5,5,3,5,5,4,4,3,2,1,9,NA,8,5,5,I just hope they assume all the risk,50,Lawrence Livermore National Laboratory,High school graduate or GED,Female,"$50,000 to under $75,000",Metropolitan,White,No,Independent,Neither,I voted,Donald Trump,West,California,Female,30-49,HS or less,White,West,Metropolitan,"> $50,000",Independent,Donald Trump,0.6060537444413696
R_3mn0m4nQUsLW6Zk,2025-03-21T12:54:25Z,2025-03-21T13:00:06Z,1,45,5,92324,7,6,3,6,4,Energetic,2,Substantial,3,Great,2,1,0,0,0,0,0,0,1,0,0,0,NA,5,1,5,3,4,NA,NA,Yes sometimes its tempting but at times it to sweet,2,0,1,1,2,3,NA,40,60,50,50,4,4,7,3,8,4,3,7,5,8,5,3,5,5,7,5,6,3,5,2,3,3,3,2,5,5,6,4,2,3,5,7,5,4,4,2,2,0,NA,4,7,3,5,No,50,US national laboratories for energy and security,High school graduate or GED,Female,"More than $200,000",Metropolitan,White,Yes,Democrat,NA,I voted,Kamala Harris,West,California,Female,30-49,HS or less,Hispanic,West,Metropolitan,"> $50,000",Democrat,Kamala Harris,0.6910826239105347
R_1aCARqeOXG1PsrJ,2025-03-19T17:12:34Z,2025-03-19T17:23:43Z,1,38,28,89011,7,6,8,7,5,Dangerous,2,Accidents,2,Destruction,1,1,0,1,0,0,0,0,0,0,0,0,NA,3,4,1,3,1,It sounds dangerous. Just from all the movies and media make it seem like fusion energy is dangerous or a terrorist target.  I would like to know more about fusion energy,NA,NA,4,1,1,0,5,7,NA,80,20,50,50,10,10,10,10,8,7,7,8,9,8,8,8,7,8,8,8,8,3,3,3,3,4,6,3,3,3,4,4,2,4,4,1,3,4,4,3,2,1,6,NA,7,4,2,I wish I knew more so my view on fusion energy would be different. Mostly I just read a few articles here and there but mostly it’s on movies and it’s something negative. I think more information needs to be put out to help clarify the questions that are out there,10,US national laboratories for energy and security,High school graduate or GED,Male,"$75,000 to under $100,000",Metropolitan,Some other race,Yes,Other or none,Neither,I voted,Donald Trump,West,Nevada,Male,30-49,HS or less,Hispanic,West,Metropolitan,"> $50,000",Independent,Donald Trump,0.7544173905667884
R_1YQyZ1unY1ZSf3r,2025-03-23T14:30:21Z,2025-03-23T14:37:26Z,1,59,1,36875,10,10,10,10,10,Helpful,3,Safe,5,Safer,5,0,NA,NA,NA,NA,NA,NA,NA,NA,NA,NA,NA,NA,NA,4,4,4,NA,NA,Not sure what all it would mean for the residents that are in the area of the ren miles and how it would.affect us.,3,1,1,4,5,7,NA,10,90,50,50,6,6,6,6,6,6,5,6,10,8,9,9,9,7,8,9,9,0,3,4,5,4,4,6,4,6,1,5,4,4,6,6,5,4,5,3,3,1,5,NA,5,4,1,NA,10,US national laboratories for energy and security,2-year or associate degree,Female,"$75,000 to under $100,000",Metropolitan,White,No,Republican,NA,I voted,Donald Trump,South,Alabama,Female,50-64,Some college/2-yr degree,White,South,Metropolitan,"> $50,000",Republican,Donald Trump,0.7667556579963318
R_3DtYmLENaccbLCS,2025-03-20T05:05:40Z,2025-03-20T05:14:51Z,1,52,5,93561,8,8,8,7,10,nuclear,3,clean,4,dangerous,2,1,0,0,0,0,0,1,0,0,0,0,NA,4,2,4,5,3,NA,NA,"I'm worried about nuclear safety, but we need a source of CLEAN energy. Also will big oil actually let this happen?",2,1,1,0,3,NA,5,49,51,60,40,10,10,10,10,6,3,5,8,5,5,7,7,9,9,7,6,10,2,2,3,4,4,3,1,3,4,6,4,4,4,4,4,6,5,4,2,2,1,9,NA,10,3,1,nope,50,US national laboratories for energy and security,4-year or bachelor degree,Female,"$100,000 to under $150,000",Metropolitan,White,No,Independent,Neither,I voted,Kamala Harris,West,California,Female,50-64,4-yr/post-graduate degree,White,West,Metropolitan,"> $50,000",Independent,Kamala Harris,0.587839784967954
R_1azqOjGkoQwbWIc,2025-03-19T17:19:16Z,2025-03-19T17:31:40Z,1,70,10,30083,7,8,7,5,3,nuclear fusion,3,confused,3,none,3,0,NA,NA,NA,NA,NA,NA,NA,NA,NA,NA,NA,NA,NA,5,4,4,NA,NA,will need to be confident that all proper safety measures are being taken,3,1,1,0,3,5,NA,70,30,30,70,8,8,4,6,9,9,9,9,7,5,2,4,4,3,2,4,5,1,2,3,2,4,7,4,3,3,5,4,3,5,3,2,6,5,4,3,2,0,NA,9,7,3,5,be great if it works as described,50,US national laboratories for energy and security,"Some college, no degree",Female,"$15,000 to under $50,000",Metropolitan,White,No,Independent,The Republican Party,I did not vote,NA,South,Georgia,Female,65+,Some college/2-yr degree,White,South,Metropolitan,"< $50,000",Independent,3rd or didn't vote,1.684954636322854
R_59b4hJtC1tyYiNF,2025-03-18T20:18:15Z,2025-03-18T20:28:45Z,1,70,20,21015,10,10,10,7,10,nuclear energy,1,climate change/coal,1,pollution/costly,1,0,NA,NA,NA,NA,NA,NA,NA,NA,NA,NA,NA,NA,NA,1,1,1,Prefer wind and solar energy - cleaner,NA,NA,3,1,0,0,2,NA,1,100,0,0,100,7,7,7,7,2,2,2,2,0,1,1,1,1,3,1,1,1,3,1,1,1,1,4,1,1,1,4,7,7,7,7,4,7,7,7,4,5,1,10,NA,10,2,0,NA,10,US national laboratories for energy and security,4-year or bachelor degree,Female,"$100,000 to under $150,000",Metropolitan,Mixed race,No,Democrat,NA,I voted,Kamala Harris,South,Maryland,Female,65+,4-yr/post-graduate degree,Other,South,Metropolitan,"> $50,000",Democrat,Kamala Harris,0.7835449664590934
R_726Oiioh6GnHaY9,2025-03-18T19:34:23Z,2025-03-18T19:43:38Z,1,62,9,34285,9,8,9,6,9,No idea,3,Confused,3,No ifea,3,0,NA,NA,NA,NA,NA,NA,NA,NA,NA,NA,NA,NA,NA,2,2,1,I don’t want to be a guinea pig for the unknown.,NA,NA,4,1,0,0,4,3,NA,90,10,40,60,4,5,6,5,7,7,6,6,5,2,9,1,5,8,2,2,3,3,4,6,4,3,6,4,2,4,2,4,4,4,4,4,4,4,4,4,3,1,7,NA,9,4,2,NA,50,Lawrence Livermore National Laboratory,Post-graduate degree,Female,"$50,000 to under $75,000",Metropolitan,White,No,Democrat,NA,I voted,Kamala Harris,South,Florida,Female,50-64,4-yr/post-graduate degree,White,South,Metropolitan,"> $50,000",Democrat,Kamala Harris,0.6565833001117507
R_5s0ftraX1WgVoty,2025-03-20T03:52:14Z,2025-03-20T15:30:35Z,1,60,9,33128,10,7,10,10,6,New Ways to create energy,4,Consolidation,4,Efficiency,4,0,NA,NA,NA,NA,NA,NA,NA,NA,NA,NA,NA,NA,NA,4,5,2,Most concerning is the proximity. It is a New process and don’t know what will be the enviromental impact in out community.,NA,NA,2,1,1,0,5,NA,4,75,25,50,50,6,10,10,8,5,8,10,10,10,7,7,7,7,6,5,7,8,4,4,4,4,4,6,4,4,4,6,4,4,4,4,3,4,4,4,6,1,1,9,NA,10,4,6,No,50,US national laboratories for energy and security,4-year or bachelor degree,Male,"$100,000 to under $150,000",Metropolitan,White,Yes,Independent,The Democratic Party,I voted,Kamala Harris,South,Florida,Male,50-64,4-yr/post-graduate degree,Hispanic,South,Metropolitan,"> $50,000",Independent,Kamala Harris,0.7279842203406127
R_5qJo9J5P1Pt2v2E,2025-03-22T17:10:50Z,2025-03-22T17:29:51Z,1,41,21,02671,6,8,10,6,5,Mix of energies,3,Resources combined,3,New,2,2,NA,NA,NA,NA,NA,NA,NA,NA,NA,NA,NA,NA,NA,3,3,2,I don’t know enough about it and that tends to make me apprehensive.  Also I live near the ocean which is already so greatly polluted I worry about greater effects to host.,NA,NA,2,1,1,0,4,2,NA,85,15,25,75,6,4,5,2,7,4,5,2,5,1,3,2,2,3,2,2,1,0,5,3,4,4,7,7,5,4,1,5,3,4,5,1,4,6,5,7,4,1,5,NA,8,4,1,I have so little information to have a strong solid stance on my apprehension.,50,Lawrence Livermore National Laboratory,"Some college, no degree",Female,"$15,000 to under $50,000",Metropolitan,White,No,Republican,NA,I did not vote,NA,Northeast,Massachusetts,Female,30-49,Some college/2-yr degree,White,Northeast,Metropolitan,"< $50,000",Republican,3rd or didn't vote,1.6995410138778193
R_69gZXJt37nfEd9v,2025-03-21T00:09:53Z,2025-03-21T00:35:11Z,1,25,13,60056,10,4,10,10,10,nikola tesla,4,fermilab,4,n/a,3,1,0,0,0,0,0,1,0,0,0,1,fermilab,1,4,3,4,1,"too dangerous. take that into the country, into a rural area or the deserts, yee haw lands",NA,NA,3,1,0,0,1,5,NA,50,50,50,50,10,10,10,7,8,10,10,8,10,9,10,10,6,5,5,10,10,0,4,4,4,4,7,1,4,4,5,4,4,4,4,5,7,4,4,1,2,1,10,NA,10,3,0,0,10,US national laboratories for energy and security,"Some college, no degree",Female,"Less than $15,000",Metropolitan,Mixed race,Yes,Independent,Neither,I voted,Kamala Harris,Midwest,Illinois,Female,18-29,Some college/2-yr degree,Hispanic,Midwest,Metropolitan,"< $50,000",Independent,Kamala Harris,0.7346160842523515
R_6CkB0bG3AwNxSrs,2025-03-18T20:49:18Z,2025-03-18T21:07:49Z,1,76,32,10280,10,8,8,10,5,Difficult,5,Tremendous,5,Unlimited power,5,1,1,1,0,1,0,0,0,0,0,0,NA,6,1,7,7,2,"I live in a big City.  Although safeguards ate in place, a major  ""melt down"" could be catastrophic as you could never evacuate millions of people, and the density is such a very large number of people could be exposed in short amount of time.  These first experimental reactors should be in sparsely inhabited areas.",NA,NA,3,1,1,0,2,7,NA,25,75,50,50,10,10,10,10,2,5,5,7,8,5,5,8,9,0,5,5,5,3,3,3,4,3,7,1,4,3,7,4,4,4,4,1,6,4,6,2,2,1,8,NA,10,7,5,"I think the potential for massive energy production is great, but decades in to the future before commercially doable..and no guarantee it ever will be.",50,US national laboratories for energy and security,"Some college, no degree",Male,"$50,000 to under $75,000",Metropolitan,White,No,Republican,NA,I voted,Donald Trump,Northeast,New York,Male,65+,Some college/2-yr degree,White,Northeast,Metropolitan,"> $50,000",Republican,Donald Trump,0.9565696797938077
R_71MpdhjsQ9rzzPb,2025-03-19T15:56:48Z,2025-03-19T16:16:39Z,1,63,9,34759,10,9,9,10,8,POWER,4,ELECTRICITY,5,COMPUTERIZED,4,2,NA,NA,NA,NA,NA,NA,NA,NA,NA,NA,NA,NA,NA,4,5,1,I THINK UNTIL IT IS FURTHER INVESTIGATED IT SHOULD BE EXPERIMENTED IN AN AREA THAT WILL NOT HARM ANYTHING.,NA,NA,2,1,1,0,3,NA,7,50,50,40,60,8,6,7,6,10,10,10,7,2,5,5,7,5,5,7,5,7,0,5,5,5,5,7,7,7,6,7,5,6,4,4,7,4,5,4,7,2,0,NA,7,2,4,2,"IT'S A GREAT CONCEPT, TESTING  AND DEVELOPING NEEDS TO HAVE RESTRICTIONS",50,Lawrence Livermore National Laboratory,4-year or bachelor degree,Male,"$50,000 to under $75,000",Metropolitan,White,No,Independent,The Democratic Party,I voted,Donald Trump,South,Florida,Male,50-64,4-yr/post-graduate degree,White,South,Metropolitan,"> $50,000",Independent,Donald Trump,0.7167563512986861
R_3eUdELmVYOrsd5n,2025-03-19T21:09:14Z,2025-03-19T21:26:11Z,1,72,28,89521,8,7,9,7,7,No idea,3,NA,3,NA,3,0,NA,NA,NA,NA,NA,NA,NA,NA,NA,NA,NA,NA,NA,5,6,3,NA,NA,Too much developments in my area,3,1,1,0,2,NA,6,75,25,60,40,9,10,9,10,6,4,3,7,6,8,9,7,8,7,6,7,8,6,5,5,4,4,6,4,4,4,5,4,3,4,4,3,4,4,4,5,2,1,8,NA,8,2,2,Interesting,10,US national laboratories for energy and security,4-year or bachelor degree,Female,"$50,000 to under $75,000",Metropolitan,White,No,Democrat,NA,I voted,Kamala Harris,West,Nevada,Female,65+,4-yr/post-graduate degree,White,West,Metropolitan,"> $50,000",Democrat,Kamala Harris,0.7910584996947108
R_6iKLQEmMQuI7Tk6,2025-03-18T20:40:21Z,2025-03-18T21:51:56Z,1,42,3,85396,10,5,10,10,6,Clean energy,5,Fuel,4,No pollutants,5,1,0,0,0,0,0,1,0,0,0,0,NA,4,4,6,7,4,NA,NA,If want a little more information about why something like this type of facility should be near homes. I think it would be okay that’s why I put 4 cause I’m in the middle about it. If a scientist told me today there is no harm done with these facilities being near homes then I’d change my opinion and say 9,2,1,1,1,3,7,NA,15,85,60,40,10,5,10,5,8,10,3,8,5,7,4,4,10,7,8,5,10,4,3,7,4,5,7,5,6,5,5,3,2,4,5,2,7,4,5,4,2,1,6,NA,8,5,3,I really think in the long run fusion energy will be used and for good cause in our future. 5+ years from now I can see that happening,50,Lawrence Livermore National Laboratory,"Some college, no degree",Female,"$50,000 to under $75,000",Metropolitan,White,Yes,Republican,NA,I did not vote,NA,West,Arizona,Female,30-49,Some college/2-yr degree,Hispanic,West,Metropolitan,"> $50,000",Republican,3rd or didn't vote,2.2729168290300494
R_3cdqOFh3yQLSXdz,2025-03-19T10:23:23Z,2025-03-19T10:37:56Z,1,65,43,76052,7,4,8,7,6,clean,4,cutting edge,3,futuristic,3,0,NA,NA,NA,NA,NA,NA,NA,NA,NA,NA,NA,NA,NA,3,5,7,NA,NA,should be highly controlled and regulated for safety.  This is extreme and potential for disaster is high if not managed extremely well.,2,1,1,0,1,NA,7,50,50,60,40,8,8,8,9,4,6,8,8,3,5,2,7,8,3,2,4,4,0,4,4,4,5,5,3,4,3,4,2,4,5,4,6,6,3,4,5,2,1,8,NA,10,3,2,NA,10,US national laboratories for energy and security,2-year or associate degree,Male,"$100,000 to under $150,000",Metropolitan,White,No,Independent,The Democratic Party,I voted,Kamala Harris,South,Texas,Male,65+,Some college/2-yr degree,White,South,Metropolitan,"> $50,000",Independent,Kamala Harris,0.6690270308989641
R_6ZHwb6cMOtnzKRv,2025-03-21T13:56:36Z,2025-03-21T17:45:15Z,1,69,33,27401,8,9,7,8,9,Efficient,3,Puzzled,3,Interesting,3,0,NA,NA,NA,NA,NA,NA,NA,NA,NA,NA,NA,NA,NA,4,4,4,NA,NA,I have no clue as to what it is or what the repercussions might be,3,1,0,0,5,4,NA,40,60,50,50,9,9,6,9,10,10,10,10,0,5,5,6,6,5,6,4,6,6,2,4,4,4,4,6,4,2,6,5,6,4,4,4,3,4,4,5,3,1,10,NA,10,1,0,I never heard of it before this survey,10,US national laboratories for energy and security,High school graduate or GED,Female,"Less than $15,000",Metropolitan,White,No,Democrat,NA,I voted,Kamala Harris,South,North Carolina,Female,65+,HS or less,White,South,Metropolitan,"< $50,000",Democrat,Kamala Harris,0.6187885264125149
R_5p7iLHdjFYhoRSp,2025-03-18T19:54:53Z,2025-03-18T21:24:43Z,1,57,28,89502,10,10,10,10,10,"Has been ""20 years away"" for the last 80 years.",2,The powers that be will never allow it.,2,"If possible, and allowed, it could completely change the world.",5,1,0,1,1,1,1,0,1,1,0,0,NA,10,2,7,7,7,NA,"Cheap, clean energy.",NA,4,1,1,3,2,NA,7,40,60,40,60,10,10,10,10,8,8,8,2,10,6,6,8,10,7,5,7,9,2,2,3,4,4,6,1,2,3,6,3,3,4,4,6,5,5,5,7,2,1,10,NA,10,2,5,NA,10,US national laboratories for energy and security,"Some college, no degree",Male,"$100,000 to under $150,000",NA,White,No,Democrat,NA,I voted,Kamala Harris,NA,Nevada,Male,50-64,Some college/2-yr degree,White,West,Metropolitan,"> $50,000",Democrat,Kamala Harris,0.6298954042765429
R_3kSmZHK1LcTlxqV,2025-03-21T01:01:23Z,2025-03-21T01:13:08Z,1,68,27,69357,1,6,8,5,9,Theoretical,4,Science Fiction,4,Future,4,1,0,0,0,1,0,0,0,0,0,0,NA,3,2,1,5,4,NA,NA,"I am not familiar with the negative effects of fusion, but I am certain there are some.",3,1,1,0,2,7,NA,60,40,50,50,10,10,10,9,4,3,5,5,0,5,5,10,10,8,7,5,9,0,7,7,4,4,6,1,7,4,6,3,2,4,4,5,7,2,4,1,2,1,10,NA,10,1,0,NA,10,Lawrence Livermore National Laboratory,2-year or associate degree,Female,"$50,000 to under $75,000",Non-metro,White,No,Democrat,NA,I voted,Kamala Harris,Midwest,Nebraska,Female,65+,Some college/2-yr degree,White,Midwest,Non-metro,"> $50,000",Democrat,Kamala Harris,0.8037231339497278
R_741aowjYA51IXrl,2025-03-19T23:48:12Z,2025-03-20T00:06:47Z,1,79,28,89052,3,8,8,4,7,Potential endless supply,4,Hard to harness,2,Not in near future,2,1,0,0,0,1,0,0,0,1,0,0,NA,3,2,6,6,6,NA,If research makes it likely economically feasible within 50 miles of Las Vegas is ideal as much electrical transmission already exists due to Hoover dam.,NA,4,1,1,3,1,6,NA,20,80,30,70,7,9,6,7,9,8,7,5,8,5,5,5,7,5,5,6,8,4,4,4,4,3,6,3,4,3,5,4,3,5,4,3,6,4,5,3,2,1,9,NA,9,2,3,NA,50,US national laboratories for energy and security,Post-graduate degree,Male,"More than $200,000",Metropolitan,White,No,Democrat,NA,I voted,Kamala Harris,West,Nevada,Male,65+,4-yr/post-graduate degree,White,West,Metropolitan,"> $50,000",Democrat,Kamala Harris,0.8211834898675506
R_7oN2PWkp178lGID,2025-03-20T22:02:08Z,2025-03-20T22:18:29Z,1,66,28,89521,8,10,10,10,6,"New, powerful, curious",4,Very curious what this is I’m assuming it is somewhat closely related to nuclear power,4,NA,4,0,NA,NA,NA,NA,NA,NA,NA,NA,NA,NA,NA,NA,NA,4,5,2,Maybe I just need to learn a little bit more about it or at least have some scientific knowledge that it is fairly safe,NA,NA,1,1,1,0,3,NA,4,60,40,70,30,10,9,9,8,5,4,4,3,8,7,7,8,7,2,6,7,7,5,4,4,4,4,6,4,4,4,5,4,4,4,4,1,4,4,4,3,2,0,NA,0,5,6,3,NA,50,US national laboratories for energy and security,High school graduate or GED,Male,"$100,000 to under $150,000",Metropolitan,White,No,Republican,NA,I voted,Donald Trump,West,Nevada,Male,65+,HS or less,White,West,Metropolitan,"> $50,000",Republican,Donald Trump,0.9123497084932136
R_1P6y3LlWzSk2OIZ,2025-03-21T20:10:59Z,2025-03-21T20:16:41Z,1,45,28,89074,8,9,8,9,9,Polution,1,Nothing,3,Either way,1,2,NA,NA,NA,NA,NA,NA,NA,NA,NA,NA,NA,NA,NA,4,3,4,NA,NA,It is something that will contribute in the future and will be very important for us,3,1,1,1,2,4,NA,99,1,100,0,7,6,6,5,7,6,6,6,7,7,7,7,6,5,6,7,7,6,4,3,5,4,5,3,5,4,6,4,3,4,4,5,4,5,5,5,3,0,NA,5,4,4,3,The first thing I thought about when reading this was that the only way that I could get a better understanding of the world was by reading the books,10,Lawrence Livermore National Laboratory,4-year or bachelor degree,Female,"$50,000 to under $75,000",Metropolitan,Mixed race,Yes,Other or none,Neither,I did not vote,NA,West,Nevada,Female,30-49,4-yr/post-graduate degree,Hispanic,West,Metropolitan,"> $50,000",Independent,3rd or didn't vote,2.0467580018018516
R_5ASBmd10tU8yMPr,2025-03-18T19:50:11Z,2025-03-18T20:20:20Z,1,53,40,29466,7,8,3,5,9,confusion,2,NA,NA,NA,NA,0,NA,NA,NA,NA,NA,NA,NA,NA,NA,NA,NA,NA,NA,4,4,4,NA,NA,i have no idea,3,0,1,4,5,NA,4,100,0,100,0,1,1,8,1,1,8,1,7,0,0,0,0,0,0,0,0,0,0,1,1,1,1,1,1,1,1,1,1,1,1,1,1,1,1,1,1,1,1,3,NA,2,3,2,no,10,US national laboratories for energy and security,4-year or bachelor degree,Female,"$100,000 to under $150,000",Metropolitan,Native American or American Indian,No,Republican,NA,I voted,Donald Trump,South,South Carolina,Female,50-64,4-yr/post-graduate degree,Other,South,Metropolitan,"> $50,000",Republican,Donald Trump,0.830310324689911
R_6tlEy7ubgHSmanW,2025-03-20T18:54:55Z,2025-03-20T19:08:46Z,1,60,28,89119,8,9,8,7,8,I have no idea,3,Fusion as in mixed,4,Confused,3,0,NA,NA,NA,NA,NA,NA,NA,NA,NA,NA,NA,NA,NA,5,5,5,NA,NA,"I’m not sure of the risks. Overall anything that helps us create clean energy is good, but yes I’m hesitant.",2,1,1,0,3,6,NA,75,25,50,50,9,9,8,9,8,7,7,8,6,6,8,5,7,9,7,6,7,6,3,4,4,4,4,3,3,4,5,6,4,4,4,4,6,5,4,5,2,1,9,NA,9,2,4,Interesting,10,Lawrence Livermore National Laboratory,4-year or bachelor degree,Female,"$75,000 to under $100,000",Metropolitan,White,No,Democrat,NA,I voted,Kamala Harris,West,Nevada,Female,50-64,4-yr/post-graduate degree,White,West,Metropolitan,"> $50,000",Democrat,Kamala Harris,0.6599748632983505
R_7SLGD8YOnYrcIq5,2025-03-19T22:07:23Z,2025-03-19T22:16:37Z,1,59,43,77090,2,10,10,6,1,Too manmafe,1,Scary,1,Expensive,1,0,NA,NA,NA,NA,NA,NA,NA,NA,NA,NA,NA,NA,NA,1,1,1,Do it on the rich. They have plenty of land and occasion for that.  Experiment on them!!!!!,NA,NA,6,0,0,0,4,NA,1,50,50,0,100,1,1,1,1,10,1,10,10,0,0,0,0,0,0,0,0,0,0,1,1,1,1,1,1,1,1,1,7,7,7,7,4,7,7,7,7,4,0,NA,4,4,2,0,NA,50,US national laboratories for energy and security,Post-graduate degree,Female,"$15,000 to under $50,000",Metropolitan,Black or African-American,No,Other or none,The Democratic Party,I did not vote,NA,South,Texas,Female,50-64,4-yr/post-graduate degree,Black,South,Metropolitan,"< $50,000",Independent,3rd or didn't vote,1.53641525192879
R_5Ma0JDU1Xfj1NZd,2025-03-19T03:18:04Z,2025-03-19T03:30:16Z,1,42,5,92703,10,10,10,10,6,Chemistry,4,Combination,3,Stamina,5,0,NA,NA,NA,NA,NA,NA,NA,NA,NA,NA,NA,NA,NA,3,4,2,I’m concerned what repercussions or long term health risks this would have on me. And my community. Is it radioactive or a pollutant or a hazardous waste that takes millions of years to go away?,NA,NA,3,1,0,0,2,NA,4,80,20,40,60,5,10,10,2,10,7,10,10,10,6,7,9,5,5,8,8,9,1,4,6,3,4,5,1,3,4,5,3,2,5,4,2,6,5,5,3,3,1,8,NA,10,4,2,I’m both intrigued of how this could the field of energy but scared at what would be at stake or the cost to humanity,50,US national laboratories for energy and security,4-year or bachelor degree,Female,"$100,000 to under $150,000",Metropolitan,White,Yes,Republican,NA,I voted,Donald Trump,West,California,Female,30-49,4-yr/post-graduate degree,Hispanic,West,Metropolitan,"> $50,000",Republican,Donald Trump,1.0035159617386777
R_3AMfqxzt5alhSTo,2025-03-23T08:12:43Z,2025-03-23T08:24:31Z,1,59,9,33312,10,10,10,10,8,Nothing,3,Nothing,3,Still nothing,3,0,NA,NA,NA,NA,NA,NA,NA,NA,NA,NA,NA,NA,NA,5,4,5,NA,NA,I really don't know what Frozen energy is so I can't say,1,1,1,0,2,NA,5,50,50,50,50,6,8,3,4,8,6,5,1,7,3,5,7,5,3,4,6,7,8,6,4,3,3,6,3,6,2,4,4,6,4,3,5,5,6,3,5,3,1,9,NA,5,2,7,I think cruising energy is a little dangerous,50,Lawrence Livermore National Laboratory,High school graduate or GED,Male,"$75,000 to under $100,000",Metropolitan,Black or African-American,No,Democrat,NA,I voted,Kamala Harris,South,Florida,Male,50-64,HS or less,Black,South,Metropolitan,"> $50,000",Democrat,Kamala Harris,0.5990952682127165
R_6K7FR8zgLVIOiLx,2025-03-19T03:23:46Z,2025-03-19T03:31:49Z,1,51,1,36701,8,8,8,10,7,What,3,Hiw,3,Why,3,0,NA,NA,NA,NA,NA,NA,NA,NA,NA,NA,NA,NA,NA,3,4,4,NA,NA,No,3,1,1,0,5,NA,3,25,75,50,50,5,5,5,5,5,5,5,7,8,5,5,5,5,5,5,5,5,5,3,3,3,3,3,3,3,3,3,3,3,3,3,3,3,3,3,3,4,1,6,NA,8,6,5,NA,50,US national laboratories for energy and security,2-year or associate degree,Female,"$50,000 to under $75,000",Non-metro,Black or African-American,No,Independent,Neither,I did not vote,NA,South,Alabama,Female,50-64,Some college/2-yr degree,Black,South,Non-metro,"> $50,000",Independent,3rd or didn't vote,1.5592893961305636
R_7NXvBBruaMiaaFZ,2025-03-21T18:20:25Z,2025-03-21T19:19:41Z,1,43,43,77450,3,8,8,8,3,pipedream,2,expencive,2,impractical,2,1,0,1,0,0,0,0,1,0,0,0,NA,4,2,1,3,4,NA,NA,I don't think we have the technology to make a economically viable fusion plant yet.  it would be a very expensive boondoggle.,5,0,1,3,1,NA,3,75,25,25,75,4,10,8,8,10,10,10,6,4,4,2,7,5,0,6,3,4,0,4,5,5,4,6,3,4,4,7,4,4,4,4,5,5,6,6,7,3,0,NA,6,3,5,1,NA,50,US national laboratories for energy and security,2-year or associate degree,Male,"$75,000 to under $100,000",Metropolitan,White,No,Independent,The Republican Party,I voted,Donald Trump,South,Texas,Male,30-49,Some college/2-yr degree,White,South,Metropolitan,"> $50,000",Independent,Donald Trump,0.6578868609456703
R_3fpC4WyE6nWkrPH,2025-03-19T19:51:02Z,2025-03-19T20:05:35Z,1,56,5,92104,8,9,10,10,10,cells,4,carbon,3,hydrogen,4,1,1,1,0,0,0,0,0,0,0,0,NA,2,2,7,6,4,NA,NA,i would want to know if there are any safety risks,3,1,1,0,1,7,NA,60,40,60,40,10,10,10,10,8,5,1,9,9,0,0,5,10,9,0,0,10,9,1,1,4,4,4,1,1,4,4,1,1,4,4,4,1,1,4,4,2,1,10,NA,10,1,0,i answered all questions about government agencies based on the current corrupt government under Rump,10,US national laboratories for energy and security,Post-graduate degree,Female,"$15,000 to under $50,000",Metropolitan,White,No,Democrat,NA,I voted,Kamala Harris,West,California,Female,50-64,4-yr/post-graduate degree,White,West,Metropolitan,"< $50,000",Democrat,Kamala Harris,0.5932465202432844
R_5FD3kAF37MjeiS5,2025-03-21T16:36:32Z,2025-03-21T16:54:00Z,1,49,6,80302,3,5,4,6,4,Modern,4,Essential,5,Future,4,1,0,1,0,1,0,0,1,0,0,0,NA,7,3,6,6,6,NA,I think that it is the future and would keep everyone's energy costs down. They build nuclear power plant right on fault lines without thinking about it. This would be safer.,NA,3,1,1,1,1,6,NA,25,75,60,40,9,9,9,9,1,2,3,2,7,9,0,7,10,0,8,5,8,0,4,6,4,4,6,3,3,2,6,5,2,4,5,1,2,4,5,2,1,0,NA,3,2,6,4,"We are going to run out of fossil fuels, wind and hydro supplies can't sustain enough for an overpopulated world, so we need to open our minds to other ideas.",10,Lawrence Livermore National Laboratory,"Some college, no degree",Male,"$15,000 to under $50,000",Metropolitan,White,No,Independent,Neither,I was not registered to vote,NA,West,Colorado,Male,30-49,Some college/2-yr degree,White,West,Metropolitan,"< $50,000",Independent,3rd or didn't vote,1.4643550942804144
R_5GUfWDmRyfQnHy1,2025-03-20T14:13:23Z,2025-03-20T14:21:13Z,1,74,38,17033,4,6,7,6,4,Nuclear,3,Energy,4,Production,3,1,1,0,0,1,0,0,0,0,0,0,NA,5,2,4,5,4,NA,NA,All of the dangers are as yet unknown,4,1,1,1,2,7,NA,80,20,50,50,6,6,6,6,6,6,6,6,4,6,5,6,6,6,6,6,6,5,4,4,4,4,4,4,4,4,4,4,5,5,5,4,4,5,5,4,3,1,8,NA,8,2,4,No,50,Lawrence Livermore National Laboratory,4-year or bachelor degree,Male,"$50,000 to under $75,000",Metropolitan,White,No,Independent,The Democratic Party,I voted,Kamala Harris,Northeast,Pennsylvania,Male,65+,4-yr/post-graduate degree,White,Northeast,Metropolitan,"> $50,000",Independent,Kamala Harris,0.72959363260592
R_7mLv6ICjOkE8JBD,2025-03-19T00:28:38Z,2025-03-19T02:23:00Z,1,30,1,35405,10,10,10,10,10,Confuse,2,Strength,2,Fuss,2,1,1,0,1,0,0,1,0,0,0,0,NA,10,2,4,7,7,NA,Give give the energy that people blocked the energy in the boby,NA,3,1,0,2,1,NA,4,50,50,50,50,1,9,10,1,1,10,10,1,10,10,10,0,10,10,10,10,10,10,4,4,7,7,7,7,7,7,4,7,4,2,4,4,4,7,4,7,1,1,10,NA,0,4,10,No,50,Lawrence Livermore National Laboratory,High school graduate or GED,Male,"Less than $15,000",Metropolitan,Native American or American Indian,Yes,Democrat,NA,I voted,Kamala Harris,South,Alabama,Male,30-49,HS or less,Hispanic,South,Metropolitan,"< $50,000",Democrat,Kamala Harris,0.6415519419662371
R_3izPOQj6Iu4efdv,2025-03-19T21:47:18Z,2025-03-19T21:59:26Z,1,62,34,58075,5,0,0,0,0,High cost,3,Pollution,2,Unhappy,3,0,NA,NA,NA,NA,NA,NA,NA,NA,NA,NA,NA,NA,NA,2,4,2,The risk and the cost would be a huge deal,NA,NA,6,0,0,0,5,NA,5,20,80,50,50,9,8,8,6,8,9,10,10,4,2,5,5,5,1,7,5,5,0,3,3,2,2,3,2,2,2,1,5,5,5,5,5,5,6,6,7,3,0,NA,5,4,4,0,NA,10,US national laboratories for energy and security,High school graduate or GED,Male,"$50,000 to under $75,000",Non-metro,White,No,Republican,NA,I voted,Donald Trump,Midwest,North Dakota,Male,50-64,HS or less,White,Midwest,Non-metro,"> $50,000",Republican,Donald Trump,0.8411405337585277
R_5d0saelrZddpDV0,2025-03-19T16:31:52Z,2025-03-19T16:53:10Z,1,49,43,75227,10,10,10,10,10,Cheaper energy,4,NA,4,NA,4,1,1,0,0,0,0,0,0,0,0,0,NA,4,2,3,3,4,NA,NA,No thoughts,3,1,1,0,3,3,NA,40,60,60,40,7,6,7,7,9,7,8,8,10,8,7,9,7,8,8,8,8,9,5,5,5,4,3,4,5,5,5,3,5,5,5,3,5,5,5,5,3,0,NA,7,6,4,0,Nothing,10,US national laboratories for energy and security,High school graduate or GED,Male,"$50,000 to under $75,000",Metropolitan,White,Yes,Republican,NA,I voted,Donald Trump,South,Texas,Male,30-49,HS or less,Hispanic,South,Metropolitan,"> $50,000",Republican,Donald Trump,0.9065290775715159
R_1OPEfQnkGhKswvf,2025-03-18T23:14:53Z,2025-03-18T23:28:18Z,1,69,22,48036,10,9,10,8,6,Nuclear,3,Radioactive,2,Clean,5,2,NA,NA,NA,NA,NA,NA,NA,NA,NA,NA,NA,NA,NA,3,4,1,Too new to know if there are any dangers,NA,NA,4,1,1,0,5,NA,4,70,30,10,90,5,10,7,1,10,10,10,5,8,5,5,5,8,1,5,5,8,3,5,5,5,5,2,6,5,4,2,6,6,6,6,2,6,6,4,2,2,1,2,NA,7,5,0,I don’t know enough to answer most of these questions,50,US national laboratories for energy and security,4-year or bachelor degree,Male,"$75,000 to under $100,000",Metropolitan,White,No,Independent,Neither,I voted,Someone else,Midwest,Michigan,Male,65+,4-yr/post-graduate degree,White,Midwest,Metropolitan,"> $50,000",Independent,3rd or didn't vote,2.3692565418851634
R_7im6SKms4GYE1hL,2025-03-19T18:44:04Z,2025-03-19T19:04:31Z,1,31,22,48170,2,3,6,4,10,Clean,5,Sci-fi,5,Sun,3,1,0,1,1,0,1,1,0,1,0,1,"Books, college courses, games",3,2,5,7,4,NA,NA,"I don't have any feelings one way or another as long as the trial is sufficiently safe (not extremely early stage) and doesn't impact traffic, local environment (flora/fauna), or is a general eyesore.",4,1,1,1,3,6,NA,25,75,30,70,10,10,10,7,3,7,4,6,0,8,6,5,7,7,3,6,9,4,4,5,4,4,2,1,5,4,7,4,2,4,4,5,7,3,4,2,2,1,10,NA,10,1,2,Can't wait for it to be ready for prime time !,50,Lawrence Livermore National Laboratory,Post-graduate degree,Male,"More than $200,000",Metropolitan,White,Yes,Democrat,NA,I voted,Kamala Harris,Midwest,Michigan,Male,30-49,4-yr/post-graduate degree,Hispanic,Midwest,Metropolitan,"> $50,000",Democrat,Kamala Harris,0.9134191659079035
R_3fGwy9r8ocpgLCh,2025-03-20T23:25:49Z,2025-03-20T23:32:33Z,1,52,13,60626,10,5,7,10,10,scary,2,futuristic,3,science,5,2,NA,NA,NA,NA,NA,NA,NA,NA,NA,NA,NA,NA,NA,3,3,1,3 mile island; I don't need some explosion accident or nuclear waste,NA,NA,4,0,0,0,1,3,NA,80,20,25,75,8,7,8,7,3,6,2,1,4,10,10,10,10,10,6,10,10,6,4,4,4,4,5,3,3,4,5,4,4,4,4,3,5,4,4,3,4,1,9,NA,10,3,3,NA,10,Lawrence Livermore National Laboratory,Post-graduate degree,Male,"$100,000 to under $150,000",Metropolitan,White,Yes,Democrat,NA,I voted,Kamala Harris,Midwest,Illinois,Male,50-64,4-yr/post-graduate degree,Hispanic,Midwest,Metropolitan,"> $50,000",Democrat,Kamala Harris,0.914955335770507
R_7jQbw3FGjVkg9oZ,2025-03-20T12:17:26Z,2025-03-20T12:26:57Z,1,27,13,60660,6,6,10,10,8,nuclear,4,power,4,radioactive,3,1,0,0,0,0,0,0,0,1,0,0,NA,2,3,7,6,3,NA,NA,I worry there are risks to living within close proximity of a fusion plant.,3,1,1,0,3,NA,6,70,30,60,40,10,10,6,6,10,7,10,10,5,7,7,6,10,8,5,7,10,8,4,4,4,4,6,2,4,4,4,4,4,4,4,2,6,4,4,4,2,1,10,NA,8,2,5,no comments,10,US national laboratories for energy and security,4-year or bachelor degree,Male,"$50,000 to under $75,000",Metropolitan,Black or African-American,No,Democrat,NA,I voted,Kamala Harris,Midwest,Illinois,Male,18-29,4-yr/post-graduate degree,Black,Midwest,Metropolitan,"> $50,000",Democrat,Kamala Harris,0.8681310985956111
R_6V2cSrmJ1rqepcW,2025-03-18T19:38:31Z,2025-03-18T19:57:04Z,1,71,9,33469,10,10,10,10,10,Nuclear,2,Warhead,1,War,1,2,NA,NA,NA,NA,NA,NA,NA,NA,NA,NA,NA,NA,NA,2,6,4,NA,NA,I wonder if having the plant within 50 miles of my home would bring down property values.,3,1,1,0,2,5,NA,50,50,40,60,7,8,8,9,7,5,6,8,8,7,8,1,6,5,8,8,7,5,4,4,2,4,5,3,4,4,5,4,4,2,4,6,4,4,4,5,2,1,6,NA,8,2,3,NA,50,Lawrence Livermore National Laboratory,Post-graduate degree,Female,"$75,000 to under $100,000",Metropolitan,White,No,Democrat,NA,I voted,Kamala Harris,South,Florida,Female,65+,4-yr/post-graduate degree,White,South,Metropolitan,"> $50,000",Democrat,Kamala Harris,0.7869933071620695
R_7KVfGbwXhwnIbBs,2025-03-20T13:24:23Z,2025-03-20T15:27:44Z,1,52,22,48910,7,8,8,6,8,energy,4,Future,2,Expensive,1,1,0,0,0,0,0,0,0,1,0,0,NA,3,2,4,6,5,NA,NA,It’s not proven to be safe so asking if I want my house sitting next to plant right now gives me mixed feelings.,5,0,1,2,3,NA,5,90,10,50,50,6,7,6,7,1,3,3,3,7,4,7,6,7,6,5,6,8,2,5,5,4,4,5,2,2,4,7,2,5,4,4,3,6,3,4,1,4,1,8,NA,8,2,3,NA,50,Lawrence Livermore National Laboratory,4-year or bachelor degree,Female,"$15,000 to under $50,000",Metropolitan,White,No,Democrat,NA,I voted,Kamala Harris,Midwest,Michigan,Female,50-64,4-yr/post-graduate degree,White,Midwest,Metropolitan,"< $50,000",Democrat,Kamala Harris,0.6607043204059588
R_6fjM431l1K4slna,2025-03-19T02:59:54Z,2025-03-19T03:31:18Z,1,60,22,49203,8,8,9,9,8,Star trec,5,We need energy to make electricity,5,Costly,3,1,1,0,0,1,0,0,0,1,0,0,NA,3,2,3,5,5,NA,NA,"I am for r/d, I want it to be something that makes the electric bill come down, not just something new. We the small people always pay the most, but others get the benifits!",3,1,1,3,1,NA,5,60,40,30,70,5,6,5,7,3,8,8,7,1,3,3,3,4,6,1,4,4,6,5,4,2,1,7,1,4,1,6,5,2,5,5,5,2,3,6,7,5,1,9,NA,10,4,1,"My power company should not be trusted with the technology! They can't keep the wires in this city maintained,  they do not spend the profits on technology,  they have a monopoly,  granted by the govt, they screw we the people at every chance!",10,Lawrence Livermore National Laboratory,2-year or associate degree,Male,"$50,000 to under $75,000",Metropolitan,White,No,Independent,The Republican Party,I voted,Kamala Harris,Midwest,Michigan,Male,50-64,Some college/2-yr degree,White,Midwest,Metropolitan,"> $50,000",Independent,Kamala Harris,0.6248445238306978
R_5Ej2b65adsG5F4h,2025-03-19T16:14:54Z,2025-03-19T16:20:14Z,1,46,18,70526,3,5,6,4,5,None,4,Clean,4,Sweat,4,0,NA,NA,NA,NA,NA,NA,NA,NA,NA,NA,NA,NA,NA,4,3,3,NA,NA,No comment,4,0,0,2,2,NA,5,50,50,60,40,5,5,5,8,4,6,6,6,5,8,4,6,7,5,7,4,6,5,6,6,2,4,6,6,6,2,4,5,7,2,4,5,2,4,4,6,3,1,6,NA,7,3,6,No comment,10,Lawrence Livermore National Laboratory,"Some college, no degree",Female,"$75,000 to under $100,000",Metropolitan,White,No,Republican,NA,I voted,Donald Trump,South,Louisiana,Female,30-49,Some college/2-yr degree,White,South,Metropolitan,"> $50,000",Republican,Donald Trump,0.7654683088900468
R_7xVJT6OmSCCM4bU,2025-03-19T16:33:30Z,2025-03-19T16:40:23Z,1,47,32,10703,8,7,7,8,7,Expensive,2,Renewed,3,Usa,4,0,NA,NA,NA,NA,NA,NA,NA,NA,NA,NA,NA,NA,NA,4,3,2,I don’t want a plant anywhere near my home,NA,NA,2,0,0,0,1,3,NA,50,50,30,70,5,5,4,4,4,3,3,3,3,4,4,3,3,4,5,3,4,4,3,3,3,3,3,3,4,3,3,3,3,2,3,4,4,4,2,4,3,1,7,NA,7,6,5,NA,10,US national laboratories for energy and security,High school graduate or GED,Female,"$75,000 to under $100,000",Metropolitan,White,No,Republican,NA,I voted,Donald Trump,Northeast,New York,Female,30-49,HS or less,White,Northeast,Metropolitan,"> $50,000",Republican,Donald Trump,0.730176739418817
R_60T2u5LfFO1SzRU,2025-03-21T12:07:13Z,2025-03-21T12:21:11Z,1,65,32,10021,7,9,5,9,2,Energy basic,5,Needed,5,Absolutely,5,1,1,1,0,0,0,0,0,0,0,0,NA,2,3,6,6,5,NA,NA,"Feel positive, still coming to grips with it as I am not that knowledgeable",1,1,1,0,3,NA,4,50,50,50,50,7,7,7,7,4,5,5,2,5,5,5,5,5,3,5,5,7,5,5,5,5,5,5,5,5,5,5,4,3,5,5,5,5,5,4,3,1,1,2,NA,5,4,3,Just learning at this time,10,US national laboratories for energy and security,Post-graduate degree,Male,"More than $200,000",Metropolitan,White,No,Republican,NA,I voted,Donald Trump,Northeast,New York,Male,65+,4-yr/post-graduate degree,White,Northeast,Metropolitan,"> $50,000",Republican,Donald Trump,1.0404163630175447
R_7ln7Xv1PuuRmfNR,2025-03-23T21:12:32Z,2025-03-23T21:18:19Z,1,47,5,90027,7,7,8,8,8,Fast,4,Powerful,4,Wuicky,4,0,NA,NA,NA,NA,NA,NA,NA,NA,NA,NA,NA,NA,NA,6,6,6,NA,It just sounds positive form reading about it,NA,2,0,0,0,3,5,NA,20,80,60,40,8,9,8,9,6,7,5,7,8,5,7,7,7,7,6,6,8,5,4,5,5,5,5,5,5,5,3,4,4,4,5,4,4,4,5,3,2,1,5,NA,5,1,5,Nope it’s interesting,50,Lawrence Livermore National Laboratory,"Some college, no degree",Male,"$50,000 to under $75,000",Metropolitan,White,No,Democrat,NA,I voted,Kamala Harris,West,California,Male,30-49,Some college/2-yr degree,White,West,Metropolitan,"> $50,000",Democrat,Kamala Harris,0.6288378375311372
R_1HAoo2qi7of1paH,2025-03-19T16:35:18Z,2025-03-19T16:39:22Z,1,31,40,29073,6,3,7,7,7,Science,3,Electricity,3,Power on,4,0,NA,NA,NA,NA,NA,NA,NA,NA,NA,NA,NA,NA,NA,4,4,3,NA,NA,I need to know more information,3,1,1,0,5,NA,5,0,100,0,100,6,5,4,4,4,6,6,4,4,6,5,5,3,5,5,4,5,5,4,4,4,4,4,4,4,3,4,3,3,3,4,4,3,4,4,3,2,1,2,NA,3,7,1,I don’t know,50,US national laboratories for energy and security,High school graduate or GED,Male,"Less than $15,000",Metropolitan,White,No,Republican,NA,I voted,Donald Trump,South,South Carolina,Male,30-49,HS or less,White,South,Metropolitan,"< $50,000",Republican,Donald Trump,0.679548720985979
R_5PA1Ra1JCzvAgNK,2025-03-19T01:48:33Z,2025-03-19T01:54:46Z,1,28,35,44706,8,7,8,7,6,Merging,4,Efficient,4,Save,1,2,NA,NA,NA,NA,NA,NA,NA,NA,NA,NA,NA,NA,NA,5,5,5,NA,NA,The benefits out way the downfall,3,1,1,0,3,NA,6,20,80,50,50,7,2,6,8,6,6,8,7,6,8,7,7,7,7,7,8,7,6,4,5,6,3,6,2,5,5,5,4,2,3,6,6,4,5,5,5,3,0,NA,5,5,4,7,Seems reliable,10,Lawrence Livermore National Laboratory,Some high school or less,Female,"Less than $15,000",Metropolitan,Some other race,Yes,Independent,Neither,I did not vote,NA,Midwest,Ohio,Female,18-29,HS or less,Hispanic,Midwest,Metropolitan,"< $50,000",Independent,3rd or didn't vote,2.032744316442113
R_5qafUtTZQyAWtwX,2025-03-19T19:53:39Z,2025-03-19T20:11:08Z,1,38,12,83350,6,7,9,5,8,Nuclear,4,Energy,4,Power,3,1,0,0,1,0,0,0,0,1,0,0,NA,7,1,4,6,6,NA,"If it works, it could provide affordable energy. Quite honestly in this economy we need all the help we can get.",NA,4,1,1,1,3,5,NA,30,70,30,70,9,9,9,9,4,9,6,2,0,9,6,7,9,6,6,7,9,0,4,5,4,4,5,2,3,4,7,4,3,4,4,3,6,4,4,1,2,0,NA,0,9,1,0,My views are positive because I watched a lot of documentaries about nuclear energy and I feel like I have a grasp of the risks VS benefits. Safety nowadays is much better than it was in the past so I have confidence if they could get it working efficiently it would be a great benefit to society.,10,Lawrence Livermore National Laboratory,"Some college, no degree",Other,"$50,000 to under $75,000",Non-metro,White,Yes,Independent,The Democratic Party,I voted,Kamala Harris,West,Idaho,Female,30-49,Some college/2-yr degree,Hispanic,West,Non-metro,"> $50,000",Independent,Kamala Harris,0.6419837960703259
R_7dKD8b7fInlfmyY,2025-03-19T20:13:42Z,2025-03-19T20:22:52Z,1,71,36,73045,10,8,8,10,4,artificial,2,solar,3,future,2,0,NA,NA,NA,NA,NA,NA,NA,NA,NA,NA,NA,NA,NA,1,1,1,I like our current oil and gas programs for energy,NA,NA,1,1,0,0,4,NA,1,100,0,0,100,1,1,1,1,1,5,1,1,0,5,5,5,5,0,3,5,5,5,4,4,4,4,4,1,4,2,4,4,4,4,4,7,7,4,7,4,4,0,NA,7,2,6,5,I know about nothing about it.,50,Lawrence Livermore National Laboratory,"Some college, no degree",Female,"$50,000 to under $75,000",Metropolitan,White,No,Republican,NA,I voted,Donald Trump,South,Oklahoma,Female,65+,Some college/2-yr degree,White,South,Metropolitan,"> $50,000",Republican,Donald Trump,0.9190480034582941
R_1hMCmkiMQEj4YIA,2025-03-18T19:30:06Z,2025-03-18T19:52:43Z,1,52,17,42718,10,10,7,7,5,"Nuclear,",4,Innovative,4,Cheap,5,1,0,1,1,0,0,0,1,0,0,0,NA,4,3,4,5,4,NA,NA,Nuclear accidents are catastrophic,5,1,1,1,1,NA,5,75,25,90,10,6,7,6,8,6,6,4,7,8,5,6,6,8,7,6,8,5,7,3,4,5,4,5,3,4,4,5,5,5,4,5,3,5,4,4,4,2,1,6,NA,6,5,5,Overall I believe the gains outway the risk,50,US national laboratories for energy and security,High school graduate or GED,Male,"$75,000 to under $100,000",Non-metro,White,No,Republican,NA,I voted,Donald Trump,South,Kentucky,Male,50-64,HS or less,White,South,Non-metro,"> $50,000",Republican,Donald Trump,0.7513789987222337
R_7V21a9KuUJ1gnKx,2025-03-19T00:41:31Z,2025-03-19T00:57:54Z,1,52,36,73109,6,7,8,8,6,Innovative,4,Confusing,3,New,4,2,NA,NA,NA,NA,NA,NA,NA,NA,NA,NA,NA,NA,NA,5,5,5,NA,NA,Would just want to be sure that they've worked any kinks out..very powerful and could cause a lot of harm if not,2,1,1,0,2,NA,6,70,30,75,25,9,9,9,9,4,6,8,8,9,8,2,6,6,3,8,8,6,1,4,4,4,4,4,5,4,4,4,5,5,4,4,2,6,4,5,5,2,1,1,NA,4,6,4,Excited,10,Lawrence Livermore National Laboratory,2-year or associate degree,Female,"$15,000 to under $50,000",Metropolitan,White,No,Republican,NA,I did not vote,NA,South,Oklahoma,Female,50-64,Some college/2-yr degree,White,South,Metropolitan,"< $50,000",Republican,3rd or didn't vote,1.6979098062049156
R_5mwQWoVtC2cBVAX,2025-03-18T19:35:17Z,2025-03-18T19:56:13Z,1,59,5,92346,10,9,9,9,9,Powerful,4,Abundance,4,Sustainable,4,1,0,0,0,1,1,0,0,1,0,0,NA,4,2,3,4,4,NA,NA,Would have to be sure if the safety of the community by given transparent information by the building company,2,1,1,2,2,NA,4,70,30,30,70,7,7,6,8,7,4,7,8,7,8,8,7,8,6,7,8,8,3,4,4,4,4,6,3,4,4,5,4,4,4,4,3,4,4,4,3,2,1,8,NA,8,6,4,If done right it can provide affordable and sustainable energy for all,10,US national laboratories for energy and security,4-year or bachelor degree,Male,"$75,000 to under $100,000",Metropolitan,White,Yes,Democrat,NA,I voted,Kamala Harris,West,California,Male,50-64,4-yr/post-graduate degree,Hispanic,West,Metropolitan,"> $50,000",Democrat,Kamala Harris,0.8215385496349839
R_5yZH41SfaqGWWgV,2025-03-20T00:36:56Z,2025-03-20T00:55:59Z,1,27,25,65689,0,4,3,8,5,Fusion,3,Energy,3,Power,3,0,NA,NA,NA,NA,NA,NA,NA,NA,NA,NA,NA,NA,NA,4,4,4,NA,NA,I have no specific opinion or thoughts about the matter,5,0,0,4,5,NA,4,50,50,50,50,5,5,5,5,5,5,5,5,5,5,5,5,5,5,6,5,5,5,4,4,4,4,4,4,4,4,4,4,3,5,3,6,1,4,4,4,3,0,NA,0,4,4,0,Have no major opinions or thoughts and feelings about it honestly,50,Lawrence Livermore National Laboratory,High school graduate or GED,Male,"$15,000 to under $50,000",Non-metro,White,No,Independent,The Republican Party,I did not vote,NA,Midwest,Missouri,Male,18-29,HS or less,White,Midwest,Non-metro,"< $50,000",Independent,3rd or didn't vote,1.7460710125291374
R_11hHGAKJyF8dyUn,2025-03-20T18:42:41Z,2025-03-20T18:51:11Z,1,65,43,79912,8,6,10,10,8,Nuclear,1,Danger,1,Wipeout,1,1,0,0,0,0,0,0,0,0,1,0,NA,3,2,1,1,1,I would need to educate myself on the subject before supporting or considering it further,NA,NA,3,1,0,0,4,NA,1,100,0,0,100,1,1,1,1,10,10,10,10,0,0,0,0,0,0,0,0,0,0,1,1,1,1,7,1,1,1,1,7,7,7,7,1,7,7,7,1,4,1,10,NA,10,1,0,I need to educate myself on the topic,50,US national laboratories for energy and security,4-year or bachelor degree,Male,"$15,000 to under $50,000",Metropolitan,White,Yes,Democrat,NA,I voted,Kamala Harris,South,Texas,Male,65+,4-yr/post-graduate degree,Hispanic,South,Metropolitan,"< $50,000",Democrat,Kamala Harris,0.880601449516035
R_6riQPcAauGFrTfr,2025-03-19T04:48:50Z,2025-03-19T05:03:18Z,1,40,43,77901,7,7,7,8,7,Nuclear,4,Efficiency,4,Waste,3,1,0,0,0,1,0,0,0,0,0,0,NA,2,1,6,5,5,NA,NA,I wouldn't have a problem with it being at least 40 miles away.,1,1,1,0,3,6,NA,40,60,55,45,6,7,7,6,6,5,4,6,7,5,8,8,7,6,7,8,7,5,5,5,3,4,5,5,3,2,5,3,4,4,3,5,5,3,4,5,2,1,8,NA,7,5,7,The future of fusion energy seems to be promising dependant on our ability to harness it properly and reduce waste.,50,Lawrence Livermore National Laboratory,High school graduate or GED,Male,"$50,000 to under $75,000",Metropolitan,Mixed race,No,Republican,NA,I voted,Donald Trump,South,Texas,Male,30-49,HS or less,Other,South,Metropolitan,"> $50,000",Republican,Donald Trump,0.7526718620908043
R_7PHbQXkFnwBeTiV,2025-03-20T05:54:34Z,2025-03-20T06:07:06Z,1,31,33,27107,6,7,8,8,5,Entanglement,3,Costly,2,Unessecary,2,0,NA,NA,NA,NA,NA,NA,NA,NA,NA,NA,NA,NA,NA,4,3,5,NA,NA,Fusion energy sounds a lot like solar energy I'm confused on where the term fusion and solar is different,1,1,1,0,1,NA,4,50,50,30,70,6,3,4,5,4,7,6,6,5,4,7,6,4,5,5,6,3,3,3,4,4,5,4,3,3,2,4,4,5,3,4,3,4,4,2,7,3,1,3,NA,8,4,6,NA,50,Lawrence Livermore National Laboratory,High school graduate or GED,Female,"Less than $15,000",Metropolitan,White,No,Republican,NA,I did not vote,NA,South,North Carolina,Female,30-49,HS or less,White,South,Metropolitan,"< $50,000",Republican,3rd or didn't vote,1.6126451468357414
R_3YIDNjTd4sltrQB,2025-03-18T22:18:52Z,2025-03-18T22:23:53Z,1,36,32,11590,7,5,9,7,10,What is that,3,Energy,3,Good or bad,3,0,NA,NA,NA,NA,NA,NA,NA,NA,NA,NA,NA,NA,NA,4,7,4,NA,NA,Yes even thought it is a good energy we dont know the future,4,0,0,4,5,NA,4,50,50,30,70,7,9,7,7,6,8,8,10,4,9,8,8,5,7,7,10,8,9,3,6,3,5,5,3,6,2,7,4,4,4,6,6,7,4,4,2,4,1,9,NA,7,5,7,Not at all,50,Lawrence Livermore National Laboratory,4-year or bachelor degree,Female,"$100,000 to under $150,000",Metropolitan,Asian or Asian-American,No,Democrat,NA,I voted,Donald Trump,Northeast,New York,Female,30-49,4-yr/post-graduate degree,Other,Northeast,Metropolitan,"> $50,000",Democrat,Donald Trump,0.7725352057204641
R_32g4NmlMxgK7OUg,2025-03-21T23:19:16Z,2025-03-21T23:29:07Z,1,24,1,36203,10,10,10,10,10,"Expense,Quantity,Usage",3,NA,3,NA,3,2,NA,NA,NA,NA,NA,NA,NA,NA,NA,NA,NA,NA,NA,4,5,5,NA,NA,N/A,2,1,1,0,3,4,NA,50,50,90,10,5,5,5,5,5,5,5,5,5,9,6,9,5,8,6,7,6,7,4,4,4,4,4,5,4,4,3,4,5,4,7,6,4,5,4,4,2,0,NA,5,5,4,5,It’s the future,50,Lawrence Livermore National Laboratory,High school graduate or GED,Male,"$15,000 to under $50,000",Metropolitan,Some other race,Yes,Democrat,NA,I did not vote,NA,South,Alabama,Male,18-29,HS or less,Hispanic,South,Metropolitan,"< $50,000",Democrat,3rd or didn't vote,2.1162807075109744
R_6B2kR7EHhQgSWtj,2025-03-19T22:04:47Z,2025-03-19T22:14:31Z,1,20,20,21075,10,10,9,10,10,Electricity,4,Danger,2,People,3,0,NA,NA,NA,NA,NA,NA,NA,NA,NA,NA,NA,NA,NA,4,5,4,NA,NA,I think that it can be good but at the same time bad,3,1,1,0,3,NA,5,50,50,70,30,10,8,8,9,10,10,9,8,10,8,8,10,5,6,10,6,8,5,7,7,4,4,4,4,6,4,1,4,4,4,4,4,6,7,4,3,2,1,10,NA,7,6,5,I think is going to be a good thing for the world,50,US national laboratories for energy and security,High school graduate or GED,Male,"$50,000 to under $75,000",Metropolitan,Mixed race,Yes,Other or none,Neither,I did not vote,NA,South,Maryland,Male,18-29,HS or less,Hispanic,South,Metropolitan,"> $50,000",Independent,3rd or didn't vote,2.096993330066082
R_1o7aMujcZN6dGEx,2025-03-21T18:48:05Z,2025-03-21T18:56:42Z,1,49,30,08901,10,5,8,10,5,Collective energy usage,5,Effective solutions powerful,5,How to equate,5,1,0,0,0,1,1,0,0,1,0,0,NA,8,1,7,7,7,NA,"The power that can reflect better usage of power, energy and resources that benefit the community in whole",NA,2,1,1,3,1,NA,7,50,50,70,30,10,10,10,10,10,10,10,10,10,7,10,10,9,10,10,10,10,8,4,4,4,4,4,4,5,4,4,4,4,4,4,4,4,5,4,4,1,1,10,NA,10,6,7,It would be definitely amazing for this process to come to fusion definitely a great advantage,10,Lawrence Livermore National Laboratory,High school graduate or GED,Male,"$50,000 to under $75,000",Metropolitan,Black or African-American,No,Republican,NA,I voted,Donald Trump,Northeast,New Jersey,Male,30-49,HS or less,Black,Northeast,Metropolitan,"> $50,000",Republican,Donald Trump,0.7616766503768306
R_7n00m95dZzZDE89,2025-03-20T08:52:57Z,2025-03-20T09:06:37Z,1,50,22,48075,5,6,8,6,7,Nuclear,2,Combining,3,New,4,0,NA,NA,NA,NA,NA,NA,NA,NA,NA,NA,NA,NA,NA,5,5,3,NA,NA,"I live in a city. 10 miles around is all built up, or Detroit",3,1,1,0,2,NA,4,80,20,20,80,8,8,8,7,8,4,9,7,2,7,7,4,5,4,5,4,6,1,4,4,3,4,5,2,4,4,6,4,3,3,4,3,5,5,5,5,4,1,8,NA,8,5,3,I'm intrigued to learn more and have never heard of one of the teams you questioned about,10,Lawrence Livermore National Laboratory,4-year or bachelor degree,Female,"$100,000 to under $150,000",Metropolitan,White,No,Republican,NA,I voted,Kamala Harris,Midwest,Michigan,Female,50-64,4-yr/post-graduate degree,White,Midwest,Metropolitan,"> $50,000",Republican,Kamala Harris,0.7907487847667745
R_5EXdWFSWlAXB2O5,2025-03-19T17:39:58Z,2025-03-19T17:43:57Z,1,48,16,67010,5,4,3,5,4,I don't know,3,NA,3,NA,3,0,NA,NA,NA,NA,NA,NA,NA,NA,NA,NA,NA,NA,NA,4,4,4,NA,NA,I don't know what it is,6,0,0,0,3,NA,4,100,0,100,0,3,3,5,6,7,5,3,6,5,4,4,1,4,5,2,2,5,4,3,5,4,5,3,4,2,5,2,3,3,2,2,4,3,4,4,3,3,0,NA,5,5,3,4,No,10,US national laboratories for energy and security,Some high school or less,Female,"Less than $15,000",Metropolitan,White,No,Other or none,Neither,I did not vote,NA,Midwest,Kansas,Female,30-49,HS or less,White,Midwest,Metropolitan,"< $50,000",Independent,3rd or didn't vote,1.494654153186571
R_3hhC7ObY06G2G7m,2025-03-22T13:15:59Z,2025-03-22T13:22:53Z,1,26,9,32348,5,8,8,5,5,Electrical,3,Power,4,Generated,4,0,NA,NA,NA,NA,NA,NA,NA,NA,NA,NA,NA,NA,NA,5,5,5,NA,NA,I don't fully understand the risks but it,3,1,1,0,3,4,NA,30,70,60,40,7,9,8,8,9,9,7,7,7,5,5,1,5,3,3,5,5,3,4,5,3,4,5,2,4,4,6,4,3,4,4,3,5,4,5,6,2,1,5,NA,4,4,6,No thank you,10,Lawrence Livermore National Laboratory,High school graduate or GED,Female,"Less than $15,000",Non-metro,White,No,Independent,The Republican Party,I did not vote,NA,South,Florida,Female,18-29,HS or less,White,South,Non-metro,"< $50,000",Independent,3rd or didn't vote,1.5025218109978542
R_39mNeXWMjOuz3Ne,2025-03-23T15:32:09Z,2025-03-23T16:32:29Z,1,37,1,35020,8,6,8,8,7,Infinite energy,4,Clean energy source,5,Environmentally friendly energy source,4,1,0,0,0,0,0,1,0,1,0,1,Back in High School,5,3,7,7,5,NA,NA,"I don't have any problems, personally, with hosting a facility nearby where my city is located. It's more that I have a hard time seeing/imagining the other people that reside in my city being okay with it...no matter what the benefits would be.",4,1,1,3,1,6,NA,30,70,50,50,9,8,9,7,4,4,5,4,8,6,7,8,8,8,9,9,10,1,4,4,4,4,4,4,4,4,6,4,4,4,4,4,4,4,4,1,4,1,7,NA,10,4,3,No thank you.,50,US national laboratories for energy and security,High school graduate or GED,Female,"$15,000 to under $50,000",Metropolitan,White,No,Other or none,The Republican Party,I did not vote,NA,South,Alabama,Female,30-49,HS or less,White,South,Metropolitan,"< $50,000",Independent,3rd or didn't vote,1.3351535159518975
R_163MRnEDYcfudyx,2025-03-19T13:35:50Z,2025-03-19T13:53:37Z,1,61,35,44060,6,7,7,5,6,Intense engery,4,Raditation,2,But it's safe,3,0,NA,NA,NA,NA,NA,NA,NA,NA,NA,NA,NA,NA,NA,3,4,2,I don't think it would be safe around children and pregnant women,NA,NA,2,1,1,0,5,NA,7,50,50,50,50,6,1,5,4,2,5,2,2,3,4,3,2,3,3,2,3,3,2,3,3,3,3,3,3,3,3,3,3,3,3,3,3,3,3,3,3,2,1,7,NA,6,5,3,No,10,US national laboratories for energy and security,High school graduate or GED,Female,"$15,000 to under $50,000",Metropolitan,White,No,Republican,NA,I voted,Donald Trump,Midwest,Ohio,Female,50-64,HS or less,White,Midwest,Metropolitan,"< $50,000",Republican,Donald Trump,0.7340544489268878
R_6G6UUBOpzKWdaC2,2025-03-19T16:04:00Z,2025-03-19T16:14:45Z,1,32,49,54313,7,6,9,7,7,Combo of energy,3,N/A,3,N/A,3,0,NA,NA,NA,NA,NA,NA,NA,NA,NA,NA,NA,NA,NA,4,5,3,NA,NA,Not enough information,3,1,1,0,2,NA,4,50,50,25,75,5,2,3,3,7,7,7,6,2,4,4,7,4,5,7,5,6,3,5,5,4,3,1,6,4,4,2,3,3,4,3,7,5,3,6,5,3,1,6,NA,10,4,2,It’s a good idea but I don’t think it will ever happen,10,US national laboratories for energy and security,4-year or bachelor degree,Female,"$150,000 to under $200,000",Metropolitan,White,No,Democrat,NA,I voted,Kamala Harris,Midwest,Wisconsin,Female,30-49,4-yr/post-graduate degree,White,Midwest,Metropolitan,"> $50,000",Democrat,Kamala Harris,0.7337862470629105
R_60MNNy4Oeuzmlgt,2025-03-19T16:01:57Z,2025-03-19T16:47:34Z,1,32,30,07306,9,9,8,9,9,fusion,3,good,3,fresh,3,0,NA,NA,NA,NA,NA,NA,NA,NA,NA,NA,NA,NA,NA,5,5,5,NA,NA,n/a,2,1,1,0,3,4,NA,50,50,50,50,8,9,8,7,8,8,9,8,7,7,8,7,8,8,8,9,8,7,6,5,5,5,5,5,5,5,5,4,4,4,4,4,5,4,4,6,3,1,9,NA,7,4,9,NA,50,US national laboratories for energy and security,4-year or bachelor degree,Male,"$100,000 to under $150,000",Metropolitan,Asian or Asian-American,No,Republican,NA,I voted,Donald Trump,Northeast,New Jersey,Male,30-49,4-yr/post-graduate degree,Other,Northeast,Metropolitan,"> $50,000",Republican,Donald Trump,0.8627581672221835
R_7ymi2eThP3ec7p0,2025-03-20T14:45:21Z,2025-03-20T14:58:01Z,1,66,22,49441,7,5,7,8,3,Unlimited potential,4,Economical,4,Game changing,4,1,1,0,0,0,0,0,0,0,0,1,Newspapers,5,2,4,4,3,NA,NA,no,3,1,1,0,1,NA,5,60,40,60,40,9,9,8,7,5,3,4,3,5,6,3,6,6,1,7,6,7,3,4,6,4,4,7,3,4,3,6,4,2,6,5,1,5,4,5,6,2,0,NA,6,4,6,2,no,10,US national laboratories for energy and security,"Some college, no degree",Male,"$75,000 to under $100,000",Metropolitan,White,No,Republican,NA,I voted,Donald Trump,Midwest,Michigan,Male,65+,Some college/2-yr degree,White,Midwest,Metropolitan,"> $50,000",Republican,Donald Trump,1.068019822551247
R_7VQ3JzS8p5NUbGx,2025-03-20T23:39:19Z,2025-03-21T00:41:26Z,1,20,38,19133,7,6,7,9,6,NA,2,NA,2,NA,2,0,NA,NA,NA,NA,NA,NA,NA,NA,NA,NA,NA,NA,NA,1,1,1,NA,NA,NA,2,0,1,1,2,4,NA,40,60,10,90,2,6,4,5,3,2,4,6,0,2,4,1,1,3,2,4,2,0,1,2,1,3,2,2,2,1,2,NA,NA,2,NA,NA,NA,NA,3,NA,2,0,NA,2,2,3,2,NA,50,US national laboratories for energy and security,High school graduate or GED,Male,"Less than $15,000",Metropolitan,Native American or American Indian,Yes,Republican,NA,I voted,Donald Trump,Northeast,Pennsylvania,Male,18-29,HS or less,Hispanic,Northeast,Metropolitan,"< $50,000",Republican,Donald Trump,0.926636597774838
R_5YJmHnwSVHNJIlr,2025-03-20T06:59:13Z,2025-03-20T07:19:41Z,1,67,20,21212,6,8,7,8,6,conservation,3,timely,4,climate,4,2,NA,NA,NA,NA,NA,NA,NA,NA,NA,NA,NA,NA,NA,5,4,2,Im afraid  of being close to a fusion energy facility. It might leak poisons into the community.,NA,NA,3,1,1,4,3,5,NA,50,50,50,50,5,5,6,5,5,5,5,5,10,5,9,8,9,7,5,8,9,7,4,4,4,4,4,4,4,4,4,4,4,4,4,4,4,4,4,4,2,1,5,NA,10,1,0,NA,50,Lawrence Livermore National Laboratory,4-year or bachelor degree,Female,"$50,000 to under $75,000",Metropolitan,Black or African-American,No,Democrat,NA,I voted,Kamala Harris,South,Maryland,Female,65+,4-yr/post-graduate degree,Black,South,Metropolitan,"> $50,000",Democrat,Kamala Harris,0.790828076356709
R_6241Sn9VqPDwbOV,2025-03-20T14:40:34Z,2025-03-20T15:07:06Z,1,82,49,54209,3,9,3,9,2,Inexpensive,4,Environmentally safe,4,Needs development,4,1,0,1,0,0,0,0,0,0,0,1,"Print media, magazines",5,2,6,7,6,NA,"I also support nuclear power plants. I do not see why this can’t be done safely, but I’m sure environmentalists will try to kill it as they did nuclear.",NA,2,1,1,1,1,NA,6,50,50,60,40,5,10,10,10,8,8,8,4,10,9,1,7,6,0,10,4,7,1,3,7,4,4,7,4,4,4,7,2,1,6,4,1,6,2,5,1,2,0,NA,1,1,6,8,We must keep developing. It could result in substantially reducing our energy costs.,50,Lawrence Livermore National Laboratory,4-year or bachelor degree,Male,"$50,000 to under $75,000",Non-metro,White,No,Republican,NA,I voted,Donald Trump,Midwest,Wisconsin,Male,65+,4-yr/post-graduate degree,White,Midwest,Non-metro,"> $50,000",Republican,Donald Trump,1.1526205534274367
R_7jYyxTokw6XSbEI,2025-03-20T20:04:06Z,2025-03-21T16:39:52Z,1,53,43,78723,9,8,9,9,7,Fusion,4,Energy,4,Nuclear,4,1,0,1,0,1,0,0,1,0,0,0,NA,8,1,6,6,5,NA,NA,I am worried fusion energy wouldn't be tested thoroughly before rolling it out.,2,1,1,1,1,6,NA,50,50,40,60,9,9,8,10,9,7,8,10,9,9,9,8,6,8,9,9,8,6,3,5,4,4,5,4,5,7,6,3,5,4,4,4,3,4,4,3,2,0,NA,6,3,4,2,I would love to learn more. Thank you.,10,Lawrence Livermore National Laboratory,2-year or associate degree,Female,"$15,000 to under $50,000",Metropolitan,White,No,Independent,The Republican Party,I voted,Donald Trump,South,Texas,Female,50-64,Some college/2-yr degree,White,South,Metropolitan,"< $50,000",Independent,Donald Trump,0.570633394770817
R_6TAlJIOOQzG5Lex,2025-03-18T23:29:57Z,2025-03-18T23:40:54Z,1,56,43,77379,8,8,9,7,8,New,4,Expensive,2,Unreliable,2,1,0,1,1,0,0,0,1,1,0,0,NA,2,1,3,4,3,NA,NA,Scared of explosion,3,1,1,0,3,NA,5,50,50,25,75,8,5,8,5,8,8,8,9,5,5,5,0,5,5,5,5,5,5,4,4,1,4,4,1,4,4,7,4,4,1,4,4,6,4,4,6,1,1,10,NA,10,5,5,No,50,Lawrence Livermore National Laboratory,4-year or bachelor degree,Male,"$150,000 to under $200,000",Metropolitan,White,Yes,Republican,NA,I voted,Kamala Harris,South,Texas,Male,50-64,4-yr/post-graduate degree,Hispanic,South,Metropolitan,"> $50,000",Republican,Kamala Harris,0.8792848207183884
R_1rvr0xrDZ1Lfw03,2025-03-20T14:20:06Z,2025-03-20T14:33:08Z,1,78,10,30360,6,8,9,8,9,beyond us yet,5,believe it possible,5,clean energy,5,1,1,1,0,1,0,0,0,0,0,1,in my military training,7,2,5,6,7,NA,it is clean - no polution and the by products are NOT dangerous,NA,2,1,1,3,3,NA,5,40,60,85,15,9,9,9,9,4,3,5,5,5,9,9,9,10,6,6,9,9,6,4,4,4,4,4,3,4,4,4,4,4,4,4,4,6,4,5,4,2,1,10,NA,10,3,3,like any idea it must be tested and applied with safety and controls!,50,Lawrence Livermore National Laboratory,Post-graduate degree,Male,"$15,000 to under $50,000",Metropolitan,White,Yes,Democrat,NA,I voted,Kamala Harris,South,Georgia,Male,65+,4-yr/post-graduate degree,Hispanic,South,Metropolitan,"< $50,000",Democrat,Kamala Harris,0.880601449516035
R_5RPvuVOE8xM92Nj,2025-03-19T20:39:54Z,2025-03-19T20:47:46Z,1,65,10,30666,8,8,8,10,8,Electricity and nuclear,3,difficult to understand,3,What is government involvement,3,2,NA,NA,NA,NA,NA,NA,NA,NA,NA,NA,NA,NA,NA,4,4,4,NA,NA,It is hard to know if what we'll be hearing is the truth or not.  Will we get the pros and cons of it?,2,1,1,0,3,6,NA,100,0,50,50,8,9,9,8,6,9,4,9,10,5,0,5,0,0,5,5,5,0,4,4,4,4,7,4,4,4,7,4,4,4,4,7,4,4,4,7,2,1,5,NA,7,4,2,NA,10,Lawrence Livermore National Laboratory,4-year or bachelor degree,Female,"$100,000 to under $150,000",Metropolitan,White,No,Independent,Neither,I voted,Donald Trump,South,Georgia,Female,65+,4-yr/post-graduate degree,White,South,Metropolitan,"> $50,000",Independent,Donald Trump,0.8276012703557705
R_6hH3iYNOtnsFs1l,2025-03-19T16:23:16Z,2025-03-19T16:46:02Z,1,76,13,60005,9,7,9,9,9,Future,4,Safer,4,Clean,4,1,1,0,0,1,0,0,0,1,0,0,NA,3,3,5,5,5,NA,NA,Depends on who is setting safety guidelines and regulating the safety of the project.,3,1,1,0,5,6,NA,50,50,70,30,9,9,9,7,5,5,5,5,7,8,5,8,8,8,8,5,8,5,4,5,4,4,5,3,4,4,5,4,6,4,4,3,6,6,4,6,2,1,9,NA,8,4,4,Everything is becoming too politicized,50,US national laboratories for energy and security,4-year or bachelor degree,Male,"$75,000 to under $100,000",Metropolitan,White,No,Independent,Neither,I voted,Kamala Harris,Midwest,Illinois,Male,65+,4-yr/post-graduate degree,White,Midwest,Metropolitan,"> $50,000",Independent,Kamala Harris,0.81459874642719
R_30nMk2c4XQwK9Nz,2025-03-18T20:32:04Z,2025-03-18T20:45:24Z,1,65,10,30019,7,5,7,8,7,Combination of things to provide energy.,4,Environment,4,Energy,4,0,NA,NA,NA,NA,NA,NA,NA,NA,NA,NA,NA,NA,NA,3,4,1,That the risk may be high and cause health problems to residents.,NA,NA,3,1,1,4,4,NA,4,70,30,50,50,5,5,6,6,5,5,6,5,5,5,5,5,5,6,5,4,5,5,3,5,3,3,5,3,5,3,3,5,5,5,5,5,5,5,5,5,3,1,2,NA,4,4,4,NA,50,US national laboratories for energy and security,4-year or bachelor degree,Female,"$100,000 to under $150,000",Metropolitan,White,No,Republican,NA,I voted,Donald Trump,South,Georgia,Female,65+,4-yr/post-graduate degree,White,South,Metropolitan,"> $50,000",Republican,Donald Trump,0.9996057803156853
R_31PoXcdvYpvo7ER,2025-03-19T22:36:36Z,2025-03-19T22:56:10Z,1,73,10,31322,10,10,10,10,10,Radiation,1,3 mile island,1,Cancer,1,2,NA,NA,NA,NA,NA,NA,NA,NA,NA,NA,NA,NA,NA,2,3,1,"I want to know if the different possibilities of harm to the people who reside near these plants.
I wouldn’t want it anywhere near me",NA,NA,2,1,1,0,1,4,NA,90,10,50,50,8,5,8,8,7,5,4,10,2,0,6,4,4,4,2,0,4,3,4,3,1,1,5,1,4,4,3,2,5,3,5,6,5,4,7,3,2,1,10,NA,10,4,5,Time will tell!!!!,10,Lawrence Livermore National Laboratory,2-year or associate degree,Male,"$75,000 to under $100,000",Metropolitan,White,No,Republican,NA,I voted,Donald Trump,South,Georgia,Male,65+,Some college/2-yr degree,White,South,Metropolitan,"> $50,000",Republican,Donald Trump,0.9540470737966243
R_3pg0mOWzPMMfALP,2025-03-24T14:07:49Z,2025-03-24T14:15:34Z,1,34,46,24201,4,6,4,6,9,Combine,4,Together,5,Unsubscribe,2,1,0,0,0,0,0,1,0,0,0,0,NA,4,3,2,4,4,NA,NA,I'm not sure about it,2,1,1,0,1,NA,5,50,50,70,30,7,8,7,5,6,3,5,6,6,3,3,2,2,5,4,2,5,2,4,2,2,4,4,3,4,3,3,4,4,4,4,5,3,3,3,2,2,1,5,NA,9,4,3,NA,50,Lawrence Livermore National Laboratory,2-year or associate degree,Female,"$75,000 to under $100,000",Metropolitan,White,No,Republican,NA,I voted,Donald Trump,South,Virginia,Female,30-49,Some college/2-yr degree,White,South,Metropolitan,"> $50,000",Republican,Donald Trump,0.7654683088900468
R_3QJBaN2kVOtJU00,2025-03-19T22:58:16Z,2025-03-19T23:17:23Z,1,57,49,53142,8,8,6,8,2,Clean safer nuclear,4,NA,NA,NA,NA,1,0,1,0,0,0,0,0,0,0,0,NA,3,2,5,6,6,NA,Cutting edge technology that could change the future of energy.,NA,3,1,1,0,2,4,NA,75,25,40,60,8,10,8,8,7,9,7,2,8,8,7,8,8,3,8,5,5,4,4,4,4,4,7,3,4,3,6,4,4,4,4,1,6,4,4,4,2,0,NA,7,2,6,3,NA,50,Lawrence Livermore National Laboratory,"Some college, no degree",Male,"$100,000 to under $150,000",Metropolitan,White,No,Independent,The Republican Party,I voted,Donald Trump,Midwest,Wisconsin,Male,50-64,Some college/2-yr degree,White,Midwest,Metropolitan,"> $50,000",Independent,Donald Trump,0.737718197737254
R_5rGT1DXsqGTcr2F,2025-03-19T16:45:20Z,2025-03-19T17:02:31Z,1,31,49,54952,9,2,6,10,2,Safe,5,Efficient,4,Affordable,3,1,0,0,0,1,0,0,0,0,0,0,NA,7,2,6,7,6,NA,"Nuclear, fusion, and oil are all my top choices for energy funding",NA,2,0,1,3,2,6,NA,30,70,80,20,7,8,7,8,6,4,5,3,6,5,3,5,4,3,5,2,6,2,5,5,4,3,6,3,3,4,5,2,3,4,5,2,5,5,4,4,1,0,NA,10,0,5,0,NA,10,Lawrence Livermore National Laboratory,Post-graduate degree,Male,"$100,000 to under $150,000",Metropolitan,White,No,Other or none,The Republican Party,I voted,Donald Trump,Midwest,Wisconsin,Male,30-49,4-yr/post-graduate degree,White,Midwest,Metropolitan,"> $50,000",Independent,Donald Trump,0.8010346181336808
R_7aaTkoAON7Rsh3f,2025-03-18T22:47:39Z,2025-03-18T23:54:48Z,1,57,49,53081,6,7,8,6,8,Nuclear energy,3,Problems,2,Trust,2,0,NA,NA,NA,NA,NA,NA,NA,NA,NA,NA,NA,NA,NA,4,5,4,NA,NA,I need more education.,3,1,1,0,2,NA,4,50,50,40,60,9,8,8,8,6,3,8,10,5,10,10,10,10,5,2,10,10,2,4,4,4,4,4,1,4,4,7,4,4,4,4,4,6,4,4,7,2,1,10,NA,10,3,0,NA,10,US national laboratories for energy and security,Post-graduate degree,Female,"$100,000 to under $150,000",Metropolitan,White,No,Democrat,NA,I voted,Kamala Harris,Midwest,Wisconsin,Female,50-64,4-yr/post-graduate degree,White,Midwest,Metropolitan,"> $50,000",Democrat,Kamala Harris,0.7350203139189642
R_6mh0ipEsKZpYT7O,2025-03-20T04:29:21Z,2025-03-20T05:06:09Z,1,68,49,54241,10,8,8,10,7,Nuclear,5,Clean,5,Safe,5,1,0,1,0,0,0,1,1,0,0,0,NA,7,2,5,7,7,NA,I believe they will develop an environmentaly safe facility using fusion to produce economically efficient power. I also believe theses facilities will be safe and would not have any issues with one being located in our area to replace the plant we’ve lost and the one that is being phased out. Nuclear power has been economically good for the area and have been historically very safe.,NA,4,1,1,1,5,NA,7,50,50,40,60,8,10,8,9,5,9,9,2,6,9,8,10,10,6,8,8,9,6,4,4,4,4,6,2,4,4,6,4,4,4,4,2,6,4,5,2,1,0,NA,8,7,6,8,I believe fusion is the best option for energy production in the future. We’re getting close to having a working unit that hopefully will be operational in the next ten years. And I believe that timeline will shrink.,10,US national laboratories for energy and security,"Some college, no degree",Male,"$100,000 to under $150,000",Non-metro,White,No,Republican,NA,I voted,Donald Trump,Midwest,Wisconsin,Male,65+,Some college/2-yr degree,White,Midwest,Non-metro,"> $50,000",Republican,Donald Trump,1.0597313853446682
R_71Woz44ZdFj6Brv,2025-03-19T18:47:59Z,2025-03-19T19:21:39Z,1,66,49,53188,10,9,8,9,6,endless,4,renewable,4,energy,4,1,0,0,0,1,0,0,0,1,0,0,NA,6,2,7,7,5,NA,NA,Need more details about fusion energy,3,1,1,0,3,NA,5,75,25,65,35,7,10,9,9,2,3,4,3,9,5,5,6,6,0,5,7,7,1,4,4,3,4,7,3,4,3,6,4,4,5,4,1,5,4,5,2,2,0,NA,3,3,6,1,The studies need to continue,50,Lawrence Livermore National Laboratory,2-year or associate degree,Male,"$75,000 to under $100,000",Metropolitan,White,No,Republican,NA,I voted,Donald Trump,Midwest,Wisconsin,Male,65+,Some college/2-yr degree,White,Midwest,Metropolitan,"> $50,000",Republican,Donald Trump,1.068019822551247
R_5MG5Ju5yIqFmB6k,2025-03-19T20:14:31Z,2025-03-19T20:30:12Z,1,67,49,54915,4,6,4,8,6,Scary,3,Unknown,3,Potential,2,0,NA,NA,NA,NA,NA,NA,NA,NA,NA,NA,NA,NA,NA,4,4,3,NA,NA,Would need more information,2,1,1,0,2,NA,4,76,24,10,90,7,6,7,7,3,4,4,4,7,8,7,7,7,7,8,8,8,3,5,5,5,5,2,6,6,6,3,5,5,5,6,6,6,5,6,6,2,0,NA,2,4,7,7,Scary shit,50,Lawrence Livermore National Laboratory,4-year or bachelor degree,Male,"$100,000 to under $150,000",Metropolitan,White,No,Republican,NA,I voted,Donald Trump,Midwest,Wisconsin,Male,65+,4-yr/post-graduate degree,White,Midwest,Metropolitan,"> $50,000",Republican,Donald Trump,1.161635501188928
R_7tFMW5X4a9EIGeD,2025-03-21T00:33:07Z,2025-03-21T01:01:26Z,1,86,26,59106,10,10,9,10,10,Better Nuclear power,5,Nuclear,5,Power,5,1,0,0,0,1,0,0,0,0,0,1,University,8,1,6,7,5,NA,NA,When scientists can contain nuclear fusion effectively and can keep producing energy efficiently and cost effective then we could easily supply free energy to everyone. We could even have our own generating plant in our backyard!,2,1,1,3,1,7,NA,50,50,75,25,1,10,10,10,3,3,3,3,10,8,2,9,9,0,8,8,7,5,4,7,4,4,7,4,4,4,7,4,7,4,4,1,4,4,4,1,2,0,NA,10,0,7,0,Fusion energy would be the ultimate!,10,US national laboratories for energy and security,Post-graduate degree,Male,"$50,000 to under $75,000",Metropolitan,White,No,Republican,NA,I voted,Donald Trump,West,Montana,Male,65+,4-yr/post-graduate degree,White,West,Metropolitan,"> $50,000",Republican,Donald Trump,1.043032711588698
R_3GvTg81TgFMbbMG,2025-03-20T15:03:31Z,2025-03-20T15:15:07Z,1,35,22,48221,2,6,8,7,9,Nuclear,4,Atoms,4,Clean,5,1,0,1,0,1,0,0,0,0,0,0,NA,3,2,6,7,5,NA,NA,I just don't love the idea of any energy facility within 10 miles of my home,3,1,1,0,3,NA,5,75,25,25,75,8,10,9,10,7,4,2,7,5,2,2,5,5,8,2,2,10,5,2,3,4,4,3,1,3,4,4,5,5,5,4,5,7,5,4,4,2,1,9,NA,9,3,2,NA,10,US national laboratories for energy and security,4-year or bachelor degree,Male,"$100,000 to under $150,000",Metropolitan,White,No,Democrat,NA,I voted,Kamala Harris,Midwest,Michigan,Male,30-49,4-yr/post-graduate degree,White,Midwest,Metropolitan,"> $50,000",Democrat,Kamala Harris,0.7617302025229249
R_7NrhUiQEYQ8Qz3u,2025-03-19T16:39:29Z,2025-03-19T16:56:27Z,1,31,5,95660,8,9,10,10,9,Power,3,Clean,5,Effective,5,0,NA,NA,NA,NA,NA,NA,NA,NA,NA,NA,NA,NA,NA,6,7,5,NA,NA,"I am unsure, only because it is an unfamiliar concept, but it is a clean and effective source then I am for it.",2,1,1,0,2,5,NA,5,95,94,6,6,6,7,7,8,8,6,8,10,3,3,3,6,6,7,4,5,6,2,2,3,4,4,4,5,4,2,2,3,4,4,6,5,4,4,2,4,1,9,NA,10,2,1,NA,10,Lawrence Livermore National Laboratory,High school graduate or GED,Male,"$75,000 to under $100,000",Metropolitan,Some other race,Yes,Democrat,NA,I voted,Kamala Harris,West,California,Male,30-49,HS or less,Hispanic,West,Metropolitan,"> $50,000",Democrat,Kamala Harris,0.7174003453710327
R_1U37tOfk68K56OB,2025-03-20T20:20:11Z,2025-03-20T20:26:54Z,1,19,43,78727,2,5,6,4,1,"heat, pressure, fire",4,"heat, pressure, fire",3,"heat, fire, pressure",3,0,NA,NA,NA,NA,NA,NA,NA,NA,NA,NA,NA,NA,NA,7,7,6,NA,"Fusion energy, if researched and sustainably used, seems like it could be very cheap and reliable.",NA,3,1,1,0,3,5,NA,40,60,30,70,6,8,7,7,7,9,6,4,3,5,8,5,6,4,8,9,8,4,4,5,4,3,2,3,6,5,2,3,5,4,5,5,4,6,3,5,3,0,NA,2,4,4,3,no,50,Lawrence Livermore National Laboratory,High school graduate or GED,Male,"$75,000 to under $100,000",Metropolitan,White,No,Democrat,NA,I voted,Kamala Harris,South,Texas,Male,18-29,HS or less,White,South,Metropolitan,"> $50,000",Democrat,Kamala Harris,0.675037924449571
R_5oMksSIGdjVmenO,2025-03-21T05:21:43Z,2025-03-21T05:38:21Z,1,55,43,78577,10,10,10,10,10,Electric energy,3,Power,3,High,3,0,NA,NA,NA,NA,NA,NA,NA,NA,NA,NA,NA,NA,NA,5,3,4,NA,NA,Sounds good but another wise we have lot's of energy companies,2,1,1,0,3,4,NA,73,27,50,50,5,5,5,5,5,5,5,5,5,5,5,5,5,5,5,5,5,5,5,5,5,5,5,5,5,5,5,5,5,5,5,5,5,5,5,5,3,0,NA,5,5,4,5,Nothing,10,US national laboratories for energy and security,High school graduate or GED,Male,"$15,000 to under $50,000",Metropolitan,Some other race,Yes,Other or none,Neither,I voted,Kamala Harris,South,Texas,Male,50-64,HS or less,Hispanic,South,Metropolitan,"< $50,000",Independent,Kamala Harris,0.5723915042944119
R_5P1rDGd2xugLh8c,2025-03-23T19:43:35Z,2025-03-23T19:51:55Z,1,18,15,50677,4,6,7,4,6,Nuclear energy,4,Chernobyl,2,Reactor,3,1,1,1,1,0,1,0,0,1,0,0,NA,6,2,5,5,6,NA,NA,"I will be moving soon, so I wouldn’t mind having a facility near my hometown in a rural area but would be concerned about having a facility within ten miles of a major city.",3,1,1,0,3,5,NA,30,70,35,65,8,8,8,6,6,7,7,5,3,6,5,8,6,6,5,5,8,4,4,5,4,4,5,2,3,4,6,4,3,4,4,3,7,5,4,6,3,1,10,NA,10,1,2,NA,10,Lawrence Livermore National Laboratory,High school graduate or GED,Female,"More than $200,000",Metropolitan,White,No,Other or none,The Democratic Party,I voted,Kamala Harris,Midwest,Iowa,Female,18-29,HS or less,White,Midwest,Metropolitan,"> $50,000",Independent,Kamala Harris,0.6483920112477002
R_5xKQvgtSvygsw86,2025-03-18T20:01:29Z,2025-03-18T20:11:33Z,1,56,17,42101,10,10,10,10,10,Energy,4,NA,1,NA,1,0,NA,NA,NA,NA,NA,NA,NA,NA,NA,NA,NA,NA,NA,4,5,2,It would not be a good idea to have it that close,NA,NA,2,1,1,0,1,7,NA,75,25,85,15,8,10,8,7,8,8,6,9,10,10,8,9,9,10,9,8,9,9,5,5,7,6,4,7,6,5,5,NA,NA,NA,NA,NA,NA,NA,NA,NA,1,1,9,NA,9,2,5,Nothing more,10,US national laboratories for energy and security,High school graduate or GED,Male,"$50,000 to under $75,000",Metropolitan,White,No,Republican,NA,I voted,Kamala Harris,South,Kentucky,Male,50-64,HS or less,White,South,Metropolitan,"> $50,000",Republican,Kamala Harris,0.6413927406327982
R_5C2uCs4YdnO5PGG,2025-03-18T20:37:38Z,2025-03-18T20:46:48Z,1,24,43,78237,9,10,9,10,10,Fast hot,1,Hot,1,Fast,1,1,0,0,0,0,0,0,0,0,1,0,NA,3,2,6,6,5,NA,NA,It's not ok,3,1,1,2,3,4,NA,50,50,50,50,9,3,4,7,6,6,10,10,9,7,3,7,9,6,9,10,4,10,6,2,5,4,5,6,6,6,5,5,5,6,6,7,6,7,6,5,4,1,3,NA,8,7,6,No,10,Lawrence Livermore National Laboratory,High school graduate or GED,Female,"$50,000 to under $75,000",Metropolitan,White,Yes,Other or none,The Republican Party,I voted,Donald Trump,South,Texas,Female,18-29,HS or less,Hispanic,South,Metropolitan,"> $50,000",Independent,Donald Trump,0.8200033351436179
R_6PDlgHsxiaNdjVf,2025-03-19T17:30:48Z,2025-03-19T17:45:12Z,1,62,25,63361,6,7,8,9,7,Nuclear reactor,3,Fusion,3,Radioactive,3,1,1,0,0,0,0,0,0,0,0,0,NA,3,2,4,3,4,NA,NA,I already live within 50 miles of a nuclear plant,3,1,1,4,3,NA,4,50,50,50,50,6,6,6,6,6,6,6,6,5,6,8,5,5,6,7,8,6,6,4,4,4,4,2,4,4,3,2,4,4,4,3,4,4,4,4,2,3,1,5,NA,5,5,5,I feel that it will be an important part of the future.,50,Lawrence Livermore National Laboratory,High school graduate or GED,Male,"$15,000 to under $50,000",Non-metro,White,No,Republican,NA,I voted,Donald Trump,Midwest,Missouri,Male,50-64,HS or less,White,Midwest,Non-metro,"< $50,000",Republican,Donald Trump,0.7560950006398114
R_6fBpHwYnADMdfOz,2025-03-22T04:49:50Z,2025-03-22T05:28:28Z,1,73,49,54729,9,7,7,10,10,Confused,2,Unsure what it is,3,Teach me,3,1,0,1,0,0,0,0,0,0,0,0,NA,3,3,5,5,3,NA,NA,I've read a little about fusion energy but do not know the extent of dangers in trying to create a power source from it.,3,1,1,4,2,NA,5,50,50,50,50,8,7,7,7,4,4,6,6,6,5,8,5,8,5,5,8,7,7,4,4,5,5,5,3,4,4,5,5,6,NA,6,7,5,NA,NA,NA,5,1,10,NA,10,3,2,n/a,50,US national laboratories for energy and security,2-year or associate degree,Female,"$50,000 to under $75,000",Metropolitan,White,No,Democrat,NA,I voted,Kamala Harris,Midwest,Wisconsin,Female,65+,Some college/2-yr degree,White,Midwest,Metropolitan,"> $50,000",Democrat,Kamala Harris,0.8100092634532436
R_6w6QddiXVWr9VjA,2025-03-19T16:11:20Z,2025-03-19T16:28:12Z,1,66,31,87740,3,3,3,3,10,always gonna be “in ten years”,3,"i hope it comes about, but not counting on it.",3,we have a working fusion reactor already: the sun,3,1,1,1,0,1,0,0,0,1,0,0,NA,5,2,6,7,6,NA,"we are on the verge of ecological collapse. whatever can be done to avert this SHOULD be done. 

But we all know that if this technology TRULY started to threaten the oil industry that DT and crony’s would never allow it to happen.",NA,4,1,1,3,5,7,NA,0,100,50,50,10,10,10,10,8,10,10,5,5,10,10,10,10,8,3,10,10,3,4,4,4,4,5,2,4,4,6,4,4,4,4,4,7,4,4,7,4,1,10,NA,10,1,0,"the current political climate will destroy the country and possibly civilization. 

maybe a return to a hunter-gatherer society is in our children’s future.",10,Lawrence Livermore National Laboratory,"Some college, no degree",Male,"$75,000 to under $100,000",Non-metro,White,No,Democrat,NA,I voted,Kamala Harris,West,New Mexico,Male,65+,Some college/2-yr degree,White,West,Non-metro,"> $50,000",Democrat,Kamala Harris,0.749145421648037
R_5q7woARZUYuOvWl,2025-03-19T00:38:34Z,2025-03-19T01:58:00Z,1,53,9,32810,9,9,10,10,10,idk really,3,noidea,3,nothingatall,3,0,NA,NA,NA,NA,NA,NA,NA,NA,NA,NA,NA,NA,NA,4,4,4,NA,NA,not really,2,1,1,0,5,NA,7,40,60,50,50,8,9,8,8,6,6,7,6,10,8,7,7,7,8,7,8,7,8,4,4,4,4,4,4,4,4,4,5,3,5,5,3,5,5,3,5,5,1,3,NA,9,4,2,not really,50,US national laboratories for energy and security,High school graduate or GED,Female,"Less than $15,000",Metropolitan,Mixed race,Yes,Other or none,Neither,I voted,Kamala Harris,South,Florida,Female,50-64,HS or less,Hispanic,South,Metropolitan,"< $50,000",Independent,Kamala Harris,0.551393409892067
R_3CIChMiHldJKDF4,2025-03-19T01:12:21Z,2025-03-19T01:28:10Z,1,47,49,54729,10,9,10,9,9,Solar energy,4,Stars,3,Sun,3,0,NA,NA,NA,NA,NA,NA,NA,NA,NA,NA,NA,NA,NA,4,4,3,NA,NA,As good as it may be..I still don't want to live by any power plants,2,1,1,0,2,4,NA,100,0,50,50,6,7,7,6,8,7,8,6,5,7,8,5,7,5,9,7,8,1,4,4,4,4,5,5,3,5,2,4,4,4,4,5,4,4,4,2,2,0,NA,6,5,5,1,I never heard of it before this and now I will pay more attention,10,Lawrence Livermore National Laboratory,High school graduate or GED,Female,"$50,000 to under $75,000",Metropolitan,White,No,Republican,NA,I voted,Donald Trump,Midwest,Wisconsin,Female,30-49,HS or less,White,Midwest,Metropolitan,"> $50,000",Republican,Donald Trump,0.8152497911424826
R_5vS94tX61fOJ8hX,2025-03-19T23:34:49Z,2025-03-19T23:53:41Z,1,68,49,54937,9,8,8,9,6,Nuclear,4,Energy,4,Molecular,4,1,0,0,0,0,0,0,0,0,0,1,Studies in college,2,1,2,3,1,Still in the early stages so not reliable.,NA,NA,2,1,1,0,2,NA,4,20,80,60,40,9,8,7,8,3,3,4,4,10,6,2,1,2,2,6,4,3,2,5,5,3,3,6,3,3,4,6,4,3,3,3,2,5,5,3,3,2,0,NA,8,3,7,9,NA,10,Lawrence Livermore National Laboratory,4-year or bachelor degree,Female,"$100,000 to under $150,000",Metropolitan,White,No,Republican,NA,I voted,Donald Trump,Midwest,Wisconsin,Female,65+,4-yr/post-graduate degree,White,Midwest,Metropolitan,"> $50,000",Republican,Donald Trump,1.119021081282139
R_7ltb1AhwKiqGNp7,2025-03-19T16:21:08Z,2025-03-19T17:09:46Z,1,72,49,53083,9,9,10,8,1,Clean,5,Limitless potential,5,Sustainable,5,1,1,1,0,0,1,0,0,0,0,0,NA,3,2,5,6,3,NA,NA,"With the extreme temperatures generated, not sure what happens if the containment gives out.",3,1,1,0,5,NA,5,75,25,50,50,6,10,10,10,9,5,8,4,9,6,4,5,7,0,8,4,9,1,3,3,4,4,1,3,3,4,6,5,5,4,4,1,4,5,4,2,2,0,NA,8,6,6,3,No,50,US national laboratories for energy and security,High school graduate or GED,Male,"$50,000 to under $75,000",Metropolitan,White,No,Republican,NA,I voted,Donald Trump,Midwest,Wisconsin,Male,65+,HS or less,White,Midwest,Metropolitan,"> $50,000",Republican,Donald Trump,1.016092591449814
R_7fcKkMPPNzMzWX8,2025-03-19T16:08:30Z,2025-03-19T16:22:23Z,1,61,46,24112,8,8,9,9,6,Nuclear,3,Clean,4,Safety,3,1,1,0,1,1,0,0,0,0,0,0,NA,6,3,6,5,4,NA,NA,Safety risks concern me,3,1,1,3,3,NA,5,60,40,20,80,9,9,9,9,6,6,4,3,8,7,7,6,6,6,6,7,7,0,4,4,6,4,4,4,4,4,4,4,4,6,4,4,4,4,5,4,2,1,7,NA,7,6,6,NA,50,Lawrence Livermore National Laboratory,4-year or bachelor degree,Male,"$100,000 to under $150,000",Non-metro,White,No,Republican,NA,I voted,Donald Trump,South,Virginia,Male,50-64,4-yr/post-graduate degree,White,South,Non-metro,"> $50,000",Republican,Donald Trump,0.8590049047775649
R_3LpOg249NEbWaw9,2025-03-20T04:19:51Z,2025-03-20T04:28:00Z,1,47,43,75116,10,10,10,10,10,Exciting,5,Fantastic,5,Outstanding,5,1,0,1,0,0,0,0,0,0,0,0,NA,10,2,4,7,7,NA,I believe this could benefit everyone especially with the sun it can radiate and reflect off the heat,NA,3,1,1,0,1,NA,4,50,50,50,50,7,7,10,9,9,10,9,9,10,5,8,7,8,6,6,7,7,10,6,5,5,5,6,6,5,5,6,7,7,5,5,5,6,4,6,4,3,1,10,NA,10,6,10,None at the moment,50,Lawrence Livermore National Laboratory,High school graduate or GED,Female,"$15,000 to under $50,000",Metropolitan,White,Yes,Democrat,NA,I voted,Kamala Harris,South,Texas,Female,30-49,HS or less,Hispanic,South,Metropolitan,"< $50,000",Democrat,Kamala Harris,0.6180167075325587
R_5a8rLJsly8Kkwur,2025-03-21T18:08:23Z,2025-03-21T18:34:55Z,1,70,49,53520,6,6,6,5,4,Nuclear Power Generating,4,LNG,5,Fossil fuels,3,1,0,0,0,1,1,0,0,0,0,0,NA,3,2,5,4,4,NA,NA,Potential risk of fusion experiments and Murphy showing up.,3,1,1,2,3,NA,4,70,30,65,35,8,7,8,7,5,4,7,4,7,6,3,4,7,2,7,5,5,4,4,3,4,4,5,4,4,4,6,5,4,4,4,2,6,3,5,3,2,0,NA,4,5,6,7,No,10,Lawrence Livermore National Laboratory,"Some college, no degree",Male,"$75,000 to under $100,000",Metropolitan,White,No,Republican,NA,I voted,Donald Trump,Midwest,Wisconsin,Male,65+,Some college/2-yr degree,White,Midwest,Metropolitan,"> $50,000",Republican,Donald Trump,1.068019822551247
R_7g0mzjF4Xc376Me,2025-03-19T16:26:29Z,2025-03-19T16:41:52Z,1,41,44,84790,9,6,7,8,9,Superior Energy,4,Expensive,3,Bomb,2,1,0,0,0,0,0,0,1,0,0,0,NA,3,2,5,5,3,NA,NA,"Well, I've been in the military. I know that the government doesn't explain everything. I know that there have been events like Chernobal and the 'downwinders' from tests in the west. I know that fallout is a thing that can cause mutation and sickness. I believe that fusion energy represents a great leap forward and that it can be controlled, but I also believe that it will experience some hiccups along the way and I wouldn't want to be living, or having my children living, in a zone that could be affected by such hiccups.",2,1,1,0,1,NA,6,60,40,75,25,10,10,10,7,3,3,4,8,7,8,9,5,9,2,8,8,10,3,3,3,4,4,6,2,3,4,6,4,3,4,4,3,5,5,4,6,2,1,9,NA,8,4,4,"I believe it is an energy source that needs to be studied and ultimately attained. I believe that it is possibly the clean, renewable energy source of the future, from what I have heard. Where would we be if nuclear energy hadn't been attained?",50,Lawrence Livermore National Laboratory,2-year or associate degree,Male,"$100,000 to under $150,000",Metropolitan,White,No,Republican,NA,I voted,Kamala Harris,West,Utah,Male,30-49,Some college/2-yr degree,White,West,Metropolitan,"> $50,000",Republican,Kamala Harris,0.6765156641615422
R_5K6AtdPPD1FjYSI,2025-03-18T20:29:28Z,2025-03-18T20:46:27Z,1,68,38,18708,8,6,6,7,7,The future of enery,5,Need to perfect the renewal energy,5,Cheaper,5,1,1,0,0,1,0,0,0,0,0,0,NA,6,1,4,6,6,NA,It’s the future of energy,NA,3,1,1,0,3,NA,7,50,50,60,40,9,9,9,9,6,9,9,9,8,7,8,4,6,6,7,8,8,6,4,4,4,4,4,4,4,4,4,4,4,4,4,4,4,4,4,4,2,1,10,NA,8,4,6,It is the future of energy,10,Lawrence Livermore National Laboratory,Post-graduate degree,Male,"$50,000 to under $75,000",Metropolitan,White,No,Independent,Neither,I voted,Donald Trump,Northeast,Pennsylvania,Male,65+,4-yr/post-graduate degree,White,Northeast,Metropolitan,"> $50,000",Independent,Donald Trump,0.8613894804212939
R_6flmEujcBVc3Bgt,2025-03-19T20:18:15Z,2025-03-19T20:30:21Z,1,28,21,01821,7,5,7,6,9,Efficient,4,Effective,4,Powerful,4,0,NA,NA,NA,NA,NA,NA,NA,NA,NA,NA,NA,NA,NA,6,5,7,NA,NA,I would strongly support hosting a fusion energy facility nearby my residence. I believe more research might be needed in terms of what I read but believe it could be something that has great potential in the future,2,1,1,0,2,NA,6,40,60,50,50,8,10,9,9,9,10,8,7,7,8,7,7,8,9,7,6,9,7,6,6,3,3,5,2,3,4,5,3,3,3,5,4,6,5,4,3,2,1,10,NA,10,3,4,NA,50,US national laboratories for energy and security,4-year or bachelor degree,Female,"$100,000 to under $150,000",Metropolitan,White,Yes,Democrat,NA,I did not vote,NA,Northeast,Massachusetts,Female,18-29,4-yr/post-graduate degree,Hispanic,Northeast,Metropolitan,"> $50,000",Democrat,3rd or didn't vote,2.599664230835328
R_7qZF8rNdVAK4DD8,2025-03-20T22:44:34Z,2025-03-20T22:55:28Z,1,35,5,90813,8,8,8,8,8,Energy,3,Alternative,4,Consumption,3,1,0,0,1,1,0,0,0,1,0,0,NA,5,3,5,5,5,NA,NA,"Do not know enough to be convinced. Would need to learn and research more to have a good understanding
",3,1,1,3,3,6,NA,50,50,50,50,4,7,7,6,7,7,7,6,8,5,6,7,6,6,5,5,7,6,3,4,4,4,4,4,4,5,5,4,4,4,4,3,4,4,4,3,2,0,NA,7,7,4,7,Yes. There is a lot to learn from it and could possibly may help in the future.,50,US national laboratories for energy and security,"Some college, no degree",Male,"$15,000 to under $50,000",Non-metro,Some other race,Yes,Other or none,Neither,I voted,Kamala Harris,West,California,Male,30-49,Some college/2-yr degree,Hispanic,West,Non-metro,"< $50,000",Independent,Kamala Harris,0.5990505608581529
R_18AhOMWiIcz52pS,2025-03-18T22:08:04Z,2025-03-18T22:37:58Z,1,50,7,06010,10,10,10,10,8,Makes me worry,2,Will it get better,3,Can it change,3,1,1,0,0,0,1,0,0,0,0,0,NA,3,2,2,3,1,I would be afraid that if something went wrong could it possibly harm people in the area? If there was someone or someone's who opposed would there be rallys and threats to the area?,NA,NA,2,1,0,0,4,2,NA,100,0,60,40,5,7,5,7,5,8,10,5,7,5,3,0,0,5,5,5,5,0,5,3,5,2,6,3,5,3,5,3,3,5,3,3,6,2,2,1,3,1,7,NA,10,6,5,I wish that if there is any type of danger people would put Americans lives above money and/or fame! Sometimes I think people want to become rich and get the noteriety than do what's right for the environment,50,US national laboratories for energy and security,"Some college, no degree",Female,"$50,000 to under $75,000",Metropolitan,White,No,Republican,NA,I voted,Donald Trump,Northeast,Connecticut,Female,50-64,Some college/2-yr degree,White,Northeast,Metropolitan,"> $50,000",Republican,Donald Trump,0.7687830447724778
R_6zz9eJbkb60FD57,2025-03-21T16:02:38Z,2025-03-21T16:11:31Z,1,40,9,33950,1,6,6,3,4,Combining energy sources,3,Powerful energy,3,Expensive energy,2,0,NA,NA,NA,NA,NA,NA,NA,NA,NA,NA,NA,NA,NA,4,3,1,"Building facilities within 10 miles would mean the facility would be amongst neighborhoods with many people living in them. Facilities should be remote, not near any neighborhoods or cities in order to maintain the integrity of the area.",NA,NA,4,0,0,0,1,NA,4,100,0,50,50,6,6,6,6,8,7,9,5,0,5,5,5,5,1,2,5,5,0,4,5,4,4,7,1,4,1,7,4,5,4,3,1,7,4,5,7,4,1,7,NA,7,4,0,It's an interesting concept and if it could be implemented with little risk and more gain then it can work for everyone.,10,Lawrence Livermore National Laboratory,2-year or associate degree,Female,"$15,000 to under $50,000",Metropolitan,White,No,Democrat,NA,I did not vote,NA,South,Florida,Female,30-49,Some college/2-yr degree,White,South,Metropolitan,"< $50,000",Democrat,3rd or didn't vote,1.5755988356199475
R_32LdMzu1FaBGYjl,2025-03-19T17:42:26Z,2025-03-19T17:48:09Z,1,59,14,47546,7,5,7,5,4,Nuclear,3,Danger,3,Cation,3,1,0,0,0,0,0,0,0,0,1,0,NA,7,3,4,5,6,NA,NA,Needs to be pursued,1,1,1,4,5,4,NA,30,70,25,75,6,7,5,6,6,6,8,2,8,6,6,7,6,4,7,6,6,4,4,5,5,5,4,4,3,5,6,5,5,3,4,5,5,5,3,3,2,1,6,NA,6,4,7,NA,10,Lawrence Livermore National Laboratory,High school graduate or GED,Male,"$100,000 to under $150,000",Non-metro,White,No,Republican,NA,I voted,Donald Trump,Midwest,Indiana,Male,50-64,HS or less,White,Midwest,Non-metro,"> $50,000",Republican,Donald Trump,0.8411405337585277
R_7IlFyTBEGTU0HEl,2025-03-20T17:53:11Z,2025-03-20T18:28:58Z,1,29,33,28206,9,10,10,8,10,", risky",2,Expensive,3,Safety,4,1,1,1,1,1,1,1,1,0,0,0,NA,9,3,2,4,1,It would carry more risks to my families and my health as well,NA,NA,3,1,0,1,4,5,NA,50,50,50,50,10,5,10,10,10,9,10,9,9,10,10,10,10,10,10,10,10,10,4,4,4,4,5,4,4,4,4,5,5,4,5,4,4,5,4,4,2,1,10,NA,10,1,9,No thanks,10,US national laboratories for energy and security,4-year or bachelor degree,Female,"$100,000 to under $150,000",Metropolitan,Black or African-American,No,Democrat,NA,I voted,Kamala Harris,Northeast,North Carolina,Female,18-29,4-yr/post-graduate degree,Black,Northeast,Metropolitan,"> $50,000",Democrat,Kamala Harris,0.7490158428240967
R_7EhfYWnF22q8Kyr,2025-03-19T19:44:30Z,2025-03-19T19:58:24Z,1,67,38,18660,10,10,10,10,10,Electrical,3,Power,3,Mechanical,3,1,1,0,0,0,0,0,0,0,0,0,NA,4,3,4,7,7,NA,Not sure,NA,1,1,1,3,2,7,NA,100,0,50,50,10,10,10,10,10,10,10,10,10,8,6,6,10,8,7,5,10,5,4,4,4,4,4,4,4,4,4,4,4,4,4,4,4,4,4,4,3,1,10,NA,10,4,10,NA,10,Lawrence Livermore National Laboratory,Post-graduate degree,Female,"$50,000 to under $75,000",Metropolitan,White,No,Democrat,NA,I voted,Kamala Harris,Northeast,Pennsylvania,Female,65+,4-yr/post-graduate degree,White,Northeast,Metropolitan,"> $50,000",Democrat,Kamala Harris,0.7890742045212431
R_3KDgOAWNGGwsA4X,2025-03-19T16:31:17Z,2025-03-19T16:47:17Z,1,49,9,34608,6,6,8,7,8,Scify,3,Renewable energy,4,Experimental,3,0,NA,NA,NA,NA,NA,NA,NA,NA,NA,NA,NA,NA,NA,4,5,1,Since fusion energy is new you don't know the risk of having a facility that close,NA,NA,3,1,0,0,5,NA,4,50,50,50,50,10,7,9,7,5,5,6,6,8,5,7,6,6,4,6,7,6,6,5,4,4,5,4,6,3,5,5,5,5,4,4,5,5,4,4,4,2,1,7,NA,8,2,4,NA,50,Lawrence Livermore National Laboratory,"Some college, no degree",Female,"$50,000 to under $75,000",Metropolitan,White,Yes,Democrat,NA,I voted,Kamala Harris,South,Florida,Female,30-49,Some college/2-yr degree,Hispanic,South,Metropolitan,"> $50,000",Democrat,Kamala Harris,0.722667359846526
R_7hKLs2ruDOrp7RT,2025-03-23T20:59:08Z,2025-03-23T21:21:14Z,1,69,28,89178,8,8,10,9,9,nuclear,2,waste,2,nuclear,2,1,1,0,0,0,0,0,0,0,0,0,NA,1,3,4,4,1,"I don't think it's safe, what to do with the waste, infiltrate drinking water",NA,NA,2,1,0,0,4,NA,4,100,0,20,80,4,3,3,4,2,2,2,3,6,3,4,5,4,6,3,5,5,5,3,4,3,4,5,3,3,3,4,6,5,4,4,5,5,5,4,4,2,1,8,NA,9,4,3,I think it is a risky venture,10,US national laboratories for energy and security,"Some college, no degree",Female,"$50,000 to under $75,000",Metropolitan,White,No,Democrat,NA,I voted,Kamala Harris,West,Nevada,Female,65+,Some college/2-yr degree,White,West,Metropolitan,"> $50,000",Democrat,Kamala Harris,0.727307453677926
R_5AsDsQHKBaQuCI1,2025-03-18T19:19:51Z,2025-03-18T19:24:03Z,1,44,14,47715,7,3,8,5,3,No clue,3,Na,3,Na,3,0,NA,NA,NA,NA,NA,NA,NA,NA,NA,NA,NA,NA,NA,4,4,4,NA,NA,Don’t know enough about this.,6,0,0,4,5,NA,4,100,0,0,100,5,5,5,5,5,5,5,5,5,5,5,5,5,5,5,5,5,5,4,4,4,4,4,4,4,4,4,4,4,4,4,4,4,4,4,4,3,0,NA,5,5,4,5,NA,10,Lawrence Livermore National Laboratory,2-year or associate degree,Female,"$50,000 to under $75,000",Metropolitan,White,No,Republican,NA,I voted,Donald Trump,Midwest,Indiana,Female,30-49,Some college/2-yr degree,White,Midwest,Metropolitan,"> $50,000",Republican,Donald Trump,0.8569129866684398
R_3oXES6gIQk4jGsQ,2025-03-19T15:36:58Z,2025-03-19T15:51:21Z,1,39,43,78057,8,8,9,7,6,Confusing,2,Scientific,4,Complicated,1,1,0,1,1,0,0,0,0,0,0,0,NA,0,4,3,3,1,Uncertainty of risks involved and I’m not educated on the subject.,NA,NA,3,1,0,4,5,NA,4,75,25,50,50,5,5,5,5,10,10,10,10,0,0,3,3,3,0,0,0,3,0,1,1,1,1,1,1,1,1,1,7,7,7,7,7,7,7,7,7,3,0,NA,5,5,6,3,NA,10,Lawrence Livermore National Laboratory,2-year or associate degree,Female,"$50,000 to under $75,000",Non-metro,White,No,Other or none,The Republican Party,I voted,Donald Trump,South,Texas,Female,30-49,Some college/2-yr degree,White,South,Non-metro,"> $50,000",Independent,Donald Trump,0.6288341059884719
R_11af7DxZ8zBUQgh,2025-03-21T23:12:29Z,2025-03-21T23:27:00Z,1,56,9,33903,10,10,10,10,10,don't know,3,expensive,3,complicated,3,0,NA,NA,NA,NA,NA,NA,NA,NA,NA,NA,NA,NA,NA,7,7,7,NA,we need other sources of energy,NA,2,1,1,0,1,NA,6,60,40,40,60,9,10,10,8,3,10,10,10,7,1,4,4,7,4,1,5,1,1,1,3,4,4,7,1,1,1,1,7,2,7,4,7,7,6,4,7,4,1,5,NA,10,4,2,NA,10,Lawrence Livermore National Laboratory,High school graduate or GED,Female,"$15,000 to under $50,000",Metropolitan,White,Yes,Republican,NA,I voted,Donald Trump,South,Florida,Female,50-64,HS or less,Hispanic,South,Metropolitan,"< $50,000",Republican,Donald Trump,0.7862989758596359
R_5PSkFz265rmOVHg,2025-03-19T14:14:16Z,2025-03-19T14:25:11Z,1,48,46,23083,5,5,8,9,3,Development,4,Science,4,Careful,3,1,0,1,0,0,0,0,0,0,0,0,NA,5,2,4,4,4,NA,NA,I feel the government have to be responsible to take care with the environment.,2,1,1,0,3,NA,4,50,50,50,50,10,9,6,8,6,5,7,6,5,7,8,5,6,8,8,6,6,3,4,4,4,4,5,4,4,4,4,4,4,4,5,4,4,4,4,4,2,1,10,NA,9,4,5,No,10,Lawrence Livermore National Laboratory,4-year or bachelor degree,Female,"$50,000 to under $75,000",Metropolitan,White,Yes,Democrat,NA,I was not registered to vote,NA,South,Virginia,Female,30-49,4-yr/post-graduate degree,Hispanic,South,Metropolitan,"> $50,000",Democrat,3rd or didn't vote,2.286111212133171
R_1nNuKs2sT3jv1Pg,2025-03-19T18:22:15Z,2025-03-19T20:47:43Z,1,53,37,97223,4,8,9,3,9,Differnt kinds of energy combined,3,Nuclear,2,Futuristic,4,0,NA,NA,NA,NA,NA,NA,NA,NA,NA,NA,NA,NA,NA,3,3,3,NA,NA,I do. It sounds great on paper but Im now thinking nuclear plants and stuff tht we arent really sure about. Are there any effects possible to the environment around these plants?,4,1,1,0,5,NA,4,80,20,20,80,9,5,10,4,9,9,9,10,2,6,6,5,7,8,6,5,7,7,4,4,5,5,5,3,4,5,6,5,3,4,4,3,6,4,5,4,3,1,9,NA,10,4,3,Its kinda scary for me. I think we need to be slowly educated on it,50,Lawrence Livermore National Laboratory,Post-graduate degree,Female,"More than $200,000",Metropolitan,Black or African-American,No,Independent,The Republican Party,I voted,Kamala Harris,West,Oregon,Female,50-64,4-yr/post-graduate degree,Black,West,Metropolitan,"> $50,000",Independent,Kamala Harris,0.5907041421083056
R_5ahPyPkjNLWqs6M,2025-03-20T01:45:21Z,2025-03-20T02:03:51Z,1,29,30,08094,8,7,10,8,9,Nuclear fusion,4,Clean energy,5,Sustainable power,4,1,0,0,1,1,0,1,0,1,0,0,NA,4,3,3,4,2,"I'm not against fusion energy,but I think it still faces technical and safety challenges,especially in terms of energy gain and material durability.",NA,NA,4,1,1,0,2,7,NA,30,70,40,60,9,10,7,5,2,3,10,8,8,7,9,9,10,7,9,8,8,5,3,5,4,4,6,4,1,4,7,6,3,4,4,2,5,7,4,6,4,1,9,NA,10,5,6,"I see fusion energy as the potential for future clean energy,but there are still many technical and engineering challenges.",50,US national laboratories for energy and security,4-year or bachelor degree,Female,"$75,000 to under $100,000",Metropolitan,White,No,Republican,NA,I voted,Donald Trump,Northeast,New Jersey,Female,18-29,4-yr/post-graduate degree,White,Northeast,Metropolitan,"> $50,000",Republican,Donald Trump,0.9467551651482791
R_7RWwkEkPTplITzI,2025-03-20T18:50:07Z,2025-03-20T20:22:53Z,1,19,30,07108,7,6,1,9,1,good,4,great,4,powerful,4,0,NA,NA,NA,NA,NA,NA,NA,NA,NA,NA,NA,NA,NA,5,6,5,NA,NA,i feel good about it,3,1,0,0,5,4,NA,50,50,50,50,9,7,7,7,7,9,6,6,6,1,6,4,4,8,5,4,4,8,4,3,5,5,5,4,5,5,5,5,3,4,2,5,6,4,2,4,3,0,NA,7,8,4,7,thsat it is very good,50,Lawrence Livermore National Laboratory,High school graduate or GED,Male,"Less than $15,000",Metropolitan,Black or African-American,Yes,Other or none,Neither,I did not vote,NA,Northeast,New Jersey,Male,18-29,HS or less,Hispanic,Northeast,Metropolitan,"< $50,000",Independent,3rd or didn't vote,1.8899558587708662
R_74J8gopBIvdloPf,2025-03-20T16:23:24Z,2025-03-21T01:20:03Z,1,38,5,93307,8,9,9,9,8,Fusion,3,Energy,3,NA,3,0,NA,NA,NA,NA,NA,NA,NA,NA,NA,NA,NA,NA,NA,6,5,5,NA,NA,Don't care much if it,4,1,0,0,3,NA,3,20,80,50,50,4,5,4,6,4,4,5,3,7,5,5,4,5,6,5,6,5,4,6,5,4,6,5,2,4,5,3,5,3,5,3,3,2,3,2,3,2,1,5,NA,8,3,1,No,50,US national laboratories for energy and security,2-year or associate degree,Female,"$15,000 to under $50,000",Metropolitan,White,Yes,Democrat,NA,I voted,Kamala Harris,West,California,Female,30-49,Some college/2-yr degree,Hispanic,West,Metropolitan,"< $50,000",Democrat,Kamala Harris,0.6529558343158969
R_33fdyJeXUP8TqfA,2025-03-19T21:18:57Z,2025-03-19T21:27:40Z,1,24,17,42066,5,7,7,8,5,Confused,4,Good,5,Surprise,4,2,NA,NA,NA,NA,NA,NA,NA,NA,NA,NA,NA,NA,NA,5,5,6,NA,NA,I feel as though it’s dangerous but also beneficial.,3,1,1,4,3,5,NA,40,60,60,40,5,6,8,8,7,6,8,3,7,9,10,5,8,6,7,8,8,3,2,4,4,4,3,2,3,4,7,5,4,4,6,4,7,5,6,4,2,1,7,NA,9,2,2,I think it’s dangerous but so is radioactive energy.,10,Lawrence Livermore National Laboratory,2-year or associate degree,Female,"$15,000 to under $50,000",Non-metro,Black or African-American,Yes,Republican,NA,I voted,Donald Trump,South,Kentucky,Female,18-29,Some college/2-yr degree,Hispanic,South,Non-metro,"< $50,000",Republican,Donald Trump,0.928524880782095
R_3q8XDPltzlZI47r,2025-03-18T22:01:09Z,2025-03-18T22:12:45Z,1,21,43,78572,7,6,9,8,6,Advanced,4,Future,4,Efficient,4,1,0,0,1,1,0,0,1,0,0,0,NA,1,4,6,7,6,NA,"I believe that development of alternative methods of energy production, specifically more efficient methods are necessary.",NA,5,1,1,0,3,NA,5,50,50,40,60,9,10,8,7,4,2,6,7,10,5,5,5,6,4,6,7,8,4,4,4,4,4,5,4,4,4,5,4,4,4,4,4,4,4,4,4,2,1,9,NA,9,6,3,N/A,10,Lawrence Livermore National Laboratory,"Some college, no degree",Male,"$75,000 to under $100,000",NA,White,Yes,Independent,The Republican Party,I did not vote,NA,NA,Texas,Male,18-29,Some college/2-yr degree,Hispanic,South,Metropolitan,"> $50,000",Independent,3rd or didn't vote,2.204159801099133
R_5Tgz0SpVZYk03sZ,2025-03-19T16:43:00Z,2025-03-19T17:09:53Z,1,50,24,39073,7,5,4,10,0,i dont know,3,i dont know,3,i have no idea,3,0,NA,NA,NA,NA,NA,NA,NA,NA,NA,NA,NA,NA,NA,4,4,4,NA,NA,i dont know enough to offer an opinion,4,1,1,0,5,4,NA,0,100,100,0,8,8,6,8,1,5,1,2,10,5,7,5,6,0,5,7,7,7,4,7,4,4,7,1,7,2,7,7,7,6,4,7,7,5,7,7,3,0,NA,5,2,7,5,NA,50,US national laboratories for energy and security,High school graduate or GED,Female,"$100,000 to under $150,000",Metropolitan,White,No,Republican,NA,I voted,Donald Trump,South,Mississippi,Female,50-64,HS or less,White,South,Metropolitan,"> $50,000",Republican,Donald Trump,0.7294759208506334
R_5mHgk6yYBTmN1T3,2025-03-19T21:02:59Z,2025-03-19T21:22:56Z,1,53,13,62009,10,5,5,5,6,Nuclear-powered,3,Sonic,3,New age,2,0,NA,NA,NA,NA,NA,NA,NA,NA,NA,NA,NA,NA,NA,3,5,4,NA,NA,I am not scared of it because it will have to go somewhere.  It should however go to some place that is less populated,2,1,1,0,3,NA,5,10,90,20,80,6,5,5,5,4,3,8,7,4,5,1,3,3,4,6,1,4,0,5,2,1,5,6,5,7,6,3,4,6,5,4,3,4,6,6,2,1,1,4,NA,5,4,2,I will welcome a new energy source.,50,Lawrence Livermore National Laboratory,4-year or bachelor degree,Male,"$50,000 to under $75,000",Metropolitan,White,No,Independent,The Democratic Party,I voted,Kamala Harris,Midwest,Illinois,Male,50-64,4-yr/post-graduate degree,White,Midwest,Metropolitan,"> $50,000",Independent,Kamala Harris,0.679614335126632
R_5CUFAYdDs4aPAo1,2025-03-19T17:39:33Z,2025-03-19T17:57:42Z,1,65,38,15650,10,9,8,10,10,Nuclear,2,Energy,3,NA,NA,2,NA,NA,NA,NA,NA,NA,NA,NA,NA,NA,NA,NA,NA,4,4,3,NA,NA,I feel as if it needs to be in my area I would be ok. But I’d rather not.,2,1,1,0,3,4,NA,75,25,50,50,10,10,9,10,6,9,9,9,10,8,7,7,7,9,7,7,7,5,3,4,3,4,4,3,3,5,6,4,4,4,4,4,5,3,4,5,2,1,10,NA,10,4,2,I just not sure if I can trust the government today as it is.,50,US national laboratories for energy and security,2-year or associate degree,Female,"$75,000 to under $100,000",Metropolitan,White,No,Democrat,NA,I voted,Kamala Harris,Northeast,Pennsylvania,Female,65+,Some college/2-yr degree,White,Northeast,Metropolitan,"> $50,000",Democrat,Kamala Harris,0.725483071953291
R_7BACQixyE8kMnuN,2025-03-23T17:53:55Z,2025-03-23T18:25:58Z,1,43,38,16646,5,8,10,8,4,I'm not sure,3,none,3,not sure,3,0,NA,NA,NA,NA,NA,NA,NA,NA,NA,NA,NA,NA,NA,3,4,4,NA,NA,I would need more information.,3,1,1,0,3,3,NA,45,55,55,45,7,5,7,6,7,6,7,6,7,7,7,7,7,6,7,6,8,8,4,3,3,3,4,4,4,3,4,4,4,4,5,5,4,4,4,4,3,0,NA,0,3,4,5,NA,50,Lawrence Livermore National Laboratory,2-year or associate degree,Female,"$75,000 to under $100,000",Metropolitan,White,No,Republican,NA,I voted,Donald Trump,Northeast,Pennsylvania,Female,30-49,Some college/2-yr degree,White,Northeast,Metropolitan,"> $50,000",Republican,Donald Trump,0.7674922917727529
R_3GB4WIkYq2ersHm,2025-03-18T21:04:01Z,2025-03-18T21:15:03Z,1,34,43,75224,8,7,8,10,10,Not quick no this word,3,Na,3,Na,3,0,NA,NA,NA,NA,NA,NA,NA,NA,NA,NA,NA,NA,NA,4,1,1,It bad enough the government is missing with the energy now,NA,NA,6,1,0,0,4,4,NA,25,75,99,1,10,7,4,1,8,9,1,9,10,0,9,10,8,7,8,8,8,6,7,1,7,4,1,3,7,7,4,1,3,1,4,1,4,4,1,5,3,0,NA,6,6,4,6,NA,10,US national laboratories for energy and security,High school graduate or GED,Female,"Less than $15,000",Metropolitan,Black or African-American,No,Other or none,Neither,I did not vote,NA,South,Texas,Female,30-49,HS or less,Black,South,Metropolitan,"< $50,000",Independent,3rd or didn't vote,1.341659296276192
R_6phbGGEnTh8tkXf,2025-03-18T20:42:19Z,2025-03-18T20:58:16Z,1,50,35,44680,6,5,7,4,4,No information,3,Unknown,3,NA,NA,0,NA,NA,NA,NA,NA,NA,NA,NA,NA,NA,NA,NA,NA,4,4,4,NA,NA,Dont have enough knowledge on the subject to make an informative decision,4,1,1,0,2,4,NA,100,0,30,70,8,6,8,8,7,1,3,7,0,7,4,4,7,2,8,5,8,1,3,5,4,4,5,4,3,4,6,5,3,4,4,3,5,4,4,1,2,0,NA,5,5,4,3,NA,50,Lawrence Livermore National Laboratory,High school graduate or GED,Female,"$150,000 to under $200,000",Non-metro,White,No,Republican,NA,I voted,Donald Trump,Midwest,Ohio,Female,50-64,HS or less,White,Midwest,Non-metro,"> $50,000",Republican,Donald Trump,0.8102834224964155
R_7y94y9Xv2xoHk0W,2025-03-19T16:06:15Z,2025-03-19T16:17:22Z,1,55,33,28144,8,10,10,10,3,Clean efficient dependable,4,Efficient,5,Dependable,4,1,0,0,1,0,0,0,0,0,0,0,NA,2,2,7,6,5,NA,NA,Not sure exactly what is involved,3,1,1,4,3,4,NA,75,25,50,50,9,9,9,9,3,1,3,3,5,8,7,7,6,5,8,7,6,5,4,4,4,4,7,4,4,5,7,4,5,4,4,1,4,4,4,1,2,1,10,NA,9,7,5,No thanks.,50,US national laboratories for energy and security,"Some college, no degree",Male,"$50,000 to under $75,000",Metropolitan,Native American or American Indian,Yes,Republican,NA,I voted,Donald Trump,South,North Carolina,Male,50-64,Some college/2-yr degree,Hispanic,South,Metropolitan,"> $50,000",Republican,Donald Trump,0.9544595805461172
R_5dKbwdFfopAieNi,2025-03-20T11:28:24Z,2025-03-20T11:34:08Z,1,39,28,89052,8,8,8,8,9,"Electric, postive, and shift",4,"Cool, calm and collected",4,"Fused, feelings and  ideas",4,1,0,0,1,0,0,0,0,0,0,0,NA,8,2,6,5,5,NA,NA,No,3,0,1,1,2,5,NA,50,50,50,50,8,8,8,8,8,8,8,8,8,8,8,8,8,8,8,8,8,8,6,6,6,5,6,6,6,5,6,6,6,5,5,5,6,5,6,5,2,1,8,NA,7,5,8,It helps our way of life and making things more easier.,50,US national laboratories for energy and security,High school graduate or GED,Male,"$50,000 to under $75,000",Metropolitan,Black or African-American,No,Republican,NA,I voted,Donald Trump,West,Nevada,Male,30-49,HS or less,Black,West,Metropolitan,"> $50,000",Republican,Donald Trump,0.7635920485642581
R_5Pt6iDqblJNsQa6,2025-03-23T22:14:07Z,2025-03-23T22:57:32Z,1,53,18,71461,6,9,9,6,7,Nuclear power,2,Chernobyl,1,Fukushima,2,2,NA,NA,NA,NA,NA,NA,NA,NA,NA,NA,NA,NA,NA,4,3,1,Fusion energy sounds promising and may work flawlessly for years and it takes one incident to change the people and surroundings forever.,NA,NA,6,0,0,0,1,NA,5,0,100,40,60,1,8,8,1,10,5,8,7,5,3,6,5,7,5,4,5,6,1,1,6,2,4,5,2,2,4,5,6,1,4,4,2,7,4,4,2,3,0,NA,4,6,5,3,"Although I find the subject matter a little scary,  a safe and reliable energy source is necessary.  I just hope it stays in good hands and the powers that be use it for good.",50,US national laboratories for energy and security,4-year or bachelor degree,Female,"$15,000 to under $50,000",Non-metro,White,No,Independent,The Republican Party,I voted,Donald Trump,South,Louisiana,Female,50-64,4-yr/post-graduate degree,White,South,Non-metro,"< $50,000",Independent,Donald Trump,0.6158348051197864
R_3usy5zIGNsHkv17,2025-03-21T03:48:18Z,2025-03-21T03:57:03Z,1,72,47,98102,8,7,10,6,7,cheap and safe,4,breakthrough,4,unknown,3,1,1,1,0,0,0,0,0,0,0,0,NA,4,1,6,5,5,NA,NA,worried about the safety aspect,2,1,1,0,2,6,NA,25,75,40,60,7,9,7,8,7,7,5,4,8,8,8,8,8,6,6,6,8,5,3,4,4,4,6,2,4,4,5,4,4,4,4,2,6,4,4,4,3,1,9,NA,10,2,7,NA,50,US national laboratories for energy and security,Post-graduate degree,Male,"$100,000 to under $150,000",Metropolitan,Mixed race,No,Democrat,NA,I voted,Kamala Harris,West,Washington,Male,65+,4-yr/post-graduate degree,Other,West,Metropolitan,"> $50,000",Democrat,Kamala Harris,0.8175853392518433
R_5JgifjwHTQzrDHG,2025-03-18T21:11:45Z,2025-03-18T21:21:44Z,1,77,43,75238,9,10,9,10,9,Not,3,familiar,3,with,3,0,NA,NA,NA,NA,NA,NA,NA,NA,NA,NA,NA,NA,NA,4,4,3,NA,NA,I need to know more about the effects on surrounding areas this type of energy plant would have,3,1,0,0,4,4,NA,50,50,10,90,7,4,3,6,1,5,4,10,2,5,7,6,7,6,6,5,7,1,4,4,4,4,4,4,3,4,2,3,4,4,4,4,4,3,4,7,2,1,9,NA,10,4,0,NA,50,US national laboratories for energy and security,High school graduate or GED,Female,"$15,000 to under $50,000",Metropolitan,White,No,Democrat,NA,I voted,Kamala Harris,South,Texas,Female,65+,HS or less,White,South,Metropolitan,"< $50,000",Democrat,Kamala Harris,0.6187885264125149
R_7UuLrQEkh91Bi13,2025-03-18T20:29:15Z,2025-03-18T20:43:31Z,1,61,28,89110,7,8,7,8,9,Fast,4,Confident,4,Moneywise,4,0,NA,NA,NA,NA,NA,NA,NA,NA,NA,NA,NA,NA,NA,4,4,3,NA,NA,It still beginning stage so it if???,3,1,1,0,5,NA,4,0,100,50,50,5,5,6,5,4,4,4,4,6,5,5,5,5,5,5,5,5,4,4,4,4,4,3,4,4,3,3,4,4,4,4,3,3,4,3,3,2,0,NA,5,8,4,4,Nope,10,Lawrence Livermore National Laboratory,High school graduate or GED,Male,"Less than $15,000",Metropolitan,White,No,Republican,NA,I voted,Donald Trump,West,Nevada,Male,50-64,HS or less,White,West,Metropolitan,"< $50,000",Republican,Donald Trump,0.6842076660796323
R_7MJWwfLi503NoLy,2025-03-19T03:53:32Z,2025-03-19T04:12:16Z,1,47,38,18064,6,6,10,8,9,Unknown,3,Curious,3,Interesting,4,0,NA,NA,NA,NA,NA,NA,NA,NA,NA,NA,NA,NA,NA,6,6,5,NA,NA,"I don't know enough about it,  but trusting a company to do the right thing , I'm skeptical",5,1,1,0,1,NA,5,80,20,60,40,9,10,9,9,7,6,8,7,8,7,8,6,9,5,5,6,9,3,6,5,4,4,7,2,5,4,7,4,4,5,4,1,6,3,4,6,2,1,8,NA,9,4,3,I want to learn more about it,50,Lawrence Livermore National Laboratory,High school graduate or GED,Male,"$100,000 to under $150,000",Metropolitan,Mixed race,No,Republican,NA,I voted,Donald Trump,Northeast,Pennsylvania,Male,30-49,HS or less,Other,Northeast,Metropolitan,"> $50,000",Republican,Donald Trump,0.7546620097526652
R_5EK69hbiy37eyRj,2025-03-21T19:20:45Z,2025-03-21T19:35:45Z,1,52,5,92223,10,10,10,10,10,NA,3,NA,3,NA,3,0,NA,NA,NA,NA,NA,NA,NA,NA,NA,NA,NA,NA,NA,7,5,5,NA,NA,"Just need a little bit more information about this fusion energy the way the economy is today. We need some type of lower prices on energy and if this is going to work for us, hard-working people, we need to really understand what fusing energy is.",4,1,1,4,5,7,NA,50,50,75,25,7,7,7,10,7,7,7,7,9,5,5,8,6,5,5,5,5,10,6,5,6,4,7,4,6,6,6,6,4,4,4,4,6,7,6,7,3,1,7,NA,10,4,10,N/A,10,Lawrence Livermore National Laboratory,Some high school or less,Female,"$50,000 to under $75,000",Metropolitan,Mixed race,Yes,Other or none,Neither,I did not vote,NA,West,California,Female,50-64,HS or less,Hispanic,West,Metropolitan,"> $50,000",Independent,3rd or didn't vote,1.7933277951821909
R_3zsseYn0abHobGF,2025-03-20T04:45:18Z,2025-03-20T05:04:19Z,1,70,43,75090,10,10,10,10,10,Future,4,Necesssary,4,A good idea,4,0,NA,NA,NA,NA,NA,NA,NA,NA,NA,NA,NA,NA,NA,5,4,4,NA,NA,I have no problem with a facility being revitivaly close to me,2,1,1,0,3,4,NA,50,50,50,50,5,4,5,5,10,10,5,4,6,5,3,2,5,4,3,5,5,5,2,2,2,2,2,2,2,2,2,2,2,2,2,2,2,2,2,3,2,1,1,NA,10,4,4,None,50,Lawrence Livermore National Laboratory,High school graduate or GED,Female,"$15,000 to under $50,000",Metropolitan,White,No,Republican,NA,I voted,Donald Trump,South,Texas,Female,65+,HS or less,White,South,Metropolitan,"< $50,000",Republican,Donald Trump,0.7859591462416268
R_1UXgudZIUye3Nik,2025-03-18T20:20:44Z,2025-03-18T21:05:27Z,1,67,47,98661,10,10,10,10,10,it can be spread out to include lots of different areas,5,i'm pretty much positive cause i think it can be dealt with,5,it can be also main purpose turn that into positivity,5,0,NA,NA,NA,NA,NA,NA,NA,NA,NA,NA,NA,NA,NA,4,7,7,NA,well in the long run it will change fusion energy into electricity it could be a very supportive measure it can be very appealing it can also give us other projects,NA,2,1,1,0,3,NA,7,50,50,50,50,10,10,10,10,10,10,10,10,10,10,10,10,10,10,10,10,10,10,6,6,4,7,5,7,5,6,5,3,5,6,7,7,5,5,4,4,1,0,NA,10,7,7,4,i think it will be best focused and talked about it more,50,US national laboratories for energy and security,2-year or associate degree,Female,"$50,000 to under $75,000",Metropolitan,White,No,Democrat,NA,I voted,Kamala Harris,West,Washington,Female,65+,Some college/2-yr degree,White,West,Metropolitan,"> $50,000",Democrat,Kamala Harris,0.727307453677926
R_71VH4SFwJH50Ljb,2025-03-19T17:29:35Z,2025-03-19T17:44:15Z,1,56,39,02903,6,7,9,7,5,Energy from different sources,3,Better,3,Recycling,3,0,NA,NA,NA,NA,NA,NA,NA,NA,NA,NA,NA,NA,NA,4,4,2,"Because it’s not enough research, pros and cons are unknown",NA,NA,2,1,1,1,3,5,NA,10,90,50,50,5,7,8,8,6,6,5,5,3,3,6,6,2,4,6,8,5,4,4,5,3,6,5,4,4,5,6,3,5,3,7,3,5,4,3,6,3,1,5,NA,10,4,3,NA,10,US national laboratories for energy and security,4-year or bachelor degree,Female,"$75,000 to under $100,000",Metropolitan,White,Yes,Other or none,Neither,I did not vote,NA,Northeast,Rhode Island,Female,50-64,4-yr/post-graduate degree,Hispanic,Northeast,Metropolitan,"> $50,000",Independent,3rd or didn't vote,2.0450574653475724
R_5NDNiQu9eWoR2ga,2025-03-22T21:56:01Z,2025-03-22T22:03:54Z,1,50,30,07018,10,10,10,10,10,Clean water,5,Clean fuel,5,Nuclear fuel,5,1,1,0,0,0,0,0,0,0,0,0,NA,10,2,7,7,7,NA,We will have cleaner water and fuel which is safer for us in the future and climate change,NA,2,1,1,3,3,NA,4,30,70,80,20,10,10,10,10,10,10,10,10,10,10,10,10,10,10,10,10,10,10,4,4,4,4,4,4,4,4,4,4,4,4,4,4,4,4,4,4,2,1,10,NA,10,1,5,I think it would help with climate change,10,Lawrence Livermore National Laboratory,Post-graduate degree,Female,"$50,000 to under $75,000",Metropolitan,White,Yes,Democrat,NA,I voted,Donald Trump,Northeast,New Jersey,Female,50-64,4-yr/post-graduate degree,Hispanic,Northeast,Metropolitan,"> $50,000",Democrat,Donald Trump,0.9320175978784985
R_7t8SL0yLYUWdDOq,2025-03-19T18:37:13Z,2025-03-19T18:47:26Z,1,40,36,74804,9,6,10,8,5,Positive,3,Positive,3,Negative,3,2,NA,NA,NA,NA,NA,NA,NA,NA,NA,NA,NA,NA,NA,4,4,5,NA,NA,They need to talk more about it and teach people about it. That’s how I feel and that’s why I have mixed feelings.,4,1,1,4,4,4,NA,50,50,50,50,5,5,5,5,5,5,5,5,5,5,5,5,5,5,5,5,5,5,4,4,4,4,4,4,4,4,4,4,4,4,4,4,4,4,4,4,3,1,5,NA,5,3,5,None,10,Lawrence Livermore National Laboratory,High school graduate or GED,Female,"$15,000 to under $50,000",Non-metro,Black or African-American,No,Other or none,Neither,I was not registered to vote,NA,South,Oklahoma,Female,30-49,HS or less,Black,South,Non-metro,"< $50,000",Independent,3rd or didn't vote,1.3312472621594065
R_14BPr1VjkEOGawo,2025-03-21T17:39:08Z,2025-03-21T18:07:04Z,1,56,1,35405,6,7,8,7,8,Nuclear reactor power plant,3,Nuclear meltdown radiation,2,Radioactive waste,2,1,1,1,0,0,1,0,0,0,0,0,NA,3,3,5,3,3,NA,NA,This energy could be a good source of further developed,3,1,1,3,3,NA,4,70,30,60,40,5,5,5,6,6,4,4,5,5,4,5,5,4,4,5,4,4,7,3,3,5,4,6,4,5,5,6,5,5,5,5,3,5,5,3,4,3,1,5,NA,6,4,7,Could be a good world energy if further developed,50,US national laboratories for energy and security,4-year or bachelor degree,Male,"$50,000 to under $75,000",Metropolitan,Black or African-American,No,Democrat,NA,I voted,Kamala Harris,South,Alabama,Male,50-64,4-yr/post-graduate degree,Black,South,Metropolitan,"> $50,000",Democrat,Kamala Harris,0.684908381387964
R_7ELSx7RAFwyCoyx,2025-03-21T07:56:56Z,2025-03-21T08:21:49Z,1,38,32,11355,8,7,9,8,8,Unpredictable,3,Infinite-potential,5,Impactful,3,1,1,1,1,1,1,1,1,1,0,0,NA,5,2,4,4,2,I think it can be built further away from residential areas because I think it's too dangerous,NA,NA,4,1,1,2,5,4,NA,50,50,50,50,8,9,9,7,8,9,9,8,5,8,8,8,9,8,7,9,8,6,3,5,4,4,5,2,4,4,3,5,3,4,4,3,5,4,4,5,3,1,10,NA,7,2,8,NA,50,US national laboratories for energy and security,Post-graduate degree,Male,"$100,000 to under $150,000",Metropolitan,White,No,Democrat,NA,I voted,Kamala Harris,Northeast,New York,Male,30-49,4-yr/post-graduate degree,White,Northeast,Metropolitan,"> $50,000",Democrat,Kamala Harris,0.6822420338379662
R_34nMNdtA8YrHDEk,2025-03-21T09:27:43Z,2025-03-21T09:50:41Z,1,33,32,11355,7,8,8,7,7,Economical,4,Ultra-clean,4,Inexhaustible,4,1,1,1,1,1,1,1,1,1,0,0,NA,7,2,5,6,1,It's too close to residential areas. It's dangerous,NA,NA,3,1,1,3,3,NA,6,20,80,50,50,8,8,9,7,9,8,8,8,7,9,8,9,9,9,9,8,8,7,3,4,4,4,5,4,3,4,2,4,3,4,4,2,5,5,4,6,1,1,9,NA,7,3,6,NA,10,US national laboratories for energy and security,Post-graduate degree,Male,"$100,000 to under $150,000",Metropolitan,White,No,Republican,NA,I voted,Donald Trump,Northeast,New York,Male,30-49,4-yr/post-graduate degree,White,Northeast,Metropolitan,"> $50,000",Republican,Donald Trump,0.8665551211076793
R_1LaSvoFmzwveLcG,2025-03-21T16:03:58Z,2025-03-21T16:12:29Z,1,70,32,12443,3,5,8,3,8,nuclear,2,reactor,2,radioactive,1,1,0,1,0,0,0,0,0,0,0,0,NA,4,2,3,4,3,NA,NA,I don't know enough about it to be pro or totally con.,2,1,1,0,5,NA,5,30,70,25,75,9,9,7,7,7,8,7,9,0,8,10,8,10,7,2,7,9,6,4,4,4,4,5,2,4,3,6,4,4,4,4,3,7,4,5,3,2,1,10,NA,10,1,5,no.,50,US national laboratories for energy and security,Post-graduate degree,Male,"$100,000 to under $150,000",Metropolitan,White,No,Democrat,NA,I voted,Kamala Harris,Northeast,New York,Male,65+,4-yr/post-graduate degree,White,Northeast,Metropolitan,"> $50,000",Democrat,Kamala Harris,0.8191236290151549
R_7nJgLTjgzP4zkLm,2025-03-19T16:11:54Z,2025-03-19T16:20:53Z,1,51,5,90021,4,5,9,5,5,Nothing,3,Jone,3,None,3,0,NA,NA,NA,NA,NA,NA,NA,NA,NA,NA,NA,NA,NA,4,4,3,NA,NA,I am unclear,4,1,0,0,5,NA,4,0,100,0,100,2,2,2,2,3,3,3,3,3,3,4,3,5,3,3,3,2,3,4,4,3,4,4,4,4,4,4,4,4,4,3,4,4,4,4,4,3,1,0,NA,2,2,2,No,10,US national laboratories for energy and security,2-year or associate degree,Female,"$50,000 to under $75,000",Metropolitan,White,No,Other or none,Neither,I did not vote,NA,West,California,Female,50-64,Some college/2-yr degree,White,West,Metropolitan,"> $50,000",Independent,3rd or didn't vote,1.571942890721092
R_3N49aCzXREh2Djo,2025-03-18T22:35:43Z,2025-03-18T23:01:22Z,1,27,32,14760,10,10,10,10,10,Climate change,2,Clean Air,5,Air pollution,1,0,NA,NA,NA,NA,NA,NA,NA,NA,NA,NA,NA,NA,NA,6,5,4,NA,NA,I don't know if its 100% safe for being around my family,2,1,1,0,1,NA,4,90,10,50,50,10,10,10,10,1,5,1,1,8,1,1,0,6,10,7,0,6,0,2,2,2,3,4,4,2,5,1,1,1,1,4,4,4,1,4,1,2,1,9,NA,9,6,0,No,10,US national laboratories for energy and security,"Some college, no degree",Female,"Less than $15,000",Non-metro,White,No,Other or none,Neither,I was not registered to vote,NA,Northeast,New York,Female,18-29,Some college/2-yr degree,White,Northeast,Non-metro,"< $50,000",Independent,3rd or didn't vote,1.5834837856594701
R_1COeFfQAJhOr8lC,2025-03-19T17:36:40Z,2025-03-19T17:55:11Z,1,67,32,11782,9,8,10,10,7,nuclear,4,Science,4,Clean,4,0,NA,NA,NA,NA,NA,NA,NA,NA,NA,NA,NA,NA,NA,5,5,1,i am opposed to any type of power plant near my residence,NA,NA,2,1,1,0,5,NA,5,75,25,50,50,6,7,7,8,5,3,7,7,8,7,8,8,8,7,9,8,8,5,5,4,3,4,5,2,4,3,6,4,5,5,5,4,6,5,6,1,2,0,NA,6,4,6,3,it's new to me but sounds like something that needs to be taken seriously for many years to come.,50,US national laboratories for energy and security,"Some college, no degree",Male,"$50,000 to under $75,000",Metropolitan,White,Yes,Republican,NA,I voted,Donald Trump,Northeast,New York,Male,65+,Some college/2-yr degree,Hispanic,Northeast,Metropolitan,"> $50,000",Republican,Donald Trump,1.147058467888115
R_3pkZ6Wa6cyqA6dR,2025-03-19T18:41:11Z,2025-03-19T18:56:46Z,1,53,38,15204,8,9,9,9,7,Forward,4,Thinking,5,Progress,5,1,0,0,0,0,1,0,1,0,0,0,NA,4,2,4,5,6,NA,NA,"I am just unsure about the safety of the surrounding communities.I believe if it is deemed safe,it would be accepted in the area where I live.",2,1,1,0,3,5,NA,30,70,80,20,9,8,8,8,6,5,5,6,7,9,9,8,8,7,8,7,9,3,4,4,4,4,4,4,4,4,6,5,6,5,4,5,5,6,5,2,2,1,7,NA,7,4,7,Nothing,10,US national laboratories for energy and security,High school graduate or GED,Male,"$50,000 to under $75,000",Metropolitan,White,No,Independent,The Republican Party,I voted,Donald Trump,Northeast,Pennsylvania,Male,50-64,HS or less,White,Northeast,Metropolitan,"> $50,000",Independent,Donald Trump,0.6286106951511707
R_7Dw37jCdwlO0T73,2025-03-19T16:13:42Z,2025-03-19T16:28:06Z,1,33,25,63136,0,0,0,0,0,Resource,4,Material,4,safety,5,1,0,0,0,0,0,0,0,0,0,1,high school,10,2,4,6,5,NA,NA,Its new and can improve our life a lot but do we need it,4,1,1,3,2,NA,4,65,35,35,65,8,8,10,9,10,9,10,9,9,9,9,8,9,8,9,8,9,8,3,3,3,3,3,3,3,3,7,7,7,7,7,7,7,7,7,4,2,1,4,NA,6,2,8,This survey informative and interesting,50,US national laboratories for energy and security,High school graduate or GED,Male,"$15,000 to under $50,000",Metropolitan,Black or African-American,No,Democrat,NA,I voted,Kamala Harris,Midwest,Missouri,Male,30-49,HS or less,Black,Midwest,Metropolitan,"< $50,000",Democrat,Kamala Harris,0.6018432991678946
R_3cxuUVjkhHMYBcl,2025-03-19T17:26:17Z,2025-03-19T17:47:17Z,1,44,6,93552,8,10,9,9,9,Nice,5,Cool,5,Awesome,5,1,1,0,1,0,0,0,0,0,0,0,NA,10,2,7,6,7,NA,The most common form is,NA,3,0,1,3,3,NA,7,50,50,50,50,9,9,9,9,8,8,9,10,10,9,8,9,10,8,8,9,10,8,6,6,6,6,6,7,7,7,6,6,6,6,7,6,6,6,6,6,2,1,10,NA,9,7,10,The most common type is the following,50,Lawrence Livermore National Laboratory,High school graduate or GED,Female,"$75,000 to under $100,000",Metropolitan,Asian or Asian-American,No,Republican,NA,I voted,Donald Trump,West,Colorado,Female,30-49,HS or less,Other,West,Metropolitan,"> $50,000",Republican,Donald Trump,0.7288054892633229
R_74A9BNV5cXvUpV0,2025-03-19T15:53:17Z,2025-03-20T19:00:35Z,1,73,13,60010,6,7,8,3,7,Theoretical Clean energy,4,Expensive experimental venture,3,Requires Government Financing,3,1,1,0,0,1,0,0,0,1,0,1,Learned about it in school,5,2,3,4,2,"If the fusion reaction becomes contained because the plasma containment fails, does the reaction stop? Or does the reaction continue and run incurred burning up the earth",NA,NA,4,1,0,3,3,NA,4,50,50,5,95,9,8,10,6,9,6,7,3,7,7,9,7,9,5,3,6,9,6,3,5,4,4,7,1,3,3,4,4,4,4,4,4,7,5,4,6,3,1,10,NA,10,3,5,"I am concerned for the US and the world’s future. 
Energy independence and renewables or sources of clean energy such as thorium molten salt reactors which are economically feasible right now are a better use of our money. Fission, while interesting from a theoretical aspect, are better suited for moderate funding for long term research",50,Lawrence Livermore National Laboratory,Post-graduate degree,Male,"$150,000 to under $200,000",Metropolitan,White,No,Independent,The Democratic Party,I voted,Kamala Harris,Midwest,Illinois,Male,65+,4-yr/post-graduate degree,White,Midwest,Metropolitan,"> $50,000",Independent,Kamala Harris,0.81459874642719
R_6qW18l0RMxOJR2i,2025-03-20T10:02:40Z,2025-03-20T10:24:13Z,1,79,13,60126,10,8,10,10,8,Nuclear energy radiation,3,Leak,2,Nuclear waste,2,0,NA,NA,NA,NA,NA,NA,NA,NA,NA,NA,NA,NA,NA,4,4,1,I am worried about who would be overseeing the safety of this facility. Would it be independent or subject to who is in office politically and how that would affect funding and security.,NA,NA,1,1,1,0,2,5,NA,100,0,25,75,8,9,8,6,10,10,10,10,4,8,10,5,10,5,3,3,8,1,4,4,4,4,3,3,4,4,3,4,4,4,4,3,4,4,4,4,3,1,10,NA,10,2,2,My views on fusion energy are colored negatively currently because of who is currently in office. I do not trust that Trump is looking out for the American people and is only benefiting himself. I have not felt this way previously and trusted whomever was president put the American people first. I do not feel that way now with Trump in charge.,50,Lawrence Livermore National Laboratory,4-year or bachelor degree,Female,"$150,000 to under $200,000",Metropolitan,White,No,Democrat,NA,I voted,Kamala Harris,Midwest,Illinois,Female,65+,4-yr/post-graduate degree,White,Midwest,Metropolitan,"> $50,000",Democrat,Kamala Harris,0.8810094127948959
R_73kBfZGgkSBq9Xy,2025-03-22T17:19:57Z,2025-03-22T17:39:04Z,1,29,49,53149,6,10,8,10,9,nuclear,4,clean,5,dangerous,2,1,0,0,1,1,1,0,0,0,0,1,College/university/professional development websites,5,2,5,6,7,NA,"Careers here are really one-dimensional. If you're not working in an office for a business in a relatively niche industry, then you're in retail, manufacturing, warehousing/delivery, or hospitality. When it comes to the former types of careers, they are usually located in large or medium-sized cities, and they're in high demand and low supply. We desperately need more jobs and of a larger variety here, and so far the few efforts made to brought those here have fallen through or not lived up to their expectations.",NA,3,1,1,0,1,7,NA,40,60,35,65,10,10,8,10,4,6,9,8,0,8,4,7,4,5,5,6,7,3,4,3,4,4,1,2,2,3,5,5,6,4,4,7,7,5,5,2,2,1,8,NA,7,3,4,My generation and those younger than us tend to view any kind of nuclear technology more favorably than previous generations. I only hope we don't lose sight of the risks or downplay them to the point that people's lives or the environment are at risk.,50,US national laboratories for energy and security,"Some college, no degree",Female,"$100,000 to under $150,000",Metropolitan,White,No,Other or none,The Democratic Party,I voted,Someone else,Midwest,Wisconsin,Female,18-29,Some college/2-yr degree,White,Midwest,Metropolitan,"> $50,000",Independent,3rd or didn't vote,1.9822208266110077
R_5EUDVVwiqNVDiaB,2025-03-24T04:38:40Z,2025-03-24T04:49:26Z,1,34,36,74701,10,8,10,5,7,Combined,3,Important,3,I’m not sure,3,0,NA,NA,NA,NA,NA,NA,NA,NA,NA,NA,NA,NA,NA,2,4,1,Just wi Th things that’s happened in the past with experiments. Should experiment somewhere remote with no civilization so there won’t be any casualties or something Messing with our bodies in the long run,NA,NA,3,1,0,0,5,1,NA,90,10,90,10,1,1,1,1,9,5,10,3,5,4,3,7,4,5,5,0,4,5,4,4,5,4,3,3,1,4,1,1,1,1,1,1,1,1,1,1,3,0,NA,5,5,4,5,NA,50,Lawrence Livermore National Laboratory,High school graduate or GED,Female,"$50,000 to under $75,000",Non-metro,Black or African-American,No,Other or none,Neither,I was not registered to vote,NA,South,Oklahoma,Female,30-49,HS or less,Black,South,Non-metro,"> $50,000",Independent,3rd or didn't vote,1.4809858968909864
R_50kiacUExsKh9IO,2025-03-23T04:10:39Z,2025-03-23T05:37:06Z,1,43,37,97045,5,5,10,5,5,"Blast,",5,Energy,5,Boost,5,0,NA,NA,NA,NA,NA,NA,NA,NA,NA,NA,NA,NA,NA,7,7,7,NA,"I look at it in a positive way, I would see a change in environment and the future.",NA,2,1,1,0,4,NA,4,50,50,50,50,10,1,5,5,10,1,10,10,5,10,5,5,10,10,10,10,10,0,1,7,1,4,7,1,6,7,7,1,7,4,4,7,4,1,4,1,1,1,10,NA,10,2,5,No not really. I hope it brings the world better ways,10,Lawrence Livermore National Laboratory,4-year or bachelor degree,Female,"$150,000 to under $200,000",Metropolitan,White,No,Democrat,NA,I voted,Kamala Harris,West,Oregon,Female,30-49,4-yr/post-graduate degree,White,West,Metropolitan,"> $50,000",Democrat,Kamala Harris,0.6588667944610651
R_5d3MbcPN6W8O3B1,2025-03-20T00:11:36Z,2025-03-20T00:16:30Z,1,45,1,36607,10,10,10,10,10,Fusion,3,Energy,3,N/A,3,1,1,0,0,0,0,0,0,0,0,0,NA,10,2,7,7,7,NA,N/A,NA,6,1,1,1,3,4,NA,50,50,50,50,10,10,10,10,10,10,10,10,10,10,10,10,10,10,10,10,10,10,7,7,7,7,7,7,7,7,7,7,7,7,7,7,7,7,7,7,3,1,10,NA,10,7,10,N/A,50,Lawrence Livermore National Laboratory,High school graduate or GED,Male,"$50,000 to under $75,000",Metropolitan,White,No,Democrat,NA,I voted,Donald Trump,South,Alabama,Male,30-49,HS or less,White,South,Metropolitan,"> $50,000",Democrat,Donald Trump,0.7027059056297364
R_3pGeGondZaZY849,2025-03-21T01:24:12Z,2025-03-21T01:36:28Z,1,66,13,60090,7,6,7,7,5,Confusing,3,Science fiction,3,Impossible goal,2,1,1,0,0,0,0,0,0,0,0,1,Newspaper,3,1,3,2,4,I’m neutral about fusion energy until I know a lot more about it.,NA,NA,6,0,1,4,4,4,NA,50,50,30,70,3,8,3,6,8,7,10,7,0,5,5,6,8,2,6,5,6,5,4,5,4,4,7,2,3,6,5,4,3,4,4,2,6,4,3,5,2,1,5,NA,4,4,5,No,50,Lawrence Livermore National Laboratory,4-year or bachelor degree,Female,"$150,000 to under $200,000",Metropolitan,White,No,Independent,The Republican Party,I voted,Someone else,Midwest,Illinois,Female,65+,4-yr/post-graduate degree,White,Midwest,Metropolitan,"> $50,000",Independent,3rd or didn't vote,2.2823407296192117
R_7czoPRs2pXsCjZ8,2025-03-19T20:06:43Z,2025-03-19T20:43:44Z,1,59,42,37101,5,5,5,6,4,Actually I don't know,3,Not sure,3,NA,3,2,NA,NA,NA,NA,NA,NA,NA,NA,NA,NA,NA,NA,NA,4,4,5,NA,NA,I have no thoughts on this,6,0,0,4,5,NA,3,80,20,20,80,4,4,4,4,6,6,6,6,6,4,6,6,6,6,5,6,5,3,3,3,3,3,5,2,3,5,6,5,5,5,5,3,5,5,5,3,4,1,6,NA,7,4,4,N/A,50,US national laboratories for energy and security,High school graduate or GED,Female,"$50,000 to under $75,000",Non-metro,White,No,Independent,The Democratic Party,I was not registered to vote,NA,South,Tennessee,Female,50-64,HS or less,White,South,Non-metro,"> $50,000",Independent,3rd or didn't vote,1.4762831287517149
R_12QxWXneAT8OTF3,2025-03-20T02:31:33Z,2025-03-20T02:43:54Z,1,33,32,10465,7,7,7,7,7,Source of energy,4,economy,4,crime,2,1,0,1,1,1,0,0,0,0,0,0,NA,7,2,4,5,2,It has an impact on the environment,NA,NA,3,1,1,3,4,5,NA,20,80,80,20,7,7,7,7,7,7,7,7,7,7,7,7,7,7,7,7,7,7,4,4,4,4,4,4,4,4,4,4,4,4,4,4,4,4,4,4,2,1,8,NA,7,4,8,It is very helpful to human life.,10,Lawrence Livermore National Laboratory,Post-graduate degree,Male,"$100,000 to under $150,000",Metropolitan,White,No,Republican,NA,I voted,Donald Trump,Northeast,New York,Male,30-49,4-yr/post-graduate degree,White,Northeast,Metropolitan,"> $50,000",Republican,Donald Trump,0.8665551211076793
R_3Fs7rQO2Tlz8FDG,2025-03-20T02:03:12Z,2025-03-20T02:17:32Z,1,31,32,10303,7,7,7,6,7,National security,4,economy,4,Source of energy,4,1,1,0,1,1,0,0,0,0,0,0,NA,6,2,4,5,3,NA,NA,Fear of impact on the environment,3,1,1,3,3,5,NA,30,70,80,20,7,7,6,6,6,6,7,7,7,7,7,7,7,7,7,7,7,7,4,4,4,4,4,4,4,4,4,4,4,4,4,4,4,4,4,4,2,1,7,NA,7,5,7,It is very helpful to mankind.,50,US national laboratories for energy and security,Post-graduate degree,Female,"$100,000 to under $150,000",Metropolitan,White,No,Republican,NA,I voted,Donald Trump,Northeast,New York,Female,30-49,4-yr/post-graduate degree,White,Northeast,Metropolitan,"> $50,000",Republican,Donald Trump,0.8347656796129376
R_1EhYt56DRLJLqAV,2025-03-20T02:03:57Z,2025-03-20T02:16:41Z,1,35,32,10312,6,7,6,6,7,Source of energy,4,economy,4,National security,4,1,0,1,1,1,0,0,0,0,0,0,NA,6,2,4,5,3,NA,NA,Fear has an effect on humans,3,1,1,3,4,NA,5,20,80,70,30,6,7,7,7,7,7,7,7,6,7,7,7,6,7,7,7,7,7,4,4,4,4,4,4,4,4,4,4,4,4,4,4,4,4,4,4,2,1,6,NA,6,4,7,I think it's very helpful to us humans.,50,Lawrence Livermore National Laboratory,Post-graduate degree,Male,"$100,000 to under $150,000",Metropolitan,White,No,Democrat,NA,I voted,Kamala Harris,Northeast,New York,Male,30-49,4-yr/post-graduate degree,White,Northeast,Metropolitan,"> $50,000",Democrat,Kamala Harris,0.6822420338379662
R_5kiXA8VT49DjmbD,2025-03-19T02:52:29Z,2025-03-19T03:12:13Z,1,39,32,11692,7,7,7,7,7,Source of energy,4,environment,4,economy,4,1,0,1,1,0,0,0,0,0,0,0,NA,8,3,4,5,3,NA,NA,It has an impact on human life,3,1,1,3,3,NA,5,10,90,70,30,7,7,7,7,6,6,6,6,8,7,7,8,7,7,7,7,7,7,4,4,4,4,4,4,4,4,4,4,4,4,4,4,4,4,4,4,2,1,7,NA,7,4,8,Converged energy can help China achieve its carbon reduction goals,10,US national laboratories for energy and security,4-year or bachelor degree,Female,"$100,000 to under $150,000",Metropolitan,White,No,Democrat,NA,I voted,Kamala Harris,Northeast,New York,Female,30-49,4-yr/post-graduate degree,White,Northeast,Metropolitan,"> $50,000",Democrat,Kamala Harris,0.65721408963492145
R_11B5py64gWvY82B,2025-03-19T02:37:37Z,2025-03-19T02:49:56Z,1,39,32,11229,7,7,7,7,7,Source of energy,4,environment,4,warfare,2,1,0,1,1,1,0,0,0,0,0,0,NA,6,3,4,5,3,NA,NA,May have an impact on the environment,3,1,1,3,4,4,NA,10,90,70,30,7,7,7,7,7,7,7,7,8,7,7,7,7,8,7,8,7,8,3,3,3,3,3,3,3,3,3,3,3,3,3,3,3,3,3,3,2,1,8,NA,8,4,7,Energy convergence can fight climate change.,50,US national laboratories for energy and security,Post-graduate degree,Female,"$100,000 to under $150,000",Metropolitan,White,No,Republican,NA,I voted,Donald Trump,Northeast,New York,Female,30-49,4-yr/post-graduate degree,White,Northeast,Metropolitan,"> $50,000",Republican,Donald Trump,0.8347656796129376
R_7X7jmLz6U2dhLj3,2025-03-19T02:37:47Z,2025-03-19T02:49:14Z,1,43,32,10312,7,7,7,7,7,environment,4,Source of energy,4,warfare,2,1,0,0,1,1,0,0,0,0,0,0,NA,7,3,4,5,3,NA,NA,It may have an impact on human life,3,1,1,3,3,4,NA,10,90,80,20,7,7,7,7,7,7,7,7,7,7,7,7,7,7,7,7,7,7,3,3,3,3,3,3,3,3,3,3,3,3,3,3,3,3,3,3,2,1,7,NA,7,3,8,Converged energy can help countries meet their carbon reduction targets,50,Lawrence Livermore National Laboratory,4-year or bachelor degree,Male,"$100,000 to under $150,000",Metropolitan,White,No,Republican,NA,I voted,Donald Trump,Northeast,New York,Male,30-49,4-yr/post-graduate degree,White,Northeast,Metropolitan,"> $50,000",Republican,Donald Trump,0.8665551211076793
R_6dm3aG4jCSeFcRw,2025-03-19T05:18:07Z,2025-03-19T05:46:21Z,1,65,3,86442,7,5,8,7,7,Sustainable,5,Natural,5,Modern,5,0,NA,NA,NA,NA,NA,NA,NA,NA,NA,NA,NA,NA,NA,7,7,6,NA,It would work for the public good in a sustainable manner.,NA,3,1,1,0,3,NA,4,50,50,20,80,2,9,6,5,10,10,1,8,8,10,6,9,4,7,8,9,10,4,4,2,5,2,7,2,4,4,4,4,4,3,2,4,6,4,4,2,2,1,6,NA,8,2,8,"Valuable, but not certain and extensive research still needs to be done.,",10,US national laboratories for energy and security,4-year or bachelor degree,Female,"$75,000 to under $100,000",Metropolitan,White,No,Democrat,NA,I voted,Kamala Harris,West,Arizona,Female,65+,4-yr/post-graduate degree,White,West,Metropolitan,"> $50,000",Democrat,Kamala Harris,0.7910584996947108
R_7Npsh2y25jbN4el,2025-03-21T03:13:53Z,2025-03-21T03:20:04Z,1,29,22,48847,6,3,9,5,5,None,3,Nothing,3,Necer,3,0,NA,NA,NA,NA,NA,NA,NA,NA,NA,NA,NA,NA,NA,4,4,4,NA,NA,None,3,1,0,1,3,NA,4,50,50,50,50,8,6,7,7,6,3,3,5,10,5,2,4,1,5,2,6,3,3,4,7,1,5,7,2,2,1,3,4,2,4,4,3,6,2,5,4,3,0,NA,5,4,4,4,None,10,Lawrence Livermore National Laboratory,Some high school or less,Male,"Less than $15,000",Non-metro,White,No,Republican,NA,I voted,Donald Trump,Midwest,Michigan,Male,18-29,HS or less,White,Midwest,Non-metro,"< $50,000",Republican,Donald Trump,0.8560905245562279
R_7CkseBXmwSXr8lb,2025-03-21T12:17:04Z,2025-03-21T12:59:13Z,1,31,5,90047,8,8,9,8,9,Risky,2,Time-consuming,2,Experimental,3,1,1,1,1,1,1,1,1,1,1,0,NA,6,2,3,2,2,The technology is still in its early stages and there may be unforeseen dangers,NA,NA,4,0,1,3,5,4,NA,50,50,20,80,7,8,8,6,8,7,8,8,4,8,8,8,8,8,9,9,8,6,4,4,4,4,3,5,4,5,3,4,4,4,4,3,4,4,5,5,1,1,10,NA,7,3,8,NA,50,Lawrence Livermore National Laboratory,Post-graduate degree,Male,"$100,000 to under $150,000",Metropolitan,White,No,Democrat,NA,I voted,Kamala Harris,West,California,Male,30-49,4-yr/post-graduate degree,White,West,Metropolitan,"> $50,000",Democrat,Kamala Harris,0.6839576767611849
R_5K38QbQYCRuOt5b,2025-03-21T12:17:22Z,2025-03-21T12:59:10Z,1,36,32,11434,7,8,8,8,7,Experimental,3,Experimental,2,Unfeasible-for-now,3,1,1,1,1,1,1,1,1,1,1,0,NA,7,2,3,3,2,The technology of this project is difficult to develop and the risk is too high,NA,NA,4,0,1,3,5,NA,4,50,50,30,70,8,9,7,5,7,9,8,8,3,9,9,9,9,9,8,9,8,7,5,4,4,4,4,3,4,4,5,4,3,4,4,4,5,4,5,5,2,1,9,NA,8,4,7,NA,10,Lawrence Livermore National Laboratory,Post-graduate degree,Female,"$100,000 to under $150,000",Metropolitan,White,No,Republican,NA,I voted,Donald Trump,Northeast,New York,Female,30-49,4-yr/post-graduate degree,White,Northeast,Metropolitan,"> $50,000",Republican,Donald Trump,0.8347656796129376
R_7nUWRFgsXySGSTi,2025-03-20T03:42:28Z,2025-03-20T12:34:06Z,1,28,4,72076,8,6,7,8,6,Fused together,3,Science,4,Clean energy,4,0,NA,NA,NA,NA,NA,NA,NA,NA,NA,NA,NA,NA,NA,5,5,5,NA,NA,Just not sure if it would cause more traffic in my area.,3,1,1,0,3,NA,4,60,40,50,50,9,9,9,9,7,6,6,5,4,10,10,10,10,10,7,10,10,7,4,4,4,4,4,2,4,4,3,4,4,4,4,4,6,4,4,5,2,1,6,NA,8,2,7,I’m all for a cleaner energy and hope to learn more about fusion energy in the future,10,US national laboratories for energy and security,4-year or bachelor degree,Female,"$75,000 to under $100,000",Metropolitan,White,No,Democrat,NA,I voted,Kamala Harris,South,Arkansas,Female,18-29,4-yr/post-graduate degree,White,South,Metropolitan,"> $50,000",Democrat,Kamala Harris,0.7434181436616831
R_1RaFRjOmKDRNgTJ,2025-03-21T11:08:54Z,2025-03-21T11:44:24Z,1,30,5,91304,8,7,7,9,8,Unproven,2,Complex,3,Theoretical,3,1,1,1,1,1,1,1,1,1,0,0,NA,5,2,4,4,3,NA,NA,The technology is still in the research stage and fraught with unknown dangers,3,1,1,3,5,NA,4,50,50,30,70,8,7,7,5,7,9,8,8,3,7,8,8,8,7,6,8,7,4,4,4,4,4,5,3,4,3,3,5,3,4,5,3,5,5,4,5,2,1,7,NA,7,2,7,NA,10,US national laboratories for energy and security,Post-graduate degree,Female,"$100,000 to under $150,000",Metropolitan,White,No,Republican,NA,I voted,Donald Trump,West,California,Female,30-49,4-yr/post-graduate degree,White,West,Metropolitan,"> $50,000",Republican,Donald Trump,0.8368648757335835
R_7QLkCPA4NruopAb,2025-03-18T19:19:46Z,2025-03-18T19:44:35Z,1,66,15,50701,0,2,9,7,0,Nuclear fusion,4,Not ready?,4,Safer than fission,4,1,0,0,0,0,0,0,0,0,0,1,"I learned about it in school, 40 years ago.",3,1,6,7,6,NA,"Iowa has a lot of space between towns. Plenty of room to start a fusion plant. The rub is that scientists have to perfect the process. Once that is done, I don't have a problem with a nearby fusion plant. Here in Iowa, we had a nuclear power plant in Pella for decades. It worked just fine.",NA,1,1,1,0,1,NA,6,70,30,30,70,1,10,8,8,3,4,4,1,0,0,0,5,0,0,10,1,7,0,7,7,4,7,7,4,7,5,7,2,1,2,2,1,4,2,2,1,3,0,NA,10,0,7,2,"I am hopeful. But, follow the money. The people working hardest for fusion energy are the ones that will make a profit from it. That's not bad, just human nature.",50,Lawrence Livermore National Laboratory,2-year or associate degree,Male,"$50,000 to under $75,000",Metropolitan,White,No,Republican,NA,I voted,Donald Trump,Midwest,Iowa,Male,65+,Some college/2-yr degree,White,Midwest,Metropolitan,"> $50,000",Republican,Donald Trump,1.068019822551247
R_7F5lXC59EitYOOY,2025-03-19T23:06:07Z,2025-03-19T23:23:02Z,1,67,15,52317,4,5,6,4,7,Nuclear,3,Dangerous,2,New,5,0,NA,NA,NA,NA,NA,NA,NA,NA,NA,NA,NA,NA,NA,4,4,3,NA,NA,As with all new technology there is much we don’t know as to the dangers.,4,1,1,0,2,4,NA,75,25,20,80,9,8,9,3,8,5,8,10,6,5,6,4,8,5,3,7,8,2,3,3,4,4,5,1,4,4,5,3,3,4,4,1,6,3,4,1,4,1,9,NA,10,2,2,With any new technology there is much case should be made to evaluate all risks before making massive changes,50,US national laboratories for energy and security,4-year or bachelor degree,Female,"$150,000 to under $200,000",Metropolitan,White,No,Democrat,NA,I voted,Kamala Harris,Midwest,Iowa,Female,65+,4-yr/post-graduate degree,White,Midwest,Metropolitan,"> $50,000",Democrat,Kamala Harris,0.8810094127948959
R_71Ta23yqy2Ei13w,2025-03-19T19:06:17Z,2025-03-19T19:18:59Z,1,42,13,60302,5,9,8,10,10,Free,5,Clean,5,Environment,5,1,0,1,1,0,0,0,0,0,0,0,NA,7,2,7,6,5,NA,NA,Not sure about the safety.,4,1,1,0,3,6,NA,5,95,65,35,9,9,9,9,3,4,5,8,0,0,0,7,8,9,8,0,9,0,1,1,2,4,4,4,1,4,1,1,1,6,6,5,5,1,5,1,5,1,7,NA,9,4,0,I think it would be a tremendous breakthrough for humanity.,10,Lawrence Livermore National Laboratory,"Some college, no degree",Male,"$15,000 to under $50,000",NA,White,No,Democrat,NA,I did not vote,NA,NA,Illinois,Male,30-49,Some college/2-yr degree,White,Midwest,Metropolitan,"< $50,000",Democrat,3rd or didn't vote,1.830993356711134
R_6XgKQHXhzwyYXic,2025-03-21T14:28:13Z,2025-03-21T14:40:44Z,1,54,13,60177,10,10,10,10,9,Clean,5,Cost-effective,5,Safe,5,1,0,0,0,1,1,0,0,0,0,0,NA,7,2,5,7,7,NA,Bring prices down and good jobs.,NA,2,1,1,3,3,7,NA,55,45,85,15,1,3,6,1,10,9,10,7,10,8,4,7,4,0,8,7,4,0,4,4,4,4,7,3,4,7,7,4,4,4,4,1,5,4,1,1,1,0,NA,10,5,6,3,Wish it can happen.,10,US national laboratories for energy and security,2-year or associate degree,Male,"$50,000 to under $75,000",Metropolitan,White,No,Republican,NA,I voted,Donald Trump,Midwest,Illinois,Male,50-64,Some college/2-yr degree,White,Midwest,Metropolitan,"> $50,000",Republican,Donald Trump,0.8910418593065026
R_5G9AFujR7mWa07F,2025-03-20T18:03:49Z,2025-03-20T18:10:26Z,1,46,15,52317,9,5,10,8,10,theoretical,3,clean,4,advanced,3,1,0,1,0,0,0,0,0,0,0,0,NA,6,2,5,5,5,NA,NA,I'm not strongly against it. I think it can be made safe enough to be nearby but would be good to have proven in it in a secure location first.,5,1,1,0,1,NA,5,30,70,40,60,10,10,10,5,7,8,10,6,7,9,9,3,9,6,4,9,9,1,6,6,3,5,3,2,6,6,2,4,4,4,4,5,7,4,4,2,3,1,7,NA,8,3,2,NA,50,Lawrence Livermore National Laboratory,Post-graduate degree,Male,"More than $200,000",Metropolitan,White,No,Independent,The Democratic Party,I voted,Kamala Harris,Midwest,Iowa,Male,30-49,4-yr/post-graduate degree,White,Midwest,Metropolitan,"> $50,000",Independent,Kamala Harris,0.6784732924778826
R_5cU6wkE7m1Rt1Q9,2025-03-20T06:32:43Z,2025-03-20T07:46:16Z,1,36,32,11365,7,8,8,8,8,renewable,4,efficient,4,clean,4,1,0,0,1,1,1,1,0,0,0,0,NA,7,3,5,4,5,NA,NA,Opposition to fusion projects often stems from environmental and safety concerns.,4,1,1,3,3,NA,5,60,40,60,40,8,8,9,8,8,9,8,8,8,7,8,9,8,9,8,8,NA,7,4,4,4,4,4,4,4,4,4,6,6,6,6,6,6,6,6,6,1,1,6,NA,7,5,8,No,50,Lawrence Livermore National Laboratory,4-year or bachelor degree,Male,"$100,000 to under $150,000",Metropolitan,White,No,Republican,NA,I voted,Donald Trump,Northeast,New York,Male,30-49,4-yr/post-graduate degree,White,Northeast,Metropolitan,"> $50,000",Republican,Donald Trump,0.8665551211076793
R_7q7jUu1x7ReHrK4,2025-03-21T11:08:20Z,2025-03-21T11:43:47Z,1,38,32,11356,7,8,8,8,9,Speculative,1,Unrealistic,2,Strategic,3,1,1,1,1,1,1,1,1,1,0,0,NA,7,3,5,3,2,Because it will produce radiation and harm human health,NA,NA,4,0,0,1,4,3,NA,50,50,20,80,7,6,7,6,8,7,7,8,5,7,8,7,7,7,6,7,7,8,5,4,4,4,4,3,3,4,2,5,4,4,4,4,5,5,5,6,3,1,8,NA,7,4,7,NA,50,Lawrence Livermore National Laboratory,4-year or bachelor degree,Male,"$100,000 to under $150,000",Metropolitan,White,No,Democrat,NA,I voted,Kamala Harris,Northeast,New York,Male,30-49,4-yr/post-graduate degree,White,Northeast,Metropolitan,"> $50,000",Democrat,Kamala Harris,0.6822420338379662
R_5zv7RahxMDhJII3,2025-03-21T11:07:11Z,2025-03-21T11:43:46Z,1,35,5,91367,7,8,7,7,8,Innovative,4,Efficient,4,Unstable,2,1,1,1,1,1,1,1,1,1,0,0,NA,6,2,3,4,2,You should stay away from residential areas because it is likely to cause a disaster,NA,NA,3,0,1,3,3,NA,4,60,40,40,60,7,8,8,7,8,7,7,8,3,8,8,8,8,8,8,7,7,7,4,5,4,4,5,3,4,3,3,5,4,4,4,3,6,5,5,5,2,1,9,NA,6,5,6,NA,10,Lawrence Livermore National Laboratory,Post-graduate degree,Male,"$100,000 to under $150,000",Metropolitan,White,No,Republican,NA,I voted,Donald Trump,West,California,Male,30-49,4-yr/post-graduate degree,White,West,Metropolitan,"> $50,000",Republican,Donald Trump,0.8687342585506542
R_5j72necxODMIza4,2025-03-24T03:00:18Z,2025-03-24T03:11:39Z,1,26,26,59901,6,4,6,7,5,Don't know what that really is,3,NA,3,NA,3,0,NA,NA,NA,NA,NA,NA,NA,NA,NA,NA,NA,NA,NA,5,5,5,NA,NA,I'm still unclear on what doing into producing fusion energy and if it would be something I could morally accept.,3,1,0,0,1,5,NA,40,60,50,50,7,7,6,4,5,4,7,4,4,5,3,5,7,4,6,5,6,0,5,6,3,4,6,2,3,4,1,5,3,5,4,2,6,5,4,7,3,1,5,NA,7,5,1,NA,10,US national laboratories for energy and security,4-year or bachelor degree,Female,"$50,000 to under $75,000",Non-metro,White,No,Other or none,The Republican Party,I did not vote,NA,West,Montana,Female,18-29,4-yr/post-graduate degree,White,West,Non-metro,"> $50,000",Independent,3rd or didn't vote,1.9208220560543723
R_7tfDM4wArnVN6tO,2025-03-20T08:43:08Z,2025-03-20T08:58:47Z,1,31,32,11385,9,8,9,8,9,efficient,4,clean,4,renewable,4,1,0,1,1,1,0,1,0,1,0,0,NA,8,2,6,6,5,NA,NA,Opposition to fusion projects often stems from environmental and safety concerns,3,1,1,3,2,NA,5,60,40,60,40,7,8,8,8,8,8,8,8,6,8,8,9,8,7,8,8,8,9,5,4,4,4,5,5,5,4,4,4,4,4,4,4,4,4,4,4,2,1,6,NA,5,2,8,No,50,US national laboratories for energy and security,Post-graduate degree,Female,"$100,000 to under $150,000",Metropolitan,White,No,Democrat,NA,I voted,Kamala Harris,Northeast,New York,Female,30-49,4-yr/post-graduate degree,White,Northeast,Metropolitan,"> $50,000",Democrat,Kamala Harris,0.65721408963492145
R_50ORBSMBQHHny4Y,2025-03-20T02:52:49Z,2025-03-20T02:59:08Z,1,41,5,91316,7,7,7,7,7,Source of energy,4,crime,4,environment,4,1,0,0,1,0,0,1,0,0,0,0,NA,7,2,4,5,2,Affect human life,NA,NA,3,1,1,3,4,5,NA,10,90,80,20,7,7,7,7,7,7,7,7,7,6,6,6,7,7,7,7,7,7,4,4,4,4,4,4,4,4,4,4,4,4,4,4,4,4,4,4,2,1,7,NA,8,4,7,Can help mankind,50,Lawrence Livermore National Laboratory,4-year or bachelor degree,Male,"$100,000 to under $150,000",Metropolitan,White,No,Republican,NA,I voted,Donald Trump,West,California,Male,30-49,4-yr/post-graduate degree,White,West,Metropolitan,"> $50,000",Republican,Donald Trump,0.8687342585506542
R_5JfksYtCp6YlqWY,2025-03-19T01:12:08Z,2025-03-19T01:35:28Z,1,44,5,91356,7,7,7,7,7,environment,4,weather,4,warfare,4,1,0,1,1,0,0,0,0,0,0,0,NA,6,3,4,4,5,NA,NA,"In a physical sense, to melt or melt into one.",3,1,1,1,3,NA,5,30,70,70,30,7,7,7,7,6,6,6,7,7,7,7,7,7,7,7,7,7,7,3,3,3,3,3,3,3,3,3,5,5,5,5,5,5,5,5,5,2,1,7,NA,8,5,7,The potential of integrated energy as an important solution to climate change cannot be underestimated.,50,Lawrence Livermore National Laboratory,4-year or bachelor degree,Female,"$100,000 to under $150,000",Metropolitan,White,No,Republican,NA,I voted,Donald Trump,West,California,Female,30-49,4-yr/post-graduate degree,White,West,Metropolitan,"> $50,000",Republican,Donald Trump,0.8368648757335835
R_7n2ywPoWQsd1jbH,2025-03-19T17:02:37Z,2025-03-19T17:09:42Z,1,27,46,22314,9,8,9,0,0,cool,5,exciting,5,renewable,5,0,NA,NA,NA,NA,NA,NA,NA,NA,NA,NA,NA,NA,NA,7,7,7,NA,better or environment,NA,5,1,1,0,1,NA,7,25,75,25,75,10,10,10,10,10,10,10,10,10,3,9,5,7,5,1,7,7,1,4,4,4,4,7,1,4,4,5,3,3,4,4,2,7,4,4,5,1,1,10,NA,10,1,2,no,10,Lawrence Livermore National Laboratory,4-year or bachelor degree,Male,"$150,000 to under $200,000",Metropolitan,Asian or Asian-American,No,Democrat,NA,I voted,Kamala Harris,South,Virginia,Male,18-29,4-yr/post-graduate degree,Other,South,Metropolitan,"> $50,000",Democrat,Kamala Harris,0.7683474426052953
R_1uDnxGZID0OM3Lv,2025-03-20T21:07:08Z,2025-03-20T21:21:52Z,1,51,15,52301,9,9,9,10,10,Theoretical efficient energy,4,Clean energy source,5,No hazordous waste,5,1,1,1,0,1,0,0,1,1,0,0,NA,6,2,6,7,6,NA,"The world desperately needs a clean, efficient energy source with high output",NA,3,1,1,1,2,NA,7,60,40,80,20,10,9,10,10,4,3,2,3,9,6,6,8,9,10,7,6,9,9,2,2,3,4,5,2,3,3,5,6,7,5,4,4,6,5,4,5,2,1,7,NA,9,4,2,I hope it is achievable in the near future,50,Lawrence Livermore National Laboratory,"Some college, no degree",Male,"$150,000 to under $200,000",Non-metro,White,No,Republican,NA,I voted,Kamala Harris,Midwest,Iowa,Male,50-64,Some college/2-yr degree,White,Midwest,Non-metro,"> $50,000",Republican,Kamala Harris,0.7488521165127419
R_3fsQlr6xfuN21Fv,2025-03-19T16:25:12Z,2025-03-19T16:50:08Z,1,67,15,52245,10,7,10,2,9,Nuclear,3,Science,4,Stars,3,1,1,1,0,1,0,0,0,0,0,0,NA,7,1,6,7,7,NA,"Hard to deny that limitless energy sounds appealing. We live in a university community with a leading physics program. The accompanying employment opportunities in research, construction and running the program would be beneficial to our community while cunduting bleeding edge research to benefit the entire world.",NA,4,1,1,3,5,NA,7,25,75,25,75,10,10,10,10,3,7,5,6,5,5,5,10,10,7,4,0,9,5,NA,1,4,4,6,2,1,4,1,7,7,4,4,4,7,7,5,7,4,1,9,NA,10,1,0,"Expanding all scientific research, including fusion technology is the only way forward. The current trend of curtailing research or even denying facts based on religious, moral and especially political views is steering humanity back to a version of the Dark Ages where instead of the Church, the Hegemony is run by billionaires.",10,Lawrence Livermore National Laboratory,"Some college, no degree",Male,"$100,000 to under $150,000",Metropolitan,White,No,Democrat,NA,I voted,Kamala Harris,Midwest,Iowa,Male,65+,Some college/2-yr degree,White,Midwest,Metropolitan,"> $50,000",Democrat,Kamala Harris,0.8408559342251968
R_1TXNOKeUaX5BIU9,2025-03-19T03:00:51Z,2025-03-19T03:12:53Z,1,72,13,60563,9,9,8,8,9,cleanest energy we can imagine,5,vast resources available to sustain it (water),5,Difficult thus far to achieve sustained breakeven energy production,3,1,1,0,0,1,0,0,0,0,0,1,I'm a nuclear physicist,8,2,7,7,6,NA,It is potentially the cleanest energy source we can imagine and the fuel supply (water) far exceeds that of any fossile fuel options and it is less of a problem in terms of radioactive waste then conventional fission based nuclear power plants.,NA,3,1,1,3,3,7,NA,40,60,50,50,10,10,10,8,2,2,2,3,9,1,6,8,7,2,6,6,8,6,1,5,4,4,6,1,5,4,5,1,4,4,4,3,5,3,4,4,2,1,10,NA,9,2,1,A technology that needs to be developed if we're to achieve true energy independence with minimal environmental side effects.,50,US national laboratories for energy and security,Post-graduate degree,Male,"$100,000 to under $150,000",Metropolitan,White,No,Democrat,NA,I voted,Kamala Harris,Midwest,Illinois,Male,65+,4-yr/post-graduate degree,White,Midwest,Metropolitan,"> $50,000",Democrat,Kamala Harris,0.9145599023135198
R_1VF7OpkSLIoC6pu,2025-03-21T03:18:34Z,2025-03-21T03:33:07Z,1,29,21,01749,10,8,10,7,10,Complicated,3,The sun and stars,3,Extreme temperatures and pressure,3,1,0,0,0,0,0,0,0,0,0,1,Reddit,1,2,4,4,3,NA,NA,Fear of the unknown.,3,1,1,0,5,NA,4,70,30,30,70,5,5,5,5,10,5,5,10,6,5,5,5,5,5,5,5,5,0,4,4,4,4,4,4,4,4,7,4,4,4,4,4,4,4,4,1,3,1,0,NA,10,2,3,NA,10,US national laboratories for energy and security,High school graduate or GED,Female,"$15,000 to under $50,000",Metropolitan,White,No,Democrat,NA,I voted,Kamala Harris,Northeast,Massachusetts,Female,18-29,HS or less,White,Northeast,Metropolitan,"< $50,000",Democrat,Kamala Harris,0.5860722747426755
R_6Q9NGk2uT5aofh7,2025-03-19T16:14:02Z,2025-03-19T16:25:07Z,1,40,42,38109,10,0,10,10,9,Need to be better,5,Need to be better,5,Better days coming,5,0,NA,NA,NA,NA,NA,NA,NA,NA,NA,NA,NA,NA,NA,1,7,7,NA,I think it be better for the world,NA,3,1,1,0,2,7,NA,50,50,50,50,10,10,10,10,9,10,9,10,10,8,10,10,10,10,8,10,10,9,7,7,7,6,7,7,6,6,6,7,7,6,7,7,7,7,7,6,4,1,9,NA,9,7,10,Seems interested,10,US national laboratories for energy and security,High school graduate or GED,Male,"Less than $15,000",Metropolitan,Black or African-American,No,Democrat,NA,I was not registered to vote,NA,South,Tennessee,Male,30-49,HS or less,Black,South,Metropolitan,"< $50,000",Democrat,3rd or didn't vote,1.5636597999970185
R_5096moSLqXiV56r,2025-03-20T16:07:49Z,2025-03-20T16:16:36Z,1,26,44,84003,9,6,8,5,6,NA,NA,NA,NA,NA,NA,0,NA,NA,NA,NA,NA,NA,NA,NA,NA,NA,NA,NA,NA,4,3,2,our world isn’t built to last off of fusion energy/solar,NA,NA,5,1,0,0,3,2,NA,50,50,50,50,5,6,5,5,6,8,6,8,0,5,5,5,5,5,5,5,5,4,3,4,3,3,5,4,3,4,1,4,5,4,3,5,3,3,4,3,4,0,NA,4,6,4,5,NA,50,US national laboratories for energy and security,High school graduate or GED,Female,"$75,000 to under $100,000",Metropolitan,White,No,Other or none,The Republican Party,I did not vote,NA,West,Utah,Female,18-29,HS or less,White,West,Metropolitan,"> $50,000",Independent,3rd or didn't vote,1.6933005878184004
R_3aDgVgvIjNPvbDc,2025-03-20T03:11:19Z,2025-03-20T03:18:58Z,1,61,9,33919,4,5,5,5,4,A energy drink,4,Good,2,Great,4,0,NA,NA,NA,NA,NA,NA,NA,NA,NA,NA,NA,NA,NA,5,4,3,NA,NA,Not sure,2,0,0,0,3,5,NA,50,50,50,50,4,6,6,5,7,4,6,5,5,6,6,4,6,5,5,5,4,5,5,5,5,5,5,5,5,4,5,5,5,6,5,5,5,5,5,5,3,0,NA,5,6,4,5,No,50,Lawrence Livermore National Laboratory,2-year or associate degree,Male,"$100,000 to under $150,000",NA,White,No,Republican,NA,I was not registered to vote,NA,NA,Florida,Male,50-64,Some college/2-yr degree,White,South,Metropolitan,"> $50,000",Republican,3rd or didn't vote,1.9608231231487956
R_7MbpiWlAuaFy5UJ,2025-03-18T20:20:43Z,2025-03-18T20:32:37Z,1,31,15,52253,10,10,10,10,8,Bill,1,Expenses,2,Expensive,1,0,NA,NA,NA,NA,NA,NA,NA,NA,NA,NA,NA,NA,NA,4,1,1,Not comfortable with it being so close to home too close for comfort,NA,NA,6,1,0,0,1,1,NA,90,10,90,10,1,1,1,1,3,3,3,3,0,0,0,0,0,0,0,0,0,0,7,6,7,7,7,7,7,6,6,2,1,1,1,1,2,1,2,2,5,1,3,NA,3,4,2,No,50,US national laboratories for energy and security,High school graduate or GED,Female,"$15,000 to under $50,000",Metropolitan,White,No,Other or none,Neither,I voted,Donald Trump,Midwest,Iowa,Female,30-49,HS or less,White,Midwest,Metropolitan,"< $50,000",Independent,Donald Trump,0.6067236036073174
R_3kYr96ABTpfoxHH,2025-03-19T17:07:45Z,2025-03-19T17:58:01Z,1,39,13,60439,7,7,7,7,7,Combination,5,Pos,4,Alright,3,0,NA,NA,NA,NA,NA,NA,NA,NA,NA,NA,NA,NA,NA,4,4,3,NA,NA,I already live next to citgo,3,1,1,0,3,4,NA,50,50,50,50,5,5,5,5,7,7,7,7,10,5,5,5,4,5,5,5,5,5,4,3,4,4,4,4,4,4,4,4,4,4,4,4,4,4,4,4,3,1,3,NA,5,5,5,NA,10,Lawrence Livermore National Laboratory,High school graduate or GED,Female,"$75,000 to under $100,000",Metropolitan,Some other race,Yes,Independent,Neither,I voted,Donald Trump,Midwest,Illinois,Female,30-49,HS or less,Hispanic,Midwest,Metropolitan,"> $50,000",Independent,Donald Trump,0.809379183174647
R_3R3LPWK8uNrR0PH,2025-03-20T05:52:25Z,2025-03-20T05:56:35Z,1,44,24,39325,0,0,0,0,0,none,3,none,3,none,3,0,NA,NA,NA,NA,NA,NA,NA,NA,NA,NA,NA,NA,NA,4,4,4,NA,NA,no comment,6,0,0,0,5,NA,4,0,100,0,100,1,1,1,1,1,1,1,1,0,0,0,0,0,0,0,0,0,0,1,1,1,1,1,1,1,1,1,1,1,1,1,1,1,1,1,1,3,0,NA,0,0,4,0,no comment,10,US national laboratories for energy and security,High school graduate or GED,Male,"Less than $15,000",Non-metro,White,No,Other or none,Neither,I did not vote,NA,South,Mississippi,Male,30-49,HS or less,White,South,Non-metro,"< $50,000",Independent,3rd or didn't vote,1.3752425313594725
R_7CEIukEUURC6Flf,2025-03-18T21:51:09Z,2025-03-18T22:07:16Z,1,43,14,46614,8,8,8,10,0,Efficient,5,Effective,5,Smart,5,1,0,0,1,0,0,0,0,0,0,0,NA,5,2,7,7,7,NA,"I think it's innovative and provides a responsible, sustainable energy infrastructure for the future. This type of intelligent forward thinking should be prioritized. I do not subscribe to ""Climate Change"" as in the world is going to end unless we pay a carbon tax but what I do believe in is common sense that not only benefits the environment but makes financial sense for consumers as well.",NA,3,1,1,0,1,NA,7,50,50,60,40,1,10,10,10,5,4,4,3,10,8,2,6,2,0,10,2,7,0,3,3,3,3,7,3,3,7,7,3,7,4,3,7,4,3,7,3,2,0,NA,10,0,6,0,Continue pushing for common sense alternative energy sources.,10,US national laboratories for energy and security,High school graduate or GED,Male,"$75,000 to under $100,000",Metropolitan,White,No,Republican,NA,I voted,Donald Trump,Midwest,Indiana,Male,30-49,HS or less,White,Midwest,Metropolitan,"> $50,000",Republican,Donald Trump,0.8462960310299938
R_66unx52ttxYYAqR,2025-03-18T19:20:38Z,2025-03-18T19:26:48Z,1,24,14,46637,9,8,10,9,9,nuclear energy,5,renewable,5,lower energy cost,5,1,1,1,1,1,1,1,0,1,0,0,NA,7,2,7,7,7,NA,Fusion energy has the potential to revolutionize our energy grid and bring renewables. I'm excited about the technology overall and believe it will be less risky than the traditional fission reactors,NA,3,1,1,3,3,NA,7,50,50,30,70,10,10,10,10,2,7,1,3,10,10,10,10,10,4,8,10,10,2,4,4,4,4,7,2,4,3,6,4,4,4,4,2,6,4,5,5,1,1,10,NA,10,5,3,NA,50,Lawrence Livermore National Laboratory,4-year or bachelor degree,Male,"$50,000 to under $75,000",Metropolitan,Asian or Asian-American,No,Independent,The Republican Party,I voted,Someone else,Midwest,Indiana,Male,18-29,4-yr/post-graduate degree,Other,Midwest,Metropolitan,"> $50,000",Independent,3rd or didn't vote,2.228266297562924
R_7P53JnrhW0oRWvU,2025-03-19T19:46:34Z,2025-03-19T20:02:19Z,1,70,13,60302,10,3,8,6,9,college physics class,4,not yet practical,2,could be really good,5,1,0,0,0,0,0,0,1,0,0,1,College physics class,3,3,7,7,6,NA,I first heard of fusion energy decades ago in college where it was presented as a great potential solution to energy needs in the future. I believe it carries significantly less risk than current nuclear (fission) plants. And it's clean energy on a big scale.,NA,3,1,1,0,1,NA,6,40,60,30,70,10,10,10,8,7,4,7,6,9,7,4,7,10,4,6,4,10,8,4,4,4,4,5,3,4,4,4,4,4,4,4,3,6,4,5,4,2,1,10,NA,9,2,2,"As of March 2025 my level trust in the US government and its energy-related departments and agencies has eroded significantly. While I think continued development of fusion energy is important, I don't trust the current presidential administration to make decisions and policies on energy issues with the best interest of the American public foremost.",50,US national laboratories for energy and security,4-year or bachelor degree,Female,"$50,000 to under $75,000",Metropolitan,White,No,Democrat,NA,I voted,Kamala Harris,Midwest,Illinois,Female,65+,4-yr/post-graduate degree,White,Midwest,Metropolitan,"> $50,000",Democrat,Kamala Harris,0.8810094127948959
R_1gTPln412ECDg6y,2025-03-20T17:07:36Z,2025-03-20T18:26:14Z,1,32,9,33805,8,8,9,8,10,generator,3,electricity,4,power,4,1,0,1,1,1,0,0,0,1,0,0,NA,6,2,7,7,7,NA,I think it's a safe source of energy because it produces no greenhouse gas emissions or long-lived radioactive waste.,NA,3,1,1,0,3,6,NA,20,80,50,50,2,4,2,4,7,9,6,4,10,10,8,9,10,9,9,8,10,7,5,5,7,6,5,7,6,6,4,5,5,6,5,6,6,4,6,4,1,1,7,NA,10,2,4,I hope it integrates into our lives as soon as possible.,50,Lawrence Livermore National Laboratory,4-year or bachelor degree,Female,"$75,000 to under $100,000",Metropolitan,White,No,Independent,The Democratic Party,I was not registered to vote,NA,South,Florida,Female,30-49,4-yr/post-graduate degree,White,South,Metropolitan,"> $50,000",Independent,3rd or didn't vote,1.6980872078865323
R_5NDkdDw7Zsj9o3L,2025-03-19T16:28:32Z,2025-03-19T16:57:00Z,1,66,32,11561,9,5,9,7,9,energy alternative methods,4,alternative,5,methods,4,1,0,1,0,0,0,0,0,0,0,0,NA,5,3,4,4,3,NA,NA,don't want anything that would harm marine life,2,0,1,0,3,4,NA,40,60,50,50,8,6,5,4,4,4,7,6,5,3,3,1,4,2,3,4,5,1,2,3,3,4,1,2,2,3,1,6,6,5,4,7,6,6,6,7,3,0,NA,4,5,2,3,no thanks.,50,Lawrence Livermore National Laboratory,2-year or associate degree,Female,"$100,000 to under $150,000",Metropolitan,White,No,Democrat,NA,I voted,Kamala Harris,Northeast,New York,Female,65+,Some college/2-yr degree,White,Northeast,Metropolitan,"> $50,000",Democrat,Kamala Harris,0.725483071953291
R_541bXusHlxF1EMF,2025-03-19T16:23:27Z,2025-03-19T16:44:07Z,1,43,43,75068,4,4,7,5,6,Unattainable,4,Dangerous,3,Futuristic,4,0,NA,NA,NA,NA,NA,NA,NA,NA,NA,NA,NA,NA,NA,7,6,4,NA,NA,I know I would probably welcome it but it just seems like a pipe dream,3,1,1,0,1,NA,5,40,60,50,50,9,10,10,7,5,7,5,8,8,9,8,7,8,8,6,8,9,7,5,5,5,6,5,4,6,5,4,4,4,4,4,4,4,4,4,4,2,1,10,NA,10,2,7,Na,10,Lawrence Livermore National Laboratory,4-year or bachelor degree,Male,"$150,000 to under $200,000",Metropolitan,Mixed race,Yes,Democrat,NA,I voted,Kamala Harris,South,Texas,Male,30-49,4-yr/post-graduate degree,Hispanic,South,Metropolitan,"> $50,000",Democrat,Kamala Harris,0.8159444834109093
R_1Sr8UEQD7xWoB4n,2025-03-20T16:21:59Z,2025-03-20T16:37:13Z,1,20,24,38655,7,3,6,6,9,Generator,3,Combustion,3,Fire,3,0,NA,NA,NA,NA,NA,NA,NA,NA,NA,NA,NA,NA,NA,3,4,1,This sounds potentially dangerous. Experiments like this should be performed far away from highly populated cities to prevent catastrophies.,NA,NA,2,1,1,0,2,4,NA,70,30,20,80,10,9,6,8,6,7,8,9,4,4,4,3,5,5,2,4,3,1,3,4,4,5,6,2,3,4,5,4,5,4,4,6,7,3,3,6,2,1,7,NA,6,5,3,NA,10,Lawrence Livermore National Laboratory,"Some college, no degree",Female,"$100,000 to under $150,000",Non-metro,White,No,Republican,NA,I voted,Donald Trump,South,Mississippi,Female,18-29,Some college/2-yr degree,White,South,Non-metro,"> $50,000",Republican,Donald Trump,0.861423661019947
R_30oLGAh6KQ2Tywc,2025-03-19T16:35:53Z,2025-03-19T16:48:28Z,1,39,43,76932,9,10,9,9,9,Advanced,3,Technology,4,Modern,4,0,NA,NA,NA,NA,NA,NA,NA,NA,NA,NA,NA,NA,NA,3,5,6,NA,NA,The area area I live in would be ideal to host a pilot facility,2,1,1,0,3,5,NA,50,50,50,50,9,9,9,9,7,9,9,7,4,7,10,7,10,10,9,10,9,3,4,4,4,4,4,4,4,4,7,4,4,4,4,4,4,4,4,1,2,1,6,NA,6,4,5,No,50,US national laboratories for energy and security,High school graduate or GED,Female,"$15,000 to under $50,000",Non-metro,White,No,Republican,NA,I did not vote,NA,South,Texas,Female,30-49,HS or less,White,South,Non-metro,"< $50,000",Republican,3rd or didn't vote,1.6001301094236897
R_6YfjoeLDJ8GK231,2025-03-21T18:09:35Z,2025-03-21T18:16:29Z,1,51,13,60563,8,9,10,9,7,energy that is reliable,4,need to be comfortable living,4,postiive,4,1,0,1,0,0,0,0,0,0,0,0,NA,5,2,4,5,4,NA,NA,not sure if the benefits will outweigh the risks?,2,1,1,4,3,4,NA,50,50,50,50,5,6,8,6,7,7,9,7,10,8,6,8,8,7,8,8,7,8,4,4,5,4,4,5,4,4,5,5,3,4,4,4,4,4,4,4,1,0,NA,6,3,7,9,NA,50,US national laboratories for energy and security,4-year or bachelor degree,Female,"$50,000 to under $75,000",Metropolitan,White,No,Republican,NA,I voted,Donald Trump,Midwest,Illinois,Female,50-64,4-yr/post-graduate degree,White,Midwest,Metropolitan,"> $50,000",Republican,Donald Trump,0.9335918714382911
R_6PmUupNygmsG6Bv,2025-03-20T21:31:40Z,2025-03-20T21:49:44Z,1,61,43,77406,5,5,5,5,5,"science, light, and energy",3,atomic,3,nuclei,3,0,NA,NA,NA,NA,NA,NA,NA,NA,NA,NA,NA,NA,NA,4,4,4,NA,NA,I don't know much about it.,3,0,0,0,5,NA,4,50,50,50,50,5,5,5,5,5,5,5,5,4,5,5,5,5,5,5,5,5,5,4,4,4,4,4,4,4,4,4,4,4,4,4,4,4,4,4,4,1,1,0,NA,4,4,4,no,10,Lawrence Livermore National Laboratory,High school graduate or GED,Female,"$75,000 to under $100,000",Metropolitan,White,No,Republican,NA,I voted,Donald Trump,South,Texas,Female,50-64,HS or less,White,South,Metropolitan,"> $50,000",Republican,Donald Trump,0.7294759208506334
R_3ydcODOOUFErGXo,2025-03-20T01:25:44Z,2025-03-20T01:42:43Z,1,66,43,77379,8,10,10,8,9,Forced,2,Separate,2,Stuck,2,0,NA,NA,NA,NA,NA,NA,NA,NA,NA,NA,NA,NA,NA,3,4,1,It seems pretty dangerous to me because they still don't know enough about it.,NA,NA,6,0,0,0,4,NA,4,75,25,50,50,10,6,7,4,1,5,10,10,6,5,8,7,8,3,8,7,8,5,4,4,4,5,4,6,5,4,5,5,4,4,6,4,6,6,5,5,5,1,8,NA,10,4,0,NA,10,US national laboratories for energy and security,High school graduate or GED,Male,"$100,000 to under $150,000",Metropolitan,White,No,Democrat,NA,I voted,Kamala Harris,South,Texas,Male,65+,HS or less,White,South,Metropolitan,"> $50,000",Democrat,Kamala Harris,0.7146050081663732
R_7c8IOVQm2vGfqxi,2025-03-18T19:31:09Z,2025-03-18T19:56:06Z,1,66,23,55008,9,6,8,3,7,atomic,2,nuclear,2,scientist,5,1,0,1,1,0,0,1,0,0,0,0,NA,3,2,3,3,1,I know that there might be dangers in the fusion process and wouldn't want to be close to it.  I don't really know enough about it and would need to research it more.,NA,NA,3,1,0,0,3,4,NA,60,40,30,70,8,9,7,3,8,4,9,8,5,8,7,8,9,4,7,8,10,6,5,5,6,5,7,4,6,6,7,6,4,5,6,2,6,6,6,4,2,1,8,NA,9,2,5,no other thoughts,10,Lawrence Livermore National Laboratory,Post-graduate degree,Female,"$50,000 to under $75,000",Metropolitan,White,No,Democrat,NA,I voted,Kamala Harris,Midwest,Minnesota,Female,65+,4-yr/post-graduate degree,White,Midwest,Metropolitan,"> $50,000",Democrat,Kamala Harris,0.8810094127948959
R_1vbP7Ci74S3iIiC,2025-03-23T14:06:16Z,2025-03-23T14:45:12Z,1,45,47,98101,9,8,10,10,8,Power,5,Nuclear,5,Photons,5,1,0,0,0,1,0,0,1,1,0,0,NA,7,3,7,7,7,NA,"The fact that fusion energy has the potential to offer a more cleaner, abundant, non polluted, environmentally friendly form of energy for the world's energy needs.",NA,3,1,1,0,3,NA,7,70,30,40,60,10,10,10,9,2,3,1,10,10,10,7,9,10,9,9,5,10,4,3,5,4,4,4,4,3,4,2,5,3,3,4,3,4,3,4,2,1,1,9,NA,10,4,4,"Fusion energy has the potential to help humans meet their energy needs without risks to the global environment and more benefits for people to have a good economic growth development that supports business, agriculture, industry and technology to benefit all of mankind.",50,Lawrence Livermore National Laboratory,Post-graduate degree,Male,"$100,000 to under $150,000",Metropolitan,Mixed race,Yes,Independent,Neither,I voted,Someone else,West,Washington,Male,30-49,4-yr/post-graduate degree,Hispanic,West,Metropolitan,"> $50,000",Independent,3rd or didn't vote,2.1247023822923676
R_3CNkw9TxEp0Ebo3,2025-03-18T23:06:19Z,2025-03-18T23:32:46Z,1,50,20,20705,9,9,9,9,7,Fused,4,Joint,4,Combined,4,1,1,1,1,0,1,1,1,0,0,0,NA,1,4,7,4,1,Scientific research is not enough of how safe it is being close to humans,NA,NA,4,1,1,0,3,5,NA,50,50,50,50,1,8,7,8,7,2,2,6,7,5,5,6,6,6,5,5,5,4,3,3,3,3,5,5,3,3,6,5,5,5,5,4,5,3,5,7,1,1,6,NA,6,4,3,In all I will support more research on it to determine how beneficial it is to humankind.,50,US national laboratories for energy and security,4-year or bachelor degree,Male,"$50,000 to under $75,000",Metropolitan,Black or African-American,No,Democrat,NA,I voted,Kamala Harris,South,Maryland,Male,50-64,4-yr/post-graduate degree,Black,South,Metropolitan,"> $50,000",Democrat,Kamala Harris,0.684908381387964
R_1Mu6rLA74nbPE3l,2025-03-18T22:12:13Z,2025-03-18T22:21:59Z,1,55,49,53185,10,10,7,10,5,Can produce a lot of power,4,Can be abundantly produced,4,Needs strict guidelines to produce,2,0,NA,NA,NA,NA,NA,NA,NA,NA,NA,NA,NA,NA,NA,4,5,3,NA,NA,Need reassurance that proper safety protocols are put in place.,3,1,1,0,3,NA,6,80,20,70,30,8,8,8,8,3,3,6,6,7,7,6,6,6,2,7,6,5,1,4,4,4,3,7,3,4,5,6,4,4,4,4,6,4,4,4,7,2,1,5,NA,3,6,3,I'm interested in learning more about it.,10,Lawrence Livermore National Laboratory,Post-graduate degree,Male,"$150,000 to under $200,000",Metropolitan,Mixed race,Yes,Republican,NA,I voted,Donald Trump,Midwest,Wisconsin,Male,50-64,4-yr/post-graduate degree,Hispanic,Midwest,Metropolitan,"> $50,000",Republican,Donald Trump,1.1621377641252675
R_5ERvYl9xW9r2njr,2025-03-21T16:47:47Z,2025-03-21T17:28:54Z,1,60,6,80015,8,9,9,9,7,Sun,4,Powerful,4,Abundant,4,1,0,0,1,1,0,1,0,1,0,0,NA,6,4,3,4,1,As great as this sounds it is very concerning to have that much energy like the sun. It's worrisome to think that I could blow up or be too powerful. They just don't know enough about it.,NA,NA,4,1,0,0,2,NA,5,40,60,25,75,7,6,7,5,9,8,10,8,6,5,4,6,6,5,7,3,3,3,4,2,3,4,5,2,3,3,5,3,5,3,4,3,5,3,6,5,2,1,6,NA,6,6,3,I find it very interesting but I'm very concerned about trying to make something so powerful on earth. I'm not convinced that it's safe.,10,US national laboratories for energy and security,"Some college, no degree",Female,"$100,000 to under $150,000",Metropolitan,White,No,Republican,NA,I voted,Donald Trump,West,Colorado,Female,50-64,Some college/2-yr degree,White,West,Metropolitan,"> $50,000",Republican,Donald Trump,0.7707163135023958
R_1NNYhWp90Hx1QsR,2025-03-19T16:04:52Z,2025-03-19T16:24:49Z,1,71,23,55056,7,8,7,7,7,Atomic.,4,Clean,4,Futuristic,4,1,1,0,1,0,0,0,0,1,0,0,NA,6,2,5,7,7,NA,I think it's much cleaner energy than we are using at the present and would supply the energy needed in the future without the pollution,NA,2,1,1,2,3,4,NA,75,25,50,50,10,9,9,8,7,6,6,7,10,9,8,7,9,8,8,9,9,5,4,5,3,4,6,2,2,5,6,6,2,6,5,1,6,4,5,5,2,1,8,NA,8,5,6,Not at this time,50,US national laboratories for energy and security,High school graduate or GED,Male,"$50,000 to under $75,000",Metropolitan,White,No,Republican,NA,I voted,Kamala Harris,Midwest,Minnesota,Male,65+,HS or less,White,Midwest,Metropolitan,"> $50,000",Republican,Kamala Harris,0.8606265826432612
R_3PT80uuS2nieRHl,2025-03-18T19:36:08Z,2025-03-18T19:53:07Z,1,70,5,92780,10,8,9,10,6,Cutting edge,3,Trial,3,Cost effective,4,1,0,1,0,1,0,1,0,0,0,0,NA,7,2,5,4,5,NA,NA,"Still experimenting, need to know more",2,1,1,0,3,NA,5,80,20,30,70,8,9,5,5,9,5,8,7,8,6,3,7,7,7,7,4,7,0,4,4,5,5,5,4,3,5,5,4,5,4,4,5,4,4,4,4,3,0,NA,3,6,6,5,Still learning,50,US national laboratories for energy and security,Post-graduate degree,Male,"$15,000 to under $50,000",Metropolitan,White,No,Republican,NA,I voted,Donald Trump,West,California,Male,65+,4-yr/post-graduate degree,White,West,Metropolitan,"< $50,000",Republican,Donald Trump,0.9375743851174324
R_6jYUagBPihi4XNP,2025-03-23T17:45:43Z,2025-03-23T18:01:41Z,1,26,50,82501,5,10,9,7,10,Electricity,3,Speed,4,Power,5,0,NA,NA,NA,NA,NA,NA,NA,NA,NA,NA,NA,NA,NA,1,1,1,The air quality the thermal heating will affect the ozone layer,NA,NA,3,1,0,0,4,NA,4,0,100,65,35,6,5,6,5,1,10,9,1,8,10,10,10,10,6,6,10,6,4,4,4,4,4,1,1,5,4,7,4,4,4,4,7,4,4,4,1,3,0,NA,3,10,4,6,NA,50,US national laboratories for energy and security,Some high school or less,Female,"$15,000 to under $50,000",Non-metro,Native American or American Indian,No,Independent,The Democratic Party,I did not vote,NA,West,Wyoming,Female,18-29,HS or less,Other,West,Non-metro,"< $50,000",Independent,3rd or didn't vote,1.503665492825291
R_1zTv59MSaXqCUTa,2025-03-21T09:04:49Z,2025-03-21T09:10:18Z,1,26,32,11419,7,10,8,8,7,better,4,long lasting,4,efficient,4,0,NA,NA,NA,NA,NA,NA,NA,NA,NA,NA,NA,NA,NA,6,6,6,NA,It is unlimited. The benefits outweigh it's cons,NA,2,1,1,0,3,6,NA,50,50,50,50,8,9,8,9,6,8,7,7,8,7,8,7,8,7,8,8,8,7,6,4,5,6,5,5,6,7,5,7,7,4,7,6,5,6,5,6,2,1,7,NA,7,3,9,Not really,50,Lawrence Livermore National Laboratory,High school graduate or GED,Male,"$75,000 to under $100,000",Metropolitan,Asian or Asian-American,No,Democrat,NA,I voted,Donald Trump,Northeast,New York,Male,18-29,HS or less,Other,Northeast,Metropolitan,"> $50,000",Democrat,Donald Trump,0.7955846486120783
R_6pQue3VYpVBMq34,2025-03-18T22:27:00Z,2025-03-18T22:44:51Z,1,54,16,66526,10,9,9,10,5,fusing together energy,3,fuse all energys together,4,fuse electricity with water,3,1,1,0,1,1,0,0,0,1,0,0,NA,3,2,4,5,4,NA,NA,I just would want to know more before they move a plant into my town or close by.,3,1,1,4,3,4,NA,50,50,40,60,5,8,5,7,7,7,8,4,2,5,7,6,7,3,4,7,7,5,5,4,5,5,2,2,5,5,4,5,4,5,5,2,3,5,5,4,3,0,NA,3,4,6,6,NA,10,Lawrence Livermore National Laboratory,2-year or associate degree,Female,"Less than $15,000",Metropolitan,Mixed race,No,Republican,NA,I voted,Donald Trump,Midwest,Kansas,Female,50-64,Some college/2-yr degree,Other,Midwest,Metropolitan,"< $50,000",Republican,Donald Trump,0.7681874180054601
R_5N19cZQcbaavOj7,2025-03-19T17:40:21Z,2025-03-19T18:02:17Z,1,77,5,93204,10,10,10,10,2,Is this used today?,2,What appliances delivers this form of energy,2,How much does it cost,4,0,NA,NA,NA,NA,NA,NA,NA,NA,NA,NA,NA,NA,NA,3,7,4,NA,NA,I want to know what the potential dangers are first,1,1,1,0,2,7,NA,25,75,75,25,10,10,10,10,9,9,10,10,10,7,0,6,5,0,8,0,0,5,3,7,4,4,7,3,7,7,7,4,1,5,4,1,5,3,1,5,2,0,NA,8,2,7,8,I think that if successful the people that have invested in other technology including government will block it.,50,US national laboratories for energy and security,"Some college, no degree",Female,"Less than $15,000",Metropolitan,White,No,Republican,NA,I voted,Donald Trump,West,California,Female,65+,Some college/2-yr degree,White,West,Metropolitan,"< $50,000",Republican,Donald Trump,0.8303927771165881
R_3jy8DqpbbU9iSQc,2025-03-21T16:37:14Z,2025-03-21T16:43:34Z,1,37,42,37879,4,6,10,7,6,Alternative,3,Boring,4,Why,3,0,NA,NA,NA,NA,NA,NA,NA,NA,NA,NA,NA,NA,NA,5,4,2,Just not really a fan of it,NA,NA,5,1,0,0,5,NA,4,0,100,0,100,4,7,3,9,7,7,3,4,5,4,1,2,5,3,6,1,0,0,1,4,1,5,2,3,5,2,6,3,5,4,5,2,2,4,1,1,4,1,0,NA,6,5,0,Not not really,50,Lawrence Livermore National Laboratory,"Some college, no degree",Female,"$50,000 to under $75,000",Non-metro,White,No,Independent,The Republican Party,I voted,Someone else,South,Tennessee,Female,30-49,Some college/2-yr degree,White,South,Non-metro,"> $50,000",Independent,3rd or didn't vote,1.5491230316289901
R_3EYhpoayFzsFwmJ,2025-03-19T16:57:16Z,2025-03-19T17:10:24Z,1,51,9,32935,8,8,8,8,10,scientific,4,technical,3,necessary,3,2,NA,NA,NA,NA,NA,NA,NA,NA,NA,NA,NA,NA,NA,5,5,2,"I don't necessarily oppose fusion energy, it sounds like a good thing. What I would be concerned about is having a facility near where I live in case there was some sort of effect to the environment around it.",NA,NA,4,1,1,0,2,5,NA,75,25,33,67,10,8,10,9,9,9,7,10,10,7,9,7,8,8,9,7,9,7,3,4,4,4,5,2,3,4,5,4,4,5,4,5,5,5,4,5,2,1,5,NA,9,2,3,I think it will be a very long time before this becomes a viable solution but still be worked on.,10,US national laboratories for energy and security,"Some college, no degree",Female,"$15,000 to under $50,000",Metropolitan,White,No,Democrat,NA,I voted,Kamala Harris,South,Florida,Female,50-64,Some college/2-yr degree,White,South,Metropolitan,"< $50,000",Democrat,Kamala Harris,0.5426340903690867
R_7CweULBhWcwnZRp,2025-03-19T17:29:20Z,2025-03-19T17:49:08Z,1,46,47,98126,2,8,6,7,9,nuclear,3,atom,4,power,4,1,0,0,0,1,0,0,0,1,0,0,NA,2,1,5,5,3,NA,NA,I'm realizing I don't know as much about the idea as I thought I did.,3,1,0,0,3,NA,4,70,30,20,80,10,9,9,8,1,3,2,4,3,7,9,5,7,6,3,7,6,4,4,4,4,4,6,3,4,4,5,5,4,4,4,3,5,4,4,6,2,1,10,NA,10,1,6,NA,10,Lawrence Livermore National Laboratory,2-year or associate degree,Female,"More than $200,000",Metropolitan,White,No,Democrat,NA,I voted,Kamala Harris,West,Washington,Female,30-49,Some college/2-yr degree,White,West,Metropolitan,"> $50,000",Democrat,Kamala Harris,0.6057690180654773
R_3CPJUeWmPGwn2Tm,2025-03-21T20:04:56Z,2025-03-21T20:21:54Z,1,44,5,92701,10,9,9,10,8,Not real sure,2,What kind of energy,3,Good or bad energy,3,0,NA,NA,NA,NA,NA,NA,NA,NA,NA,NA,NA,NA,NA,4,5,5,NA,NA,Not real sure about the energy need more information,2,1,1,0,3,4,NA,50,50,50,50,9,10,10,10,10,9,10,10,9,5,7,8,8,8,8,5,8,0,4,3,3,4,6,4,4,4,7,3,2,3,3,6,3,4,1,6,2,1,5,NA,5,7,10,Not really sure I hope it works,50,US national laboratories for energy and security,High school graduate or GED,Female,"$15,000 to under $50,000",Metropolitan,White,No,Republican,NA,I did not vote,NA,West,California,Female,30-49,HS or less,White,West,Metropolitan,"< $50,000",Republican,3rd or didn't vote,1.6209752214997266
R_1NKweMAWDCk6atY,2025-03-18T19:45:10Z,2025-03-18T20:02:52Z,1,47,6,80204,10,9,9,10,10,Something new,3,Is it safe for people and the environment,3,Can it help the world,3,0,NA,NA,NA,NA,NA,NA,NA,NA,NA,NA,NA,NA,NA,3,4,4,NA,NA,I am not completely sure as to the process in which it takes to produce fusion energy. I don't know if they're our health risks. I just don't have enough information to come up with a solid feeling as of now.,1,1,1,0,1,5,NA,25,75,50,50,3,6,4,5,10,10,10,10,7,6,5,4,5,5,3,7,6,1,3,3,3,3,7,1,3,3,7,4,3,5,4,3,7,4,4,3,4,1,7,NA,8,4,2,Taking the survey I'm really curious about fusion energy and the pros and the cons I think I will look it up and do some research so I know what is what.,50,Lawrence Livermore National Laboratory,High school graduate or GED,Female,"$15,000 to under $50,000",Metropolitan,White,No,Independent,The Democratic Party,I voted,Kamala Harris,West,Colorado,Female,30-49,HS or less,White,West,Metropolitan,"< $50,000",Independent,Kamala Harris,0.4614242499995254
R_36QCLEp61PFsVxv,2025-03-18T20:31:33Z,2025-03-18T20:55:31Z,1,22,46,23518,7,9,10,10,8,Unsure,3,Confusion,3,Not sure,3,0,NA,NA,NA,NA,NA,NA,NA,NA,NA,NA,NA,NA,NA,6,6,5,NA,NA,"I'm not so sure about it, I'd need more in-depth information about how it works and if its a dangerous process.",3,1,1,0,3,7,NA,20,80,70,30,10,9,10,10,7,9,8,9,8,7,7,5,9,7,9,8,9,3,4,4,4,4,4,1,4,3,7,5,4,4,6,4,7,4,5,2,2,1,8,NA,8,1,2,"I'm still on the fence about it, but I think it should be invested into and further developed.",50,Lawrence Livermore National Laboratory,2-year or associate degree,Male,"$75,000 to under $100,000",Metropolitan,Black or African-American,No,Democrat,NA,I voted,Kamala Harris,South,Virginia,Male,18-29,Some college/2-yr degree,Black,South,Metropolitan,"> $50,000",Democrat,Kamala Harris,0.7129929598736383
R_1ixUu6kpH3GzNAq,2025-03-19T18:01:09Z,2025-03-19T19:04:53Z,1,21,43,77380,6,7,7,9,5,joining together,3,combination,4,conjunction,4,0,NA,NA,NA,NA,NA,NA,NA,NA,NA,NA,NA,NA,NA,4,1,4,How is it to use fusion energy,NA,NA,3,0,0,4,2,5,NA,50,50,40,60,4,3,4,5,8,6,7,6,5,6,5,4,4,5,3,7,4,4,3,5,5,5,4,5,5,3,7,3,6,5,4,6,5,5,3,5,2,1,6,NA,7,4,5,Is the joining together of electrical currents,10,US national laboratories for energy and security,High school graduate or GED,Female,"$75,000 to under $100,000",Metropolitan,Black or African-American,No,Democrat,NA,I voted,Kamala Harris,South,Texas,Female,18-29,HS or less,Black,South,Metropolitan,"> $50,000",Democrat,Kamala Harris,0.6534428424700637
R_35ZEik7iGXbIvM5,2025-03-20T07:13:10Z,2025-03-20T07:35:49Z,1,43,33,27295,5,5,7,5,6,Electricity,4,Sun,4,Stars,4,0,NA,NA,NA,NA,NA,NA,NA,NA,NA,NA,NA,NA,NA,4,4,4,NA,NA,Don't know anything about fusion energy so that's why I have mixed feelings,3,1,1,0,5,4,NA,50,50,50,50,5,5,6,5,7,7,6,6,5,5,5,5,5,4,5,5,5,6,4,4,3,4,3,4,4,4,3,4,4,4,4,3,4,4,3,3,2,1,4,NA,7,4,5,I don't have any views,50,US national laboratories for energy and security,"Some college, no degree",Female,"$15,000 to under $50,000",Metropolitan,White,No,Other or none,Neither,I did not vote,NA,South,North Carolina,Female,30-49,Some college/2-yr degree,White,South,Metropolitan,"< $50,000",Independent,3rd or didn't vote,1.4033862988322443
R_3Vw3JHjN9zthByP,2025-03-20T20:42:44Z,2025-03-21T20:59:24Z,1,39,5,90304,7,5,5,5,6,Nuclear,2,Corruption,1,Power,2,1,1,1,1,1,0,1,1,1,0,0,NA,1,1,1,3,1,Untested and worrisome,NA,NA,4,1,1,0,1,4,NA,60,40,30,70,7,6,5,6,6,6,4,1,10,1,5,0,7,6,3,5,7,5,1,1,1,5,1,4,1,1,4,6,5,1,5,5,4,5,4,6,2,1,10,NA,10,1,10,N/A,10,Lawrence Livermore National Laboratory,"Some college, no degree",Male,"$50,000 to under $75,000",Metropolitan,Black or African-American,No,Democrat,NA,I voted,Kamala Harris,West,California,Male,30-49,Some college/2-yr degree,Black,West,Metropolitan,"> $50,000",Democrat,Kamala Harris,0.631901965200131
R_3PWrZzoj3uPQjC1,2025-03-19T05:59:33Z,2025-03-19T06:14:40Z,1,72,49,53218,10,10,10,10,10,Alternative,4,Nonpolluting,5,Natural,5,0,NA,NA,NA,NA,NA,NA,NA,NA,NA,NA,NA,NA,NA,7,7,7,NA,Any energy source that is nonpolluting and sustainable is really what this planet needs to get climate change under control,NA,2,1,1,0,1,NA,7,50,50,40,60,9,10,10,10,5,6,6,6,10,9,9,6,9,8,9,6,8,7,4,3,6,5,6,1,2,3,4,4,6,5,5,5,7,6,7,4,1,1,10,NA,10,2,7,I believe that fusion energy is possible and should be developed as soon as safely possible,10,Lawrence Livermore National Laboratory,High school graduate or GED,Male,"$15,000 to under $50,000",Metropolitan,Black or African-American,No,Democrat,NA,I voted,Kamala Harris,Midwest,Wisconsin,Male,65+,HS or less,Black,Midwest,Metropolitan,"< $50,000",Democrat,Kamala Harris,0.7225940983723442
R_4CpkthHARvaXxn2,2025-03-19T16:54:55Z,2025-03-19T17:16:42Z,1,34,5,92021,8,8,9,9,10,Reliable energy resolution,5,Better recommend better,4,Improve the quality,5,1,0,1,1,1,0,1,0,1,0,0,NA,10,3,4,7,7,NA,This will be a good customer service and environmental benefit for technology and energy management,NA,2,1,1,3,3,7,NA,70,30,60,40,9,9,8,7,8,9,8,8,8,8,9,9,8,8,9,10,9,10,4,6,5,6,6,5,5,6,5,6,7,6,7,7,6,5,7,7,1,1,9,NA,7,7,9,The survey was quite interesting and provide much adequate satisfaction and support,50,US national laboratories for energy and security,Post-graduate degree,Male,"$150,000 to under $200,000",Metropolitan,White,No,Democrat,NA,I voted,Donald Trump,West,California,Male,30-49,4-yr/post-graduate degree,White,West,Metropolitan,"> $50,000",Democrat,Donald Trump,0.80750971703408
R_5PWLDg11pt3YYKd,2025-03-19T21:25:33Z,2025-03-19T21:39:22Z,1,63,6,81004,8,3,2,8,3,The land of fire and ice fusion,5,The economy,5,The evolutionary movement of humanity,5,1,0,0,0,1,0,0,0,0,0,0,NA,10,2,4,4,4,NA,NA,Fusion in the wrong hands can be a disaster in certain countries but in order to start on a fusion project all countries must be involved,3,1,1,1,1,7,NA,100,0,75,25,8,9,8,10,9,9,9,10,9,6,9,8,9,10,10,9,10,9,5,5,5,5,6,4,5,5,5,4,5,4,4,5,7,6,4,6,3,0,NA,10,9,4,0,We live in a cavern system and above us it's a circle of fire and ice buyer becomes so hot that turns blue and it crystallizes into ice the ice molecues begin to move so fast as it gets colder that it bursts into flames,10,US national laboratories for energy and security,"Some college, no degree",Male,"$50,000 to under $75,000",Metropolitan,Some other race,Yes,Independent,The Democratic Party,I did not vote,NA,West,Colorado,Male,50-64,Some college/2-yr degree,Hispanic,West,Metropolitan,"> $50,000",Independent,3rd or didn't vote,1.9567588924492583
R_1ktPD1aswrlVv4n,2025-03-18T21:53:48Z,2025-03-18T22:13:50Z,1,35,5,90601,10,6,8,10,10,The future of energy,4,Powet,5,Innotative,4,1,0,0,1,1,0,0,0,0,0,0,NA,5,3,4,7,3,NA,NA,There’s so much power with huge energy and it’s sometimes unstable but if control it then I would be forward all the time,1,1,1,3,3,6,NA,30,70,70,30,1,10,10,10,10,10,10,10,0,10,9,9,10,0,5,10,5,4,4,7,2,4,7,3,1,5,5,4,4,3,2,7,2,4,3,7,1,1,10,NA,10,4,1,"I think fusion energy is the feature, but there has to be some consequence to mankind on how it’s harnessed in and worked and not used to be for wars or anything like that",10,US national laboratories for energy and security,2-year or associate degree,Male,"$50,000 to under $75,000",Metropolitan,White,Yes,Independent,Neither,I voted,Kamala Harris,West,California,Male,30-49,Some college/2-yr degree,Hispanic,West,Metropolitan,"> $50,000",Independent,Kamala Harris,0.6716440796588008
R_6AMZg1tiW5gMYPi,2025-03-22T00:42:14Z,2025-03-22T00:59:15Z,1,73,10,30650,9,8,5,9,3,Confusing,3,Difficult,3,Experiment,3,0,NA,NA,NA,NA,NA,NA,NA,NA,NA,NA,NA,NA,NA,4,5,5,NA,NA,I don't understand enough about it to know if having a hosting facility nearby is dangerous.,3,1,1,0,2,4,NA,100,0,20,80,2,5,5,5,10,10,9,10,6,5,1,4,4,2,4,4,3,1,4,5,3,3,6,2,3,3,5,4,2,3,3,2,4,5,3,2,3,0,NA,5,3,7,3,It sounds interesting. I think it should be tested for a long time to make sure it is safe.,10,Lawrence Livermore National Laboratory,High school graduate or GED,Female,"$75,000 to under $100,000",Metropolitan,White,No,Republican,NA,I voted,Donald Trump,South,Georgia,Female,65+,HS or less,White,South,Metropolitan,"> $50,000",Republican,Donald Trump,0.8743637971718519
R_5zgnTaeCcglJvBT,2025-03-18T19:23:23Z,2025-03-18T19:45:46Z,1,65,33,28167,10,10,10,10,10,Nucular energy,4,Meltdown,1,Effecifent,5,0,NA,NA,NA,NA,NA,NA,NA,NA,NA,NA,NA,NA,NA,6,7,7,NA,It's the future and it will be cost effective,NA,2,1,1,0,1,7,NA,33,67,40,60,10,10,10,10,5,6,8,8,10,10,10,10,10,2,10,10,10,0,4,6,4,4,6,4,4,4,6,4,6,4,4,6,4,4,4,6,1,1,2,NA,3,6,2,Very intresting thanks,50,US national laboratories for energy and security,4-year or bachelor degree,Male,"$100,000 to under $150,000",Non-metro,White,No,Republican,NA,I voted,Donald Trump,South,North Carolina,Male,65+,4-yr/post-graduate degree,White,South,Non-metro,"> $50,000",Republican,Donald Trump,1.0296197158293154
R_68B7TbLGLRdhLuF,2025-03-19T17:09:59Z,2025-03-19T17:23:28Z,1,77,43,78154,10,10,10,10,5,cleanest type energy,5,smaller that a normal power plant,5,long lasting,5,1,0,0,0,0,0,0,1,0,0,0,NA,6,4,6,6,6,NA,It is supposed to be safer than the one at Three Mile Island.,NA,2,1,1,1,1,6,NA,50,50,90,10,9,9,8,8,3,2,3,3,10,5,6,6,8,2,7,8,6,2,6,5,5,6,2,6,5,5,2,5,5,5,6,1,5,6,5,1,1,0,NA,6,3,6,4,let's do it,10,US national laboratories for energy and security,4-year or bachelor degree,Male,"$75,000 to under $100,000",Metropolitan,White,No,Republican,NA,I voted,Donald Trump,South,Texas,Male,65+,4-yr/post-graduate degree,White,South,Metropolitan,"> $50,000",Republican,Donald Trump,1.0376726417682143
R_1kNu4IU3G7CDGUa,2025-03-19T16:25:54Z,2025-03-19T16:30:58Z,1,36,9,32822,8,7,5,9,7,Combination,3,Force,4,None,3,0,NA,NA,NA,NA,NA,NA,NA,NA,NA,NA,NA,NA,NA,5,4,5,NA,NA,Not sure how I feel about it but it’s worth the shot,2,1,1,0,2,4,NA,40,60,50,50,5,7,8,8,8,8,6,6,6,6,8,5,6,7,7,6,9,5,5,6,4,4,4,4,5,6,4,5,5,4,5,4,3,4,5,4,2,1,8,NA,7,2,6,No nothing,50,US national laboratories for energy and security,"Some college, no degree",Female,"$15,000 to under $50,000",Metropolitan,Black or African-American,Yes,Democrat,NA,I voted,Kamala Harris,South,Florida,Female,30-49,Some college/2-yr degree,Hispanic,South,Metropolitan,"< $50,000",Democrat,Kamala Harris,0.6496003414126162
R_6fdxY9tJV7E2CLM,2025-03-21T16:47:02Z,2025-03-21T17:15:36Z,1,41,32,10471,7,7,7,8,7,Challenging,3,Hazardous,2,Oversold,2,1,1,1,1,1,1,1,1,1,0,0,NA,7,2,2,2,1,Possible radiation leakage,NA,NA,4,0,0,3,5,3,NA,80,20,20,80,8,7,6,6,8,8,9,7,3,8,9,9,9,8,9,9,7,6,4,4,4,4,5,3,4,4,3,4,4,4,4,4,5,4,4,5,2,1,7,NA,6,6,6,NA,50,Lawrence Livermore National Laboratory,4-year or bachelor degree,Female,"$150,000 to under $200,000",Metropolitan,White,No,Republican,NA,I voted,Donald Trump,Northeast,New York,Female,30-49,4-yr/post-graduate degree,White,Northeast,Metropolitan,"> $50,000",Republican,Donald Trump,0.8347656796129376
R_7PTrH5krulDkBMC,2025-03-21T15:27:18Z,2025-03-21T15:47:18Z,1,38,13,60631,7,7,8,7,7,Experimental,3,Overhyped,2,Uncertain,3,1,1,1,1,1,1,1,1,1,0,0,NA,6,2,3,2,1,I worry about the consequences of potential malfunctions or accidents,NA,NA,4,0,0,3,5,NA,2,60,40,20,80,8,8,7,6,8,9,9,9,4,8,8,8,9,9,7,8,8,5,4,4,4,4,5,2,3,3,2,4,4,4,4,4,5,4,5,6,2,1,7,NA,7,3,6,NA,50,Lawrence Livermore National Laboratory,Post-graduate degree,Female,"$100,000 to under $150,000",Metropolitan,White,No,Democrat,NA,I voted,Kamala Harris,Midwest,Illinois,Female,30-49,4-yr/post-graduate degree,White,Midwest,Metropolitan,"> $50,000",Democrat,Kamala Harris,0.7337862470629105
R_1Fzxkya9vLQ1IJi,2025-03-22T13:25:48Z,2025-03-22T14:04:13Z,1,39,32,11214,6,6,7,7,7,Expensive,2,Unpredictable,2,Elusive,3,1,1,1,1,1,1,1,1,1,0,0,NA,7,2,3,3,1,"Nuclear radiation is very harmful, if the nuclear leakage would be a disaster",NA,NA,4,1,1,3,5,NA,3,60,40,30,70,7,8,8,7,8,9,8,8,5,8,8,8,8,8,7,8,7,6,4,5,4,4,5,3,4,3,3,4,4,4,4,3,5,4,5,5,3,1,8,NA,7,4,7,NA,50,US national laboratories for energy and security,Post-graduate degree,Male,"$100,000 to under $150,000",Metropolitan,White,No,Republican,NA,I voted,Donald Trump,Northeast,New York,Male,30-49,4-yr/post-graduate degree,White,Northeast,Metropolitan,"> $50,000",Republican,Donald Trump,0.8665551211076793
R_5090Il7L0oeezPU,2025-03-20T05:04:52Z,2025-03-20T05:12:26Z,1,32,5,93308,4,7,8,4,8,CONfusion energy,3,Interesting,4,Worth a shot,4,0,NA,NA,NA,NA,NA,NA,NA,NA,NA,NA,NA,NA,NA,4,4,3,NA,NA,It just seems bad for the air quality,2,1,0,0,3,6,NA,50,50,50,50,9,7,6,7,8,2,5,5,5,6,4,3,5,8,7,5,3,1,4,4,4,4,4,4,4,4,4,5,2,4,4,1,4,5,5,6,2,1,10,NA,7,4,5,No,10,US national laboratories for energy and security,2-year or associate degree,Male,"$150,000 to under $200,000",Metropolitan,White,Yes,Independent,The Democratic Party,I voted,Kamala Harris,West,California,Male,30-49,Some college/2-yr degree,Hispanic,West,Metropolitan,"> $50,000",Independent,Kamala Harris,0.6716440796588008
R_3ou4G42rTL5QEx5,2025-03-22T12:11:49Z,2025-03-22T12:25:44Z,1,39,32,11222,6,7,8,7,7,Difficult,2,Strategic,3,Fragile,1,1,1,1,1,1,1,1,1,1,0,0,NA,7,2,3,2,1,Unforeseen and catastrophic consequences may occur at any time,NA,NA,4,1,1,3,5,3,NA,70,30,30,70,7,7,7,6,8,9,8,9,4,9,9,9,9,8,7,8,8,7,4,4,4,4,4,3,5,3,2,4,4,4,4,3,5,4,5,5,2,1,9,NA,7,3,7,NA,50,Lawrence Livermore National Laboratory,4-year or bachelor degree,Female,"$150,000 to under $200,000",Metropolitan,White,No,Democrat,NA,I voted,Kamala Harris,Northeast,New York,Female,30-49,4-yr/post-graduate degree,White,Northeast,Metropolitan,"> $50,000",Democrat,Kamala Harris,0.65721408963492145
R_3EbUh9oLwxHpZvL,2025-03-23T08:29:30Z,2025-03-23T08:50:50Z,1,37,13,60630,8,7,8,8,7,Unstable,2,Fragile,4,Hazardous,4,1,1,1,1,1,1,1,1,1,1,0,NA,6,2,3,5,1,It is dangerous and cannot be built near residential areas,NA,NA,4,1,1,3,5,4,NA,50,50,50,50,9,8,8,9,8,8,8,7,6,9,8,8,9,8,7,9,8,7,4,4,4,4,3,3,4,4,3,4,4,4,4,3,5,4,4,5,2,1,9,NA,8,5,7,NA,10,US national laboratories for energy and security,4-year or bachelor degree,Female,"$100,000 to under $150,000",Metropolitan,White,No,Republican,NA,I voted,Donald Trump,Midwest,Illinois,Female,30-49,4-yr/post-graduate degree,White,Midwest,Metropolitan,"> $50,000",Republican,Donald Trump,0.9320244116500294
R_5RhD2sj3DfFfdVn,2025-03-19T17:11:52Z,2025-03-19T19:10:25Z,1,50,49,53142,8,6,10,5,6,Combining energy,5,Full,4,Inspire,4,0,NA,NA,NA,NA,NA,NA,NA,NA,NA,NA,NA,NA,NA,5,3,4,NA,NA,I really don't know much about it to give a solid opinion.,2,1,0,0,3,4,NA,0,100,50,50,5,5,5,6,5,5,5,6,8,6,6,7,6,5,6,6,6,6,5,4,5,4,6,6,5,4,4,6,5,3,6,5,5,1,4,5,2,1,5,NA,6,1,4,No,10,Lawrence Livermore National Laboratory,2-year or associate degree,Female,"Less than $15,000",Metropolitan,Black or African-American,No,Democrat,NA,I voted,Kamala Harris,Midwest,Wisconsin,Female,50-64,Some college/2-yr degree,Black,Midwest,Metropolitan,"< $50,000",Democrat,Kamala Harris,0.6104184113522555
R_57DLvQ0bAKQC4qJ,2025-03-23T07:21:58Z,2025-03-23T07:54:12Z,1,38,32,11417,7,7,8,7,8,Pioneering,4,Breakthrough,4,High-tech,4,1,1,1,1,1,1,1,1,1,0,0,NA,7,2,6,6,3,NA,NA,This project is still in the research stage and should be built in no man's land,3,1,1,3,3,NA,4,60,40,50,50,8,7,8,8,8,8,8,8,6,9,8,9,9,8,8,8,8,7,4,4,4,4,5,3,4,3,3,4,4,4,4,5,5,4,4,5,2,1,10,NA,9,5,7,NA,10,US national laboratories for energy and security,4-year or bachelor degree,Male,"$100,000 to under $150,000",Metropolitan,White,No,Democrat,NA,I voted,Kamala Harris,Northeast,New York,Male,30-49,4-yr/post-graduate degree,White,Northeast,Metropolitan,"> $50,000",Democrat,Kamala Harris,0.6822420338379662
R_6NmhluozTa4rbw5,2025-03-23T07:21:22Z,2025-03-23T07:54:10Z,1,39,32,11208,6,7,8,7,7,Sustainable,4,Advanced,4,Eco-friendly,4,1,1,1,1,1,1,1,1,1,0,0,NA,7,2,5,5,2,Build away from residential areas,NA,NA,3,1,1,3,3,5,NA,50,50,50,50,9,9,8,7,7,7,8,8,5,8,8,8,9,8,8,8,8,7,4,4,4,4,4,3,4,3,3,4,4,4,4,4,5,4,4,5,2,1,10,NA,8,4,7,NA,10,Lawrence Livermore National Laboratory,Post-graduate degree,Male,"$100,000 to under $150,000",Metropolitan,White,No,Republican,NA,I voted,Donald Trump,Northeast,New York,Male,30-49,4-yr/post-graduate degree,White,Northeast,Metropolitan,"> $50,000",Republican,Donald Trump,0.8665551211076793
R_3B8wjS83eDkK1JA,2025-03-22T14:55:55Z,2025-03-22T15:11:28Z,1,35,5,91343,7,7,8,8,8,Risky,2,Overhyped,2,Hard-to-maintain,2,1,1,1,1,1,1,1,1,1,0,0,NA,6,2,3,3,1,The technology is immature and prone to unexpected accidents,NA,NA,4,0,0,3,4,3,NA,70,30,30,70,7,7,7,6,9,8,9,8,6,8,7,7,8,7,7,8,8,7,3,4,4,4,5,3,4,3,5,4,4,4,4,3,5,4,5,5,2,1,8,NA,7,2,8,NA,50,US national laboratories for energy and security,Post-graduate degree,Male,"$100,000 to under $150,000",Metropolitan,White,No,Republican,NA,I voted,Donald Trump,West,California,Male,30-49,4-yr/post-graduate degree,White,West,Metropolitan,"> $50,000",Republican,Donald Trump,0.8687342585506542
R_5AXGU6DIV8aVgC5,2025-03-21T10:03:44Z,2025-03-21T10:14:10Z,1,33,9,33142,5,8,7,9,8,Nuclear fusion reactions,5,Heat,5,Energy,5,1,0,1,1,0,0,0,1,0,0,0,NA,7,3,4,6,6,NA,"Having a reliable energy within,not relying on other countries",NA,2,1,1,3,1,NA,6,40,60,50,50,9,7,9,9,7,8,9,7,10,10,9,7,7,8,8,10,6,5,4,4,4,5,3,5,5,3,3,5,3,4,3,4,4,3,4,5,1,1,7,NA,6,7,9,No,10,Lawrence Livermore National Laboratory,Post-graduate degree,Male,"$100,000 to under $150,000",Metropolitan,White,No,Independent,The Republican Party,I voted,Donald Trump,Midwest,Florida,Male,30-49,4-yr/post-graduate degree,White,Midwest,Metropolitan,"> $50,000",Independent,Donald Trump,0.8010346181336808
R_5drZCHCTAu0Ec1g,2025-03-18T19:33:11Z,2025-03-18T19:43:38Z,1,53,43,78401,5,8,5,9,9,"Nuclear,",4,Hype,2,Suppression,2,1,1,1,1,0,0,0,1,0,0,0,NA,5,3,7,7,7,NA,"Clean, free energy and help the environment",NA,6,1,1,0,3,NA,7,0,100,50,50,9,9,8,9,3,3,3,3,5,3,3,3,8,8,7,3,8,1,3,5,5,3,5,4,5,4,6,2,2,3,4,4,4,2,4,6,1,1,8,NA,8,3,3,Excited to see it in action during my lifetime,50,US national laboratories for energy and security,Post-graduate degree,Male,"$150,000 to under $200,000",Metropolitan,White,Yes,Independent,Neither,I voted,Donald Trump,South,Texas,Male,50-64,4-yr/post-graduate degree,Hispanic,South,Metropolitan,"> $50,000",Independent,Donald Trump,0.859489339393411
R_3MG8T6B3z6XhlXH,2025-03-18T23:18:41Z,2025-03-18T23:38:33Z,1,46,9,32807,10,8,10,9,8,Concern,2,Confused,2,Not sure,3,2,NA,NA,NA,NA,NA,NA,NA,NA,NA,NA,NA,NA,NA,1,1,1,That sounds like it would bebdamgerous,NA,NA,4,0,0,0,5,3,NA,50,50,25,75,1,4,2,5,3,4,5,4,3,4,4,3,4,4,3,4,4,4,3,4,3,2,3,4,4,4,4,3,3,4,4,3,4,4,4,4,2,1,0,NA,3,3,5,NA,10,US national laboratories for energy and security,"Some college, no degree",Female,"$50,000 to under $75,000",Metropolitan,Some other race,Yes,Independent,The Democratic Party,I did not vote,NA,South,Florida,Female,30-49,Some college/2-yr degree,Hispanic,South,Metropolitan,"> $50,000",Independent,3rd or didn't vote,1.8721402125678455
R_6UkLl3jTISbdVjb,2025-03-19T16:51:28Z,2025-03-19T16:59:48Z,1,40,38,15317,6,8,9,8,7,Energy,4,Positive,4,NA,4,1,0,0,0,0,1,0,1,0,0,0,NA,7,2,4,6,5,NA,NA,I have mixed feelings about everything,3,1,1,2,3,NA,5,25,75,50,50,4,8,8,6,3,6,9,8,8,9,9,8,9,10,7,9,6,9,6,5,4,5,5,6,5,5,3,6,6,5,4,6,6,5,6,4,3,1,7,NA,9,4,8,No I don't,10,US national laboratories for energy and security,4-year or bachelor degree,Female,"$50,000 to under $75,000",Metropolitan,Mixed race,Yes,Independent,Neither,I voted,Someone else,Northeast,Pennsylvania,Female,30-49,4-yr/post-graduate degree,Hispanic,Northeast,Metropolitan,"> $50,000",Independent,3rd or didn't vote,2.041623903595714
R_7yfiW3KJGkb4121,2025-03-24T14:13:11Z,2025-03-24T14:18:42Z,1,19,37,97212,6,7,8,6,6,Free,5,Cold,4,Clean,5,1,1,0,0,0,0,0,0,0,0,0,NA,1,2,6,5,6,NA,NA,I would like the reduction in fossil fuels but I’m concerned with local pollution,3,1,1,0,1,7,NA,30,70,40,60,8,4,8,7,2,3,6,6,8,8,8,8,8,7,5,8,8,5,4,4,4,4,4,1,4,3,7,4,4,4,3,1,6,4,5,2,1,1,10,NA,10,2,4,It seems extremely promising,10,US national laboratories for energy and security,"Some college, no degree",Male,"$75,000 to under $100,000",Metropolitan,White,Yes,Democrat,NA,I voted,Kamala Harris,West,Oregon,Male,18-29,Some college/2-yr degree,Hispanic,West,Metropolitan,"> $50,000",Democrat,Kamala Harris,0.8552256302770315
R_37U799SWbQHCq9r,2025-03-20T14:22:58Z,2025-03-20T14:50:09Z,1,42,13,60619,9,9,8,8,9,Hazardous,1,Technically-demanding,3,Carbon-free,4,1,1,1,1,1,1,1,1,1,0,0,NA,6,2,3,3,1,It has great uncontrollable danger,NA,NA,4,1,1,3,5,4,NA,80,20,20,80,7,9,8,8,9,8,7,8,5,8,8,9,8,9,8,8,7,3,3,4,3,4,4,2,5,4,2,5,3,5,4,5,6,5,5,6,2,1,10,NA,7,6,6,NA,10,US national laboratories for energy and security,4-year or bachelor degree,Female,"$150,000 to under $200,000",Metropolitan,White,No,Republican,NA,I voted,Donald Trump,Midwest,Illinois,Female,30-49,4-yr/post-graduate degree,White,Midwest,Metropolitan,"> $50,000",Republican,Donald Trump,0.9320244116500294
R_5WIjBMT4e96zd0h,2025-03-20T13:15:38Z,2025-03-20T13:35:05Z,1,39,32,11697,8,7,8,8,9,Challenging,3,High-maintenance,2,Hazardous,2,1,1,1,1,1,1,1,1,1,0,0,NA,5,2,3,3,1,It has great power and poses great danger,NA,NA,4,1,1,3,5,4,NA,70,30,30,70,9,8,8,6,8,7,9,9,5,8,8,8,8,8,7,7,7,6,5,4,4,4,3,4,6,5,6,5,3,5,4,4,5,5,5,6,2,1,10,NA,6,5,6,NA,50,Lawrence Livermore National Laboratory,4-year or bachelor degree,Female,"$100,000 to under $150,000",Metropolitan,White,No,Republican,NA,I voted,Donald Trump,Northeast,New York,Female,30-49,4-yr/post-graduate degree,White,Northeast,Metropolitan,"> $50,000",Republican,Donald Trump,0.8347656796129376
R_5e3urZCPgPPdaDx,2025-03-20T12:25:55Z,2025-03-20T12:54:40Z,1,38,5,90016,8,9,9,8,9,Radiation,1,Efficient energy,4,High-risk,2,1,1,1,1,1,1,1,1,1,0,0,NA,6,2,5,5,1,I think the technology is too immature and too dangerous,NA,NA,4,1,1,3,3,NA,5,30,70,50,50,9,9,8,8,9,9,8,9,6,8,8,8,9,8,7,8,8,6,4,4,4,4,4,2,4,3,5,5,4,4,4,3,5,4,5,6,2,1,7,NA,7,3,6,NA,50,US national laboratories for energy and security,Post-graduate degree,Female,"$100,000 to under $150,000",Metropolitan,White,No,Democrat,NA,I voted,Kamala Harris,West,California,Female,30-49,4-yr/post-graduate degree,White,West,Metropolitan,"> $50,000",Democrat,Kamala Harris,0.6588667944610651
R_5skwtL75kLA5JK1,2025-03-20T09:49:22Z,2025-03-20T10:20:02Z,1,35,32,10304,8,8,9,8,9,Nuclear energy,3,Sustainability,3,powerful,5,1,1,1,1,1,1,1,1,1,0,0,NA,6,2,4,4,1,I'm worried about nuclear contamination,NA,NA,4,1,1,3,3,NA,4,60,40,40,60,9,10,9,7,8,9,9,7,6,7,8,8,8,8,7,8,7,7,4,5,3,4,5,3,4,3,3,5,3,4,4,4,6,5,5,5,2,1,10,NA,6,3,6,NA,50,US national laboratories for energy and security,4-year or bachelor degree,Female,"$100,000 to under $150,000",Metropolitan,White,No,Democrat,NA,I voted,Kamala Harris,Northeast,New York,Female,30-49,4-yr/post-graduate degree,White,Northeast,Metropolitan,"> $50,000",Democrat,Kamala Harris,0.65721408963492145
R_7qmYx97RiwdQd0J,2025-03-19T02:57:35Z,2025-03-19T03:10:19Z,1,30,38,19033,6,7,9,9,5,Nuclear,4,clean,4,cheap,4,1,1,1,1,0,1,0,1,0,0,0,NA,6,2,7,7,7,NA,I want clean effecient energy,NA,2,1,1,4,3,NA,1,60,40,50,50,9,8,7,6,1,1,2,6,7,7,4,3,0,1,2,6,1,0,4,4,3,2,5,1,4,3,7,4,3,5,2,3,6,4,5,1,2,0,NA,8,3,4,0,"I think if done properly with weekly updates to the american people and objective  correct oversight wiht minmum funding, people doing this to further humanity rather than a paycheck we can actually make this happen very soon.",10,US national laboratories for energy and security,4-year or bachelor degree,Male,"$50,000 to under $75,000",Metropolitan,Mixed race,Yes,Independent,Neither,I did not vote,NA,Northeast,Pennsylvania,Male,30-49,4-yr/post-graduate degree,Hispanic,Northeast,Metropolitan,"> $50,000",Independent,3rd or didn't vote,2.1193727680048453
R_73Efsbe9JiFVVU8,2025-03-19T14:06:58Z,2025-03-19T14:47:08Z,1,35,43,77087,7,8,9,10,8,Nuclear fusion,3,Clean energy,5,Radiation,1,1,1,1,1,1,1,1,1,1,0,0,NA,6,2,5,5,2,I'm worried about a catastrophic accident like an explosion,NA,NA,3,1,1,1,2,4,NA,40,60,30,70,8,9,8,9,7,9,9,9,7,8,7,7,9,7,8,7,7,5,3,5,4,4,5,3,3,4,2,5,3,4,5,3,4,5,4,6,2,1,8,NA,7,2,7,NA,50,US national laboratories for energy and security,Post-graduate degree,Male,"$100,000 to under $150,000",Metropolitan,White,No,Republican,NA,I voted,Donald Trump,South,Texas,Male,30-49,4-yr/post-graduate degree,White,South,Metropolitan,"> $50,000",Republican,Donald Trump,0.8642698958997601
R_3Sb4xuiLzCihYY1,2025-03-19T16:02:27Z,2025-03-19T16:10:48Z,1,66,5,93306,7,8,9,7,7,clean energy,5,cheap energy,4,hopeful,4,1,0,1,0,1,0,1,1,1,0,0,NA,7,2,6,7,4,NA,NA,"Any big energy producer within ten miles causes risks of some sort, That would include gas, oil, or any kind of nuclear energy. With advancements in tech, fusion may end up being the safest.",3,1,1,1,3,NA,6,50,50,80,20,9,9,9,9,2,2,6,4,8,9,9,5,9,6,7,9,9,5,4,4,4,4,5,3,4,4,4,4,4,4,4,3,5,4,4,5,2,1,9,NA,9,1,5,no,10,Lawrence Livermore National Laboratory,Post-graduate degree,Male,"$150,000 to under $200,000",Metropolitan,Native American or American Indian,Yes,Democrat,NA,I voted,Kamala Harris,West,California,Male,65+,4-yr/post-graduate degree,Hispanic,West,Metropolitan,"> $50,000",Democrat,Kamala Harris,0.9847118256408958
R_538DSSX560NAJqm,2025-03-18T19:29:41Z,2025-03-18T19:41:25Z,1,32,5,90247,10,10,10,10,10,Combining,4,Power,2,Cheaper electricity,4,0,NA,NA,NA,NA,NA,NA,NA,NA,NA,NA,NA,NA,NA,7,7,7,NA,"If we can make a energy cleaner for environment and cheaper for the consumer, there is no reason for me to be against it",NA,3,1,1,0,3,NA,7,10,90,80,20,10,10,10,10,5,5,5,5,10,10,10,10,10,10,10,10,10,10,4,4,4,4,4,5,4,4,4,4,4,4,4,4,7,4,7,7,1,1,10,NA,10,1,6,NA,10,Lawrence Livermore National Laboratory,"Some college, no degree",Male,"$100,000 to under $150,000",Metropolitan,Asian or Asian-American,No,Democrat,NA,I was not registered to vote,NA,West,California,Male,30-49,Some college/2-yr degree,Other,West,Metropolitan,"> $50,000",Democrat,3rd or didn't vote,1.820957889377612
R_7lmGdGxTyz67CG6,2025-03-24T10:22:19Z,2025-03-24T11:17:35Z,1,38,5,91406,8,9,9,8,7,Risky,2,Hard-to-maintain,2,Complicated,3,1,1,1,1,1,1,1,1,1,0,0,NA,7,2,3,4,1,The immaturity of fusion energy technology is likely to cause unexpected accidents,NA,NA,4,0,0,3,4,3,NA,80,20,20,80,9,9,9,8,10,10,9,10,3,8,8,9,9,8,8,9,9,7,4,3,4,4,5,4,4,3,2,4,4,5,4,4,5,4,5,6,2,1,9,NA,8,4,7,NA,50,Lawrence Livermore National Laboratory,Post-graduate degree,Male,"$150,000 to under $200,000",Metropolitan,White,No,Republican,NA,I voted,Donald Trump,West,California,Male,30-49,4-yr/post-graduate degree,White,West,Metropolitan,"> $50,000",Republican,Donald Trump,0.8687342585506542
R_7e6usue5VLcMBsl,2025-03-24T10:47:10Z,2025-03-24T11:17:38Z,1,37,32,10460,7,7,8,8,8,Unfeasible-for-now,3,High-maintenance,2,Politicized,1,1,1,1,1,1,1,1,1,1,0,0,NA,6,2,3,4,1,"Building this immature fusion energy near a residential area is extremely irresponsible, and I firmly oppose it",NA,NA,3,0,0,3,5,3,NA,70,30,30,70,6,7,7,8,9,8,8,9,4,9,8,9,9,8,7,9,9,5,4,4,4,4,4,3,4,4,2,4,4,4,4,3,5,5,4,6,2,1,10,NA,8,3,6,NA,10,Lawrence Livermore National Laboratory,4-year or bachelor degree,Male,"$100,000 to under $150,000",Metropolitan,White,No,Democrat,NA,I voted,Kamala Harris,Northeast,New York,Male,30-49,4-yr/post-graduate degree,White,Northeast,Metropolitan,"> $50,000",Democrat,Kamala Harris,0.6822420338379662
R_7AG2PF3O9aeojWz,2025-03-24T10:22:27Z,2025-03-24T10:46:19Z,1,39,32,11209,8,8,9,8,8,Theoretical,3,Unfinished,2,Hazardous,2,1,1,1,1,1,1,1,1,1,0,0,NA,3,2,2,3,1,Possible long-term health effects of living near a fusion energy plant,NA,NA,4,0,0,3,5,NA,3,70,30,40,60,7,8,7,7,8,9,9,8,4,9,9,9,9,8,8,9,9,7,4,4,4,4,4,2,4,4,3,4,4,4,4,4,6,4,4,5,2,1,10,NA,8,3,7,NA,10,US national laboratories for energy and security,4-year or bachelor degree,Female,"$150,000 to under $200,000",Metropolitan,White,No,Democrat,NA,I voted,Kamala Harris,Northeast,New York,Female,30-49,4-yr/post-graduate degree,White,Northeast,Metropolitan,"> $50,000",Democrat,Kamala Harris,0.65721408963492145
R_3cfbqaB9YC0vm1P,2025-03-24T10:22:36Z,2025-03-24T10:46:21Z,1,39,5,90006,8,8,8,9,9,Unstable,2,Unpredictable,3,Unrealistic,2,1,1,1,1,1,1,1,1,1,0,0,NA,3,2,2,3,1,It requires a huge investment and it's dangerous,NA,NA,4,1,0,3,5,NA,3,70,30,30,70,7,8,8,7,8,9,9,8,5,9,9,8,9,8,7,9,8,7,4,4,4,4,4,3,4,3,3,4,4,4,4,3,5,4,4,6,2,1,10,NA,9,4,7,NA,50,US national laboratories for energy and security,4-year or bachelor degree,Male,"$100,000 to under $150,000",Metropolitan,White,No,Republican,NA,I voted,Donald Trump,West,California,Male,30-49,4-yr/post-graduate degree,White,West,Metropolitan,"> $50,000",Republican,Donald Trump,0.8687342585506542
R_7tHLjxOSq3h4CJ3,2025-03-24T02:47:35Z,2025-03-24T03:09:17Z,1,40,36,74116,6,5,5,6,4,NA,3,NA,3,NA,3,0,NA,NA,NA,NA,NA,NA,NA,NA,NA,NA,NA,NA,NA,3,4,4,NA,NA,I dont fully understand what would go into the fusion plants and resulting risks,4,1,0,0,1,4,NA,60,40,60,40,5,5,5,5,5,3,4,4,6,4,4,5,6,4,5,5,4,2,3,5,3,4,5,3,3,4,5,5,3,4,4,3,5,5,4,5,2,0,NA,5,5,4,3,N/a,50,Lawrence Livermore National Laboratory,High school graduate or GED,Male,"$15,000 to under $50,000",Metropolitan,Native American or American Indian,No,Other or none,The Republican Party,I did not vote,NA,South,Oklahoma,Male,30-49,HS or less,Other,South,Metropolitan,"< $50,000",Independent,3rd or didn't vote,1.3799256827581021
R_6eqyfnt9iXrPy6F,2025-03-20T07:03:54Z,2025-03-20T07:16:29Z,1,27,5,80460,8,8,8,9,9,Current Flow,4,Imputation flow forecasting,3,Discharge,3,1,0,0,0,1,0,1,0,1,0,0,NA,8,3,5,5,5,NA,NA,It's definitely an outstanding project,3,1,1,1,1,NA,6,60,40,40,60,8,10,8,10,8,10,8,8,8,9,9,9,9,10,9,8,10,9,6,5,6,5,5,4,6,6,6,7,5,6,6,7,5,6,6,5,2,1,8,NA,7,6,8,It's a unique project,10,US national laboratories for energy and security,Post-graduate degree,Male,"$100,000 to under $150,000",NA,White,Yes,Republican,NA,I voted,Donald Trump,NA,California,Male,18-29,4-yr/post-graduate degree,Hispanic,West,Metropolitan,"> $50,000",Republican,Donald Trump,1.1814871171384391
R_3LcH6GSp4u10zkc,2025-03-24T04:26:09Z,2025-03-24T04:44:34Z,1,41,32,11224,7,8,8,9,8,Groundbreaking,4,Groundbreaking,4,Earth-friendly,5,1,1,1,1,1,1,1,1,1,0,0,NA,7,2,5,5,3,NA,NA,I support building farther away from residential areas,3,1,1,3,3,5,NA,30,70,50,50,9,9,9,8,9,9,8,7,5,9,9,9,9,9,8,9,9,8,4,4,4,4,5,4,4,4,3,4,4,4,4,4,4,4,4,5,2,1,7,NA,7,5,7,NA,50,US national laboratories for energy and security,4-year or bachelor degree,Male,"$150,000 to under $200,000",Metropolitan,White,No,Democrat,NA,I voted,Kamala Harris,Northeast,New York,Male,30-49,4-yr/post-graduate degree,White,Northeast,Metropolitan,"> $50,000",Democrat,Kamala Harris,0.6822420338379662
R_63lmgliehSuhQuy,2025-03-23T17:25:58Z,2025-03-23T17:41:04Z,1,35,43,77091,8,8,9,9,8,Advanced,5,Infinite,4,Viable,4,1,1,1,1,1,1,1,1,1,0,0,NA,7,2,5,5,2,Fusion energy is not yet well controlled and cannot be built near residential areas,NA,NA,3,1,1,3,4,5,NA,40,60,50,50,9,8,9,8,8,8,7,7,7,9,9,9,9,9,8,8,9,7,4,4,4,4,4,3,4,4,3,4,4,4,4,4,4,4,4,5,2,1,8,NA,7,2,8,NA,10,Lawrence Livermore National Laboratory,Post-graduate degree,Male,"$100,000 to under $150,000",Metropolitan,White,No,Republican,NA,I voted,Donald Trump,South,Texas,Male,30-49,4-yr/post-graduate degree,White,South,Metropolitan,"> $50,000",Republican,Donald Trump,0.8642698958997601
R_6aIV3ki24IYUKf3,2025-03-23T17:02:25Z,2025-03-23T17:19:45Z,1,40,32,11379,8,7,9,8,8,Limitless,4,Abundant,4,Abundant,4,1,1,1,1,1,1,1,1,1,0,0,NA,7,2,5,5,1,Fusion energy is unstable and unpredictable,NA,NA,3,1,1,3,3,NA,5,40,60,50,50,9,8,9,8,8,7,8,9,7,9,9,8,9,8,9,9,9,7,4,4,4,4,5,4,4,4,3,4,4,4,4,4,5,4,4,5,2,1,8,NA,7,3,8,NA,10,Lawrence Livermore National Laboratory,4-year or bachelor degree,Female,"$100,000 to under $150,000",Metropolitan,White,No,Democrat,NA,I voted,Kamala Harris,Northeast,New York,Female,30-49,4-yr/post-graduate degree,White,Northeast,Metropolitan,"> $50,000",Democrat,Kamala Harris,0.65721408963492145
R_6EEI15UNgyhQIKU,2025-03-19T17:00:29Z,2025-03-19T17:18:35Z,1,50,43,78756,5,8,6,8,8,potential,4,energy,4,source,4,1,0,1,0,1,0,0,0,0,0,0,NA,5,1,4,5,5,NA,NA,I lean towards being favorable but am cautious because of lack of knowledge,4,0,1,3,5,5,NA,25,75,25,75,10,10,10,10,5,1,1,5,0,8,8,8,8,8,6,8,8,3,4,4,4,4,5,2,4,4,2,4,4,4,4,4,6,4,4,6,2,1,8,NA,8,2,4,Nope,50,US national laboratories for energy and security,High school graduate or GED,Male,"Less than $15,000",Metropolitan,White,No,Independent,The Democratic Party,I voted,Someone else,South,Texas,Male,50-64,HS or less,White,South,Metropolitan,"< $50,000",Independent,3rd or didn't vote,1.3883296085156738
R_7YbN4PmjzuATdVt,2025-03-19T17:01:04Z,2025-03-19T17:42:26Z,1,47,37,97045,8,8,10,10,7,atomic,3,stability,2,cost,2,0,NA,NA,NA,NA,NA,NA,NA,NA,NA,NA,NA,NA,NA,3,5,5,NA,NA,How will it affect communities? Is it safe? It would bring more job opportunities.,4,1,1,0,2,5,NA,40,60,50,50,10,10,10,10,10,10,10,10,7,7,7,7,7,0,2,7,2,0,3,3,3,1,1,1,3,1,1,5,5,5,7,7,7,5,7,7,3,0,NA,4,6,6,7,No,50,US national laboratories for energy and security,"Some college, no degree",Female,"$100,000 to under $150,000",Metropolitan,White,No,Republican,NA,I voted,Donald Trump,West,Oregon,Female,30-49,Some college/2-yr degree,White,West,Metropolitan,"> $50,000",Republican,Donald Trump,0.769422314629301
R_3kuZOx2WeUvsW6i,2025-03-21T14:43:27Z,2025-03-21T15:01:06Z,1,63,43,77375,10,10,10,10,8,Ready for it,4,Caution,2,Needed,4,1,0,1,0,0,0,0,0,0,0,0,NA,2,4,7,5,5,NA,NA,Not confident that there is enough expertise to bring this to fruition safely.,2,1,1,0,1,7,NA,0,100,50,50,2,10,8,8,10,8,8,10,0,2,0,10,8,5,8,0,8,2,4,5,3,4,7,3,1,4,7,3,3,4,4,3,5,3,4,3,4,1,8,NA,10,5,0,No,50,Lawrence Livermore National Laboratory,"Some college, no degree",Female,"$50,000 to under $75,000",Metropolitan,Mixed race,No,Independent,Neither,I voted,Kamala Harris,South,Texas,Female,50-64,Some college/2-yr degree,Other,South,Metropolitan,"> $50,000",Independent,Kamala Harris,0.5353326558802433
R_7BPXdqdBGnQtkEp,2025-03-19T18:48:18Z,2025-03-19T18:52:51Z,1,29,42,37138,5,5,5,6,5,Power,3,Control,3,Quality,3,2,NA,NA,NA,NA,NA,NA,NA,NA,NA,NA,NA,NA,NA,6,5,5,NA,NA,Idk,2,0,0,4,5,NA,4,50,50,50,50,6,2,1,6,4,5,6,5,5,3,7,6,4,5,6,6,5,6,4,5,4,4,4,4,4,4,4,4,4,4,4,4,5,4,4,4,3,0,NA,4,5,5,5,No,10,US national laboratories for energy and security,High school graduate or GED,Female,"Less than $15,000",Metropolitan,White,No,Other or none,Neither,I did not vote,NA,South,Tennessee,Female,18-29,HS or less,White,South,Metropolitan,"< $50,000",Independent,3rd or didn't vote,1.514273428298422
R_6dNHiwTKEe2AQTL,2025-03-21T01:12:12Z,2025-03-21T01:23:33Z,1,43,10,30043,0,2,10,3,8,Nuclear energy,5,Future,5,Cheap electricity,5,1,0,0,0,0,0,0,0,0,0,1,Self reading and research,8,2,1,7,1,Chernobyl nuclear issue still exists and I don't want to live near a nuclear reactor,NA,NA,4,1,0,0,1,NA,6,0,100,60,40,7,7,8,7,9,7,6,8,7,2,0,1,0,7,3,0,7,0,3,4,2,2,1,2,2,1,4,3,5,4,1,3,3,2,1,1,2,1,7,NA,8,6,0,Nothing more,10,US national laboratories for energy and security,4-year or bachelor degree,Male,"$50,000 to under $75,000",Metropolitan,Asian or Asian-American,No,Independent,Neither,I voted,Donald Trump,South,Georgia,Male,30-49,4-yr/post-graduate degree,Other,South,Metropolitan,"> $50,000",Independent,Donald Trump,0.7124176358195703
R_6GByAsnUTbtpD5L,2025-03-19T17:07:04Z,2025-03-19T17:16:14Z,1,42,10,30252,7,9,8,6,3,Nuclear fusion,3,Atoms,3,Radioactive,2,1,0,0,0,1,0,0,0,0,0,0,NA,2,3,7,7,1,I live in a suburban residential area. Developments like a fusion energy facility should be located in more industrial areas.,NA,NA,3,1,1,0,5,4,NA,70,30,50,50,10,10,10,10,8,4,4,9,8,5,3,4,4,2,9,8,9,0,4,6,4,4,7,3,3,4,7,4,2,4,4,1,5,5,4,4,1,0,NA,0,1,6,3,NA,10,Lawrence Livermore National Laboratory,Post-graduate degree,Male,"$150,000 to under $200,000",Metropolitan,White,No,Republican,NA,I voted,Donald Trump,South,Georgia,Male,30-49,4-yr/post-graduate degree,White,South,Metropolitan,"> $50,000",Republican,Donald Trump,0.8642698958997601
R_1WMuRHPTBL39NbP,2025-03-19T00:19:07Z,2025-03-19T00:31:47Z,1,59,43,77598,7,10,10,5,10,Unproven,3,Fiction,3,Future,3,1,0,1,0,1,0,0,0,0,0,1,Wikipedia,2,1,6,4,6,NA,NA,I've read that the current technology isn't able to sustain or promote fusion in a way that can be harnessed. I applaud the research but I imagine it might take decades to develop a viable consumer grade method.,4,1,1,0,5,6,NA,5,95,10,90,7,10,2,8,10,8,10,2,1,7,7,5,5,5,5,6,10,1,4,4,4,3,7,1,4,4,7,4,4,4,4,2,7,4,4,7,2,1,10,NA,10,1,3,I hope is is successful.,10,Lawrence Livermore National Laboratory,4-year or bachelor degree,Male,"$15,000 to under $50,000",Metropolitan,White,No,Democrat,NA,I voted,Kamala Harris,South,Texas,Male,50-64,4-yr/post-graduate degree,White,South,Metropolitan,"< $50,000",Democrat,Kamala Harris,0.6126737101304569
R_6zeScuI28qqMvZC,2025-03-19T18:04:13Z,2025-03-19T19:03:26Z,1,36,5,95112,7,7,10,9,8,Mixture,4,Fuse,4,Combination,4,0,NA,NA,NA,NA,NA,NA,NA,NA,NA,NA,NA,NA,NA,6,3,1,"And I'm concerned because I'm not too sure of what the effects of the nuclear material will have on the elderly, children or middle aged people. I I feel that the United States is doing a cover-up to bring a nuclear war and bombs to and it's going to be used for more sinister reasons I believe. It's the government.",NA,NA,1,1,0,0,2,NA,4,50,50,50,50,6,2,2,3,10,2,10,2,5,4,4,0,3,0,4,3,7,1,3,1,3,4,7,1,4,4,3,5,4,3,4,7,2,7,5,7,4,0,NA,6,2,4,0,Still kind of premature and not well thought out tech companies always downplay things.,50,US national laboratories for energy and security,"Some college, no degree",Male,"$50,000 to under $75,000",Metropolitan,Black or African-American,No,Republican,NA,I voted,Donald Trump,West,California,Male,30-49,Some college/2-yr degree,Black,West,Metropolitan,"> $50,000",Republican,Donald Trump,0.8026152843467733
R_77lgHQlAdHMCuHh,2025-03-19T14:17:50Z,2025-03-19T14:36:30Z,1,45,10,30062,9,10,10,9,10,combination,3,new,3,alternative,3,0,NA,NA,NA,NA,NA,NA,NA,NA,NA,NA,NA,NA,NA,6,6,4,NA,NA,"It all depends on how large these facilities are, how much noise, radiation, emfs, etc it will emit, especially when around young and developing children.  What are the side effects and potential implications for hosting a facility so nearby.  There have already been major side effects with a bitcoin facility that was built in a town in Texas and all the residents were experiencing negative effects on their body.  So depending on the study and implications of this fusion facility, would need more data and cause and effects studies.",2,1,1,0,2,NA,6,50,50,25,75,8,3,8,8,8,8,8,7,8,8,7,6,8,6,8,8,9,3,2,4,4,4,5,2,4,4,6,5,5,4,4,4,6,5,4,6,3,1,7,NA,9,4,1,"I haven't heard of fusion energy before until this survey, so it's very interesting learning more about it, and I am now curious to learn more about this new way of energy.",10,Lawrence Livermore National Laboratory,Post-graduate degree,Female,"More than $200,000",Metropolitan,Asian or Asian-American,No,Democrat,NA,I voted,Kamala Harris,South,Georgia,Female,30-49,4-yr/post-graduate degree,Other,South,Metropolitan,"> $50,000",Democrat,Kamala Harris,0.6526088280022779
R_7BMNIKpQae3QdNL,2025-03-20T04:44:09Z,2025-03-20T04:56:20Z,1,31,32,14810,7,9,10,8,9,Energy combined from different sources,3,Mixed,3,Two things fusing,3,0,NA,NA,NA,NA,NA,NA,NA,NA,NA,NA,NA,NA,NA,3,4,1,I don’t want any type of energy facility near my home. There are too many negative health and environmental effects of such plants.,NA,NA,4,1,0,0,1,NA,3,0,100,0,100,10,9,10,1,10,10,10,10,0,0,0,0,5,6,0,0,8,0,1,1,2,3,4,1,1,4,1,7,7,5,6,4,7,7,4,7,4,1,10,NA,10,1,0,I’m skeptical,10,Lawrence Livermore National Laboratory,Post-graduate degree,Female,"$75,000 to under $100,000",Non-metro,White,No,Democrat,NA,I voted,Kamala Harris,Northeast,New York,Female,30-49,4-yr/post-graduate degree,White,Northeast,Non-metro,"> $50,000",Democrat,Kamala Harris,0.6521137370026963
R_7QYynwcZLUkSpDT,2025-03-21T06:17:32Z,2025-03-21T06:56:29Z,1,36,5,90036,7,9,8,9,8,Unstable,2,Unpredictable,2,Strategic,3,1,1,1,1,1,1,1,1,1,0,0,NA,6,2,3,3,1,It's too dangerous. There are so many uncontrollable factors,NA,NA,4,0,0,3,5,NA,3,50,50,50,50,7,7,7,7,9,8,8,9,4,8,8,8,8,9,8,7,8,5,4,5,4,4,5,4,4,3,3,5,6,4,4,5,4,5,4,5,2,1,10,NA,8,3,7,NA,50,US national laboratories for energy and security,Post-graduate degree,Male,"$100,000 to under $150,000",Metropolitan,White,No,Republican,NA,I voted,Donald Trump,West,California,Male,30-49,4-yr/post-graduate degree,White,West,Metropolitan,"> $50,000",Republican,Donald Trump,0.8687342585506542
R_6wbKEA41aXChKKZ,2025-03-19T18:45:45Z,2025-03-19T19:02:39Z,1,32,5,92311,9,8,8,7,9,None,3,Na,3,Don't know,2,0,NA,NA,NA,NA,NA,NA,NA,NA,NA,NA,NA,NA,NA,4,4,4,NA,NA,I don't know much about,1,0,0,0,5,4,NA,50,50,50,50,8,7,7,8,6,6,7,5,5,8,7,3,7,5,6,8,6,6,5,5,3,4,4,5,6,7,4,2,5,5,5,6,3,4,5,6,2,1,5,NA,4,2,5,Na,10,Lawrence Livermore National Laboratory,Some high school or less,Female,"$50,000 to under $75,000",Metropolitan,Black or African-American,No,Independent,Neither,I was not registered to vote,NA,West,California,Female,30-49,HS or less,Black,West,Metropolitan,"> $50,000",Independent,3rd or didn't vote,1.5002789011422726
R_3mCS3qCVMdyPQAu,2025-03-19T15:53:52Z,2025-03-19T16:07:02Z,1,51,8,19958,6,10,10,7,10,dangerous,2,abundant,4,risky,2,2,NA,NA,NA,NA,NA,NA,NA,NA,NA,NA,NA,NA,NA,3,3,1,I have strong safety concerns. With other power sources having containment failures in the past I don't know why that can't also be expected to happen with fusion energy.,NA,NA,2,1,0,0,3,5,NA,40,60,20,80,10,10,10,10,9,10,9,9,10,10,8,8,10,8,8,10,9,7,3,5,2,3,6,2,5,3,6,4,4,4,4,4,4,4,4,4,2,1,10,NA,10,2,2,reassurance needs to be made before this energy source is forced upon the public.,10,US national laboratories for energy and security,"Some college, no degree",Male,"$15,000 to under $50,000",Metropolitan,White,No,Democrat,NA,I voted,Kamala Harris,South,Delaware,Male,50-64,Some college/2-yr degree,White,South,Metropolitan,"< $50,000",Democrat,Kamala Harris,0.5632986134683581
R_31dqM6R5YQgJmsk,2025-03-19T12:01:02Z,2025-03-19T12:16:34Z,1,35,32,10005,8,10,10,7,9,Useful,5,Good,4,Helpful,5,1,0,0,1,0,0,0,0,0,0,0,NA,8,3,5,7,6,NA,I think it will stablize the electricity in the country,NA,3,1,1,1,1,NA,6,40,60,70,30,10,8,10,8,8,10,9,9,10,10,8,10,10,8,9,9,10,9,5,4,4,4,4,4,4,3,5,5,4,5,5,4,4,4,4,4,1,1,7,NA,6,4,8,We are hoping the best for fusion energy,50,Lawrence Livermore National Laboratory,4-year or bachelor degree,Male,"$100,000 to under $150,000",Metropolitan,Black or African-American,No,Democrat,NA,I voted,Kamala Harris,West,New York,Male,30-49,4-yr/post-graduate degree,Black,West,Metropolitan,"> $50,000",Democrat,Kamala Harris,0.687290385953769
R_3FGCYEkeQuWEyXv,2025-03-22T00:34:38Z,2025-03-22T00:50:41Z,1,52,3,85034,8,8,9,10,7,Back to the future movie,4,Water turned into energy,4,Recycle,3,2,NA,NA,NA,NA,NA,NA,NA,NA,NA,NA,NA,NA,NA,5,6,5,NA,NA,I don't want to live close to a huge business,1,1,1,0,3,5,NA,80,20,70,30,8,7,5,5,7,7,8,8,3,6,6,7,9,8,5,7,10,3,3,3,2,4,4,4,3,4,5,2,4,4,6,4,6,5,4,6,2,1,8,NA,8,4,2,I'd like to know more about it,10,US national laboratories for energy and security,High school graduate or GED,Female,"$15,000 to under $50,000",Metropolitan,White,No,Independent,Neither,I voted,Donald Trump,West,Arizona,Female,50-64,HS or less,White,West,Metropolitan,"< $50,000",Independent,Donald Trump,0.5456934208747739
R_7FS70HpNEkSNTYk,2025-03-24T09:55:35Z,2025-03-24T10:24:57Z,1,36,21,01247,8,9,8,7,9,The waste,2,How can we sustain,2,Batteries,2,1,0,0,1,0,0,0,0,0,0,0,NA,5,1,4,5,4,NA,NA,Because I feel we could use it but I don't know how safe it is to be around,1,1,1,0,5,4,NA,0,100,75,25,6,6,6,7,4,6,4,7,3,6,5,6,4,5,4,6,4,5,5,3,4,4,5,2,3,4,4,4,4,2,4,4,4,3,3,4,4,1,5,NA,6,4,7,Would be nice to have,50,Lawrence Livermore National Laboratory,High school graduate or GED,Male,"$50,000 to under $75,000",Metropolitan,White,No,Independent,The Republican Party,I voted,Donald Trump,Northeast,Massachusetts,Male,30-49,HS or less,White,Northeast,Metropolitan,"> $50,000",Independent,Donald Trump,0.6275552853760167
R_3rlI1lSCDVWpCxG,2025-03-18T19:25:48Z,2025-03-18T19:32:02Z,1,52,10,30453,5,5,6,6,7,Energy,3,Energetic,3,Energy,3,0,NA,NA,NA,NA,NA,NA,NA,NA,NA,NA,NA,NA,NA,2,4,3,NA,NA,No,3,0,0,3,2,2,NA,60,40,40,60,3,3,3,4,4,3,5,3,2,NA,NA,7,NA,6,3,NA,NA,NA,2,NA,2,NA,NA,2,NA,NA,2,3,5,6,2,3,3,2,3,2,2,0,NA,5,6,4,3,NA,50,Lawrence Livermore National Laboratory,High school graduate or GED,Female,"$100,000 to under $150,000",Non-metro,White,No,Republican,NA,I voted,Donald Trump,South,Georgia,Female,50-64,HS or less,White,South,Non-metro,"> $50,000",Republican,Donald Trump,0.7238147755834614
R_7gpRmzqOfohAS1D,2025-03-23T20:25:20Z,2025-03-23T21:17:13Z,1,65,9,32566,10,10,9,10,5,complicated,3,difficult,2,new,3,0,NA,NA,NA,NA,NA,NA,NA,NA,NA,NA,NA,NA,NA,4,4,5,NA,NA,I just don't know enough about it yet to make an informed decision.,1,1,1,0,3,1,NA,50,50,50,50,10,10,10,10,9,10,9,10,10,3,3,0,5,2,5,5,5,0,7,4,3,4,2,4,3,4,1,7,4,1,4,1,6,5,4,7,2,0,NA,5,5,7,5,I will now be more in tune with any news I hear about Fusion Energy and will listen closely to learn more about it.,10,Lawrence Livermore National Laboratory,"Some college, no degree",Female,"$100,000 to under $150,000",Metropolitan,White,No,Independent,The Republican Party,I voted,Donald Trump,South,Florida,Female,65+,Some college/2-yr degree,White,South,Metropolitan,"> $50,000",Independent,Donald Trump,0.7609052590110191
R_1dLkIaVBb0HwXAM,2025-03-19T21:03:37Z,2025-03-19T21:15:59Z,1,68,32,11793,10,6,10,10,6,Atom,5,Electricity,5,Power,5,0,NA,NA,NA,NA,NA,NA,NA,NA,NA,NA,NA,NA,NA,7,7,7,NA,I think it will be good to lower power and electric bills,NA,2,1,1,0,5,NA,7,20,80,50,50,10,10,10,10,10,9,10,10,10,10,10,10,10,5,10,10,6,5,7,7,7,7,7,7,7,7,7,7,7,7,7,7,7,7,7,7,1,1,10,NA,10,7,10,Nothing,50,US national laboratories for energy and security,High school graduate or GED,Male,"$100,000 to under $150,000",Metropolitan,White,No,Republican,NA,I voted,Donald Trump,Northeast,New York,Male,65+,HS or less,White,Northeast,Metropolitan,"> $50,000",Republican,Donald Trump,0.9100611658332501
R_5AF3oVPPzTZLCO5,2025-03-19T16:19:41Z,2025-03-19T16:36:12Z,1,45,37,97267,6,6,5,9,8,Nuclear,2,Reactor,2,Clean,4,1,0,0,0,0,0,0,0,0,1,0,NA,0,4,4,4,3,NA,NA,"I really don't know anything about fusion energy, but now I will research it more so that I'm educated. It seems it may not use fossil fuels, so that's a good thing, but I don't know the downsides.",1,1,1,0,2,4,NA,50,50,10,90,10,10,10,6,6,6,6,9,4,6,7,5,6,9,0,5,8,6,4,4,3,4,4,1,4,4,4,4,4,5,4,3,7,4,5,4,4,1,10,NA,10,1,2,I don't know much about fusion energy.,10,US national laboratories for energy and security,Post-graduate degree,Female,"More than $200,000",Metropolitan,White,Yes,Democrat,NA,I voted,Kamala Harris,West,Oregon,Female,30-49,4-yr/post-graduate degree,Hispanic,West,Metropolitan,"> $50,000",Democrat,Kamala Harris,0.7900718073771369
R_54rb5monztfYQxj,2025-03-19T16:28:41Z,2025-03-19T16:40:48Z,1,72,6,80817,5,3,6,3,2,Nuclear,4,None,3,Really,3,1,0,1,0,0,0,0,0,0,0,0,NA,3,2,5,5,4,NA,NA,I live in an arid location. If water is needed it could impact people,3,1,1,0,1,NA,4,75,25,35,65,9,9,9,9,10,8,9,9,0,0,0,5,4,5,6,0,6,4,3,2,4,5,4,2,2,4,2,1,2,4,4,4,5,3,4,3,3,1,9,NA,9,3,0,No,50,Lawrence Livermore National Laboratory,4-year or bachelor degree,Female,"$100,000 to under $150,000",Metropolitan,White,No,Independent,The Democratic Party,I voted,Kamala Harris,West,Colorado,Female,65+,4-yr/post-graduate degree,White,West,Metropolitan,"> $50,000",Independent,Kamala Harris,0.7045960145112293
R_74aULR9aB6TLlQJ,2025-03-19T17:34:32Z,2025-03-19T17:44:33Z,1,51,47,98498,10,8,7,10,6,Not sure what that is,3,Dont know,3,Dont know what it is,3,0,NA,NA,NA,NA,NA,NA,NA,NA,NA,NA,NA,NA,NA,4,2,1,Dont know what it is,NA,NA,3,0,0,0,5,NA,4,50,50,50,50,5,5,5,5,5,5,5,5,0,4,2,3,2,2,2,4,3,3,4,3,3,3,2,3,3,3,3,4,5,3,3,2,3,4,4,3,2,1,4,NA,4,6,3,No,50,US national laboratories for energy and security,2-year or associate degree,Female,"$50,000 to under $75,000",Metropolitan,White,No,Republican,NA,I voted,Donald Trump,West,Washington,Female,50-64,Some college/2-yr degree,White,West,Metropolitan,"> $50,000",Republican,Donald Trump,0.7707163135023958
R_6Ok9ssfJqXeSstj,2025-03-19T20:14:01Z,2025-03-19T20:30:43Z,1,40,9,33803,5,3,5,4,2,Nothing comes to mind,3,NA,3,NA,3,0,NA,NA,NA,NA,NA,NA,NA,NA,NA,NA,NA,NA,NA,4,4,4,NA,NA,I'm not sure what it is,6,0,0,0,5,4,NA,0,100,0,100,6,6,5,6,6,6,6,7,5,6,6,5,5,6,5,6,6,6,4,4,4,4,5,4,4,4,4,4,4,4,4,4,4,4,4,4,3,0,NA,6,6,4,6,NA,10,US national laboratories for energy and security,High school graduate or GED,Female,"$50,000 to under $75,000",Metropolitan,White,No,Republican,NA,I did not vote,NA,South,Florida,Female,30-49,HS or less,White,South,Metropolitan,"> $50,000",Republican,3rd or didn't vote,1.7940354035202866
R_7BrgB4Kq0ZID7Ns,2025-03-20T20:06:43Z,2025-03-20T20:16:46Z,1,18,16,66224,7,4,7,2,10,Nuclear,3,Reactor,2,Atomic,2,1,0,1,1,0,0,0,0,0,0,0,NA,1,2,5,4,3,NA,NA,"The experimental nature of it makes me uneasy, despite how many safeguards there may be",3,1,1,2,2,NA,5,70,30,40,60,8,8,5,6,8,2,5,6,7,9,9,9,5,7,2,6,4,7,5,4,3,2,5,1,6,3,7,2,3,6,4,3,5,5,5,5,1,1,10,NA,9,2,8,NA,10,US national laboratories for energy and security,"Some college, no degree",Male,"$150,000 to under $200,000",Metropolitan,White,No,Democrat,NA,I voted,Kamala Harris,Midwest,Kansas,Male,18-29,Some college/2-yr degree,White,Midwest,Metropolitan,"> $50,000",Democrat,Kamala Harris,0.7942984419559675
R_6CWbPD7nKek83vf,2025-03-20T15:28:30Z,2025-03-20T15:39:03Z,1,52,23,55419,6,9,9,6,10,"free, self sustaining energy",5,have not been able to create,3,potential answer to fossil fuels,5,1,1,0,0,1,0,0,1,1,0,0,NA,7,1,7,7,7,NA,fully support - would create many STEM jobs - would create a lot of energy for AI and other technology development - would make our community a hub,NA,3,1,1,0,1,NA,6,25,75,50,50,10,10,10,8,7,7,4,7,8,7,7,8,8,8,6,7,8,6,4,4,4,4,5,5,4,4,5,4,4,4,4,5,5,4,4,5,2,1,10,NA,10,2,5,NA,50,Lawrence Livermore National Laboratory,Post-graduate degree,Male,"More than $200,000",Metropolitan,White,No,Democrat,NA,I voted,Kamala Harris,Midwest,Minnesota,Male,50-64,4-yr/post-graduate degree,White,Midwest,Metropolitan,"> $50,000",Democrat,Kamala Harris,0.7630112649575936
R_1XdtF95kE1aq5T9,2025-03-19T23:38:51Z,2025-03-19T23:54:05Z,1,69,9,34667,9,8,7,8,5,New,3,Innovation,4,Safe,4,2,NA,NA,NA,NA,NA,NA,NA,NA,NA,NA,NA,NA,NA,6,5,5,NA,NA,"I'm not super excited at the thought, but it doesn't overly concern me",3,1,1,0,2,NA,6,40,60,50,50,7,9,8,8,8,6,7,3,10,8,5,5,7,5,6,8,5,3,6,3,5,5,2,6,5,4,6,6,4,4,5,3,4,5,4,3,2,0,NA,7,4,6,5,No,50,Lawrence Livermore National Laboratory,4-year or bachelor degree,Male,"More than $200,000",Metropolitan,White,No,Republican,NA,I voted,Donald Trump,South,Florida,Male,65+,4-yr/post-graduate degree,White,South,Metropolitan,"> $50,000",Republican,Donald Trump,1.0376726417682143
R_6ISnTGkcc6lD6Lr,2025-03-19T19:24:16Z,2025-03-19T20:06:56Z,1,47,32,11212,8,8,9,7,6,Unique,4,Interesting,4,Great,5,1,1,0,0,0,0,0,0,0,0,0,NA,9,3,5,5,6,NA,NA,I have a strange guy feeling that this is not 100 percent effective.,4,1,1,0,3,5,NA,50,50,60,40,9,9,8,8,7,7,7,9,7,8,7,9,7,7,8,8,6,8,6,6,5,5,5,5,6,6,5,5,6,4,5,5,5,5,4,5,2,1,7,NA,8,2,6,It's a good topic to discuss with others about.,50,US national laboratories for energy and security,4-year or bachelor degree,Male,"$100,000 to under $150,000",Metropolitan,Black or African-American,Yes,Democrat,NA,I voted,Kamala Harris,Northeast,New York,Male,30-49,4-yr/post-graduate degree,Hispanic,Northeast,Metropolitan,"> $50,000",Democrat,Kamala Harris,0.818101930882584
R_3qxah3rHcwjCto0,2025-03-19T16:34:25Z,2025-03-19T16:57:25Z,1,60,43,77099,7,7,7,7,8,cost cutting,5,advanced technology,5,energy savings,5,1,0,0,1,1,0,1,0,0,0,0,NA,6,3,7,7,7,NA,"I believe and support Science and Research, so this concept for me would offer huge benefits long term",NA,1,1,1,3,3,7,NA,40,60,50,50,10,10,10,10,10,10,10,10,10,10,10,10,10,10,10,10,10,10,4,4,4,4,4,4,4,4,4,4,4,4,4,4,4,4,4,4,1,1,10,NA,10,4,2,I would love to see much more reporting in the news and on social media!,50,US national laboratories for energy and security,Post-graduate degree,Female,"$100,000 to under $150,000",Metropolitan,Mixed race,Yes,Independent,The Democratic Party,I voted,Kamala Harris,South,Texas,Female,50-64,4-yr/post-graduate degree,Hispanic,South,Metropolitan,"> $50,000",Independent,Kamala Harris,0.7012782310527857
R_5ylidGEHbgjFFw5,2025-03-18T19:19:39Z,2025-03-18T19:33:19Z,1,62,5,92262,8,7,8,4,10,gamechanger,5,not ready yet,3,sun,5,1,1,0,0,0,0,0,0,0,0,0,NA,5,3,7,7,7,NA,this would be amazing. no more fossil fuels. save the planet.,NA,5,1,1,0,3,7,NA,50,50,50,50,10,8,10,10,7,3,7,7,10,10,10,10,10,10,7,10,10,8,3,3,3,3,1,3,3,1,3,5,5,5,7,7,6,6,7,5,1,1,10,NA,10,1,5,NA,50,US national laboratories for energy and security,Post-graduate degree,Male,"$15,000 to under $50,000",Metropolitan,White,No,Democrat,NA,I did not vote,NA,West,California,Male,50-64,4-yr/post-graduate degree,White,West,Metropolitan,"< $50,000",Democrat,3rd or didn't vote,1.7911632019698203
R_52VcKQIsyz9BkDv,2025-03-19T16:30:18Z,2025-03-19T16:38:34Z,1,66,43,75249,6,6,8,9,2,Sustainable nuclear power,5,Causes nuclear waste which is hard to store safely,2,Affordable,5,1,0,0,0,0,0,0,0,0,1,0,NA,1,2,7,7,5,NA,NA,I do t know enough to know if it would have any effect on the environment and particularly the air quality which is critical to my wife who has breathing problems,4,1,1,0,1,7,NA,20,80,50,50,10,10,10,6,5,1,3,2,5,2,2,5,8,4,5,2,9,7,4,4,4,4,6,2,4,2,4,4,4,4,5,2,6,5,5,4,4,1,8,NA,7,6,2,I have nothing to add,10,Lawrence Livermore National Laboratory,"Some college, no degree",Male,"$50,000 to under $75,000",Metropolitan,White,No,Independent,The Republican Party,I was not registered to vote,NA,South,Texas,Male,65+,Some college/2-yr degree,White,South,Metropolitan,"> $50,000",Independent,3rd or didn't vote,1.9458619063773093
R_5YNkHFge18dTG2l,2025-03-20T01:29:05Z,2025-03-20T01:37:55Z,1,41,9,33578,4,10,9,7,10,Energy,3,Fusion,3,Confused,2,0,NA,NA,NA,NA,NA,NA,NA,NA,NA,NA,NA,NA,NA,7,5,3,NA,NA,I don't want to get cancer,2,1,1,0,3,NA,1,50,50,50,50,10,10,7,8,8,6,7,5,9,3,2,9,10,9,5,0,10,0,4,1,4,5,4,5,5,4,1,4,7,5,4,5,4,1,4,2,4,1,10,NA,10,7,0,No,50,Lawrence Livermore National Laboratory,High school graduate or GED,Female,"$75,000 to under $100,000",Metropolitan,White,No,Other or none,The Republican Party,I did not vote,NA,South,Florida,Female,30-49,HS or less,White,South,Metropolitan,"> $50,000",Independent,3rd or didn't vote,1.4853315259418751
R_17g2iyAIhkPlNTb,2025-03-19T15:21:44Z,2025-03-19T15:30:05Z,1,26,43,77469,8,6,10,10,6,nuclear,3,clean,4,energy,4,1,1,1,1,1,1,0,1,1,0,0,NA,5,3,5,6,6,NA,"I feel that supporting construction of such a plant would in the long run lower our electricity bills and costs. It provides a cleaner alternative to burning coal and fossil fuels. And, is something that we should be investing in.",NA,2,1,1,0,3,NA,5,80,20,70,30,10,8,10,10,6,6,7,1,10,5,4,5,5,4,9,6,9,1,5,5,5,5,5,3,5,4,6,4,4,4,4,4,4,4,4,3,2,1,9,NA,8,4,0,Mostly support this initiative as long as it’s not a heavy burden on the tax payer. Private sector should spear head this with government support by easing regulations and encouraging development and not just research in this area. We need to keep up with the rest of the world like Japan and China.,50,US national laboratories for energy and security,4-year or bachelor degree,Male,"$75,000 to under $100,000",Metropolitan,Asian or Asian-American,No,Independent,Neither,I voted,Donald Trump,South,Texas,Male,18-29,4-yr/post-graduate degree,Other,South,Metropolitan,"> $50,000",Independent,Donald Trump,0.807993300308714
R_6l3YnERhP2T9IUF,2025-03-18T19:22:44Z,2025-03-18T19:36:56Z,1,77,20,21015,10,10,10,10,10,Explosions,1,Danger,1,I really don't understand it very well.,3,2,NA,NA,NA,NA,NA,NA,NA,NA,NA,NA,NA,NA,NA,2,2,1,Mistakes that can kill thousands.,NA,NA,3,0,0,0,2,NA,2,50,50,20,80,10,7,10,8,9,10,10,10,6,2,9,9,10,8,2,2,2,2,4,4,4,4,4,1,3,5,1,4,4,4,4,6,7,4,6,7,4,1,9,NA,10,2,1,I can't see it ever being totally safe.,50,US national laboratories for energy and security,"Some college, no degree",Male,"$75,000 to under $100,000",Metropolitan,White,No,Democrat,NA,I voted,Kamala Harris,South,Maryland,Male,65+,Some college/2-yr degree,White,South,Metropolitan,"> $50,000",Democrat,Kamala Harris,0.7511247699651963
R_7qP4Y7Fs96wkg5X,2025-03-23T15:48:59Z,2025-03-23T15:59:32Z,1,18,21,01532,7,6,10,4,9,nuclear,3,explosion,2,atom,3,2,NA,NA,NA,NA,NA,NA,NA,NA,NA,NA,NA,NA,NA,5,3,2,I feel like a fusion energy facility nearby could potentially cause disaster or an explosion when there is too much energy created. I would be concerned about mismanagement of energy.,NA,NA,4,1,0,0,2,4,NA,60,40,40,60,8,8,9,8,8,8,7,9,6,7,8,9,7,6,8,7,9,5,3,4,2,4,5,2,4,4,5,6,3,5,4,3,7,4,4,5,3,1,9,NA,8,2,2,No,10,US national laboratories for energy and security,"Some college, no degree",Female,"More than $200,000",Metropolitan,Asian or Asian-American,No,Democrat,NA,I voted,Kamala Harris,Northeast,Massachusetts,Female,18-29,Some college/2-yr degree,Other,Northeast,Metropolitan,"> $50,000",Democrat,Kamala Harris,0.6823108642340898
R_1lLQBcrsT0A48zn,2025-03-19T09:41:56Z,2025-03-22T18:26:35Z,1,32,38,19601,7,3,5,8,6,Bomb,2,Huge,2,Sary,2,1,1,1,1,0,0,1,1,0,0,0,NA,4,2,4,5,6,NA,NA,Not really mix emotions just not too interested in the topic,2,1,1,1,1,7,NA,20,80,60,40,9,7,8,9,7,5,7,7,7,7,5,6,8,5,7,8,4,7,4,4,6,5,5,5,4,6,3,5,4,3,4,4,4,4,4,2,1,1,6,NA,7,5,7,No that be all,10,US national laboratories for energy and security,High school graduate or GED,Male,"Less than $15,000",Metropolitan,Mixed race,Yes,Republican,NA,I voted,Donald Trump,Northeast,Pennsylvania,Male,30-49,HS or less,Hispanic,Northeast,Metropolitan,"< $50,000",Republican,Donald Trump,0.8170268911863657
R_5jk8bjvz5NQ7Uux,2025-03-19T02:02:15Z,2025-03-19T02:24:36Z,1,42,30,07203,10,10,10,10,5,nuclear,3,unsafe,2,cheap,3,1,0,1,0,1,0,0,0,1,0,0,NA,0,1,2,4,1,"I don't think is safe. Even if we can make it safe on the human side, we can't control Nature.",NA,NA,4,1,0,0,2,4,NA,20,80,10,90,5,8,1,5,5,5,5,9,6,4,0,5,5,0,5,5,6,0,3,7,3,4,7,2,3,4,7,5,1,4,4,1,5,4,5,1,2,0,NA,7,4,4,3,Is dangerous,10,US national laboratories for energy and security,4-year or bachelor degree,Male,"$75,000 to under $100,000",Metropolitan,Mixed race,Yes,Independent,The Republican Party,I did not vote,NA,Northeast,New Jersey,Male,30-49,4-yr/post-graduate degree,Hispanic,Northeast,Metropolitan,"> $50,000",Independent,3rd or didn't vote,2.1193727680048453
R_3gspnrC02QfMjbH,2025-03-18T19:29:19Z,2025-03-18T19:43:34Z,1,26,5,93312,3,8,7,2,6,Future,5,Technology,4,Modern,4,0,NA,NA,NA,NA,NA,NA,NA,NA,NA,NA,NA,NA,NA,6,5,6,NA,NA,I just think that it can be beneficial for the environment but there’s always cons like anything else,3,1,1,0,1,6,NA,20,80,90,10,8,9,10,7,7,7,10,10,6,5,7,9,5,8,8,8,10,2,2,7,4,5,4,2,1,4,7,7,3,6,4,4,4,7,4,4,2,1,8,NA,10,2,1,NA,50,US national laboratories for energy and security,High school graduate or GED,Male,"$75,000 to under $100,000",Metropolitan,Some other race,Yes,Democrat,NA,I did not vote,NA,West,California,Male,18-29,HS or less,Hispanic,West,Metropolitan,"> $50,000",Democrat,3rd or didn't vote,2.3664810456614984
R_3pWChlujeMeANmC,2025-03-19T16:51:30Z,2025-03-19T17:02:40Z,1,50,4,72714,6,7,7,7,7,Nuclear,3,Futuristic,4,Theoretical,3,1,0,0,0,0,0,1,0,0,0,1,It’s been a while since I’ve seen this in the news,4,1,3,4,4,NA,NA,I don’t know enough about it to have strong feelings either way.,4,1,1,0,2,NA,7,30,70,75,25,9,8,9,9,5,1,4,4,10,8,8,9,9,5,7,8,9,6,4,4,4,4,7,2,4,4,5,4,4,4,4,3,5,4,4,5,2,1,7,NA,9,4,3,Nope,50,US national laboratories for energy and security,4-year or bachelor degree,Male,"$100,000 to under $150,000",Metropolitan,White,Yes,Independent,The Democratic Party,I voted,Kamala Harris,South,Arkansas,Male,50-64,4-yr/post-graduate degree,Hispanic,South,Metropolitan,"> $50,000",Independent,Kamala Harris,0.7279842203406127
R_5XubDsU0IbeKu09,2025-03-23T23:51:48Z,2025-03-24T00:01:14Z,1,54,27,68111,8,8,10,9,8,Grid,4,Solar,5,Fused,3,0,NA,NA,NA,NA,NA,NA,NA,NA,NA,NA,NA,NA,NA,4,4,4,NA,NA,I need to know more information about it being safe in the long run.,2,1,0,4,1,NA,4,0,100,0,100,7,7,5,5,3,8,8,5,8,8,5,6,8,5,8,8,8,0,4,4,4,4,4,4,4,5,1,4,4,4,4,4,4,4,4,7,3,1,7,NA,10,4,4,What benefits and disadvantages will it have on the American people,50,US national laboratories for energy and security,"Some college, no degree",Female,"$50,000 to under $75,000",Metropolitan,Black or African-American,No,Independent,Neither,I did not vote,NA,Midwest,Nebraska,Female,50-64,Some college/2-yr degree,Black,Midwest,Metropolitan,"> $50,000",Independent,3rd or didn't vote,1.7592183709436449
R_3aEp6mYSJOAhVVg,2025-03-18T23:21:47Z,2025-03-18T23:30:18Z,1,43,10,30121,8,6,10,9,3,Impossible,1,Sustainable,5,Theory,3,1,0,1,1,1,0,0,0,1,0,0,NA,6,2,5,5,3,NA,NA,I am not educated enough on the topic to feel comfortable with another large industry on my door step.,1,1,0,1,5,NA,4,70,30,60,40,8,7,7,9,9,4,8,8,3,0,0,6,5,3,6,0,7,0,5,6,4,5,4,3,4,4,5,4,4,4,5,6,6,3,3,2,3,0,NA,8,2,6,1,Nothing in particular.,50,Lawrence Livermore National Laboratory,4-year or bachelor degree,Female,"$100,000 to under $150,000",Metropolitan,White,No,Republican,NA,I voted,Donald Trump,South,Georgia,Female,30-49,4-yr/post-graduate degree,White,South,Metropolitan,"> $50,000",Republican,Donald Trump,0.8325642875407069
R_1pqMDoKfm8okqKB,2025-03-22T19:20:11Z,2025-03-22T19:31:03Z,1,57,13,60657,6,0,6,9,7,Positive,4,Economic,4,Saver,4,1,0,0,0,0,1,0,0,0,0,0,NA,8,3,7,6,7,NA,The fisión energy promise me a great care of environment and utilized a natural energy.,NA,2,1,1,4,3,6,NA,60,40,60,40,9,9,9,9,10,10,9,9,9,8,10,7,9,9,9,9,9,10,5,5,5,4,6,6,6,5,4,3,1,6,3,6,5,3,5,6,4,1,9,NA,7,6,9,The fusion energy could be the energy provider in the future.,10,Lawrence Livermore National Laboratory,"Some college, no degree",Female,"Less than $15,000",Metropolitan,Some other race,Yes,Independent,The Republican Party,I was not registered to vote,NA,Midwest,Illinois,Female,50-64,Some college/2-yr degree,Hispanic,Midwest,Metropolitan,"< $50,000",Independent,3rd or didn't vote,1.8870589190556495
R_532YlkfpxHxLTzQ,2025-03-20T16:27:21Z,2025-03-20T16:39:06Z,1,50,43,75432,10,7,10,8,10,Not plausible now.,3,Science,5,Not possible now,3,1,0,0,0,0,0,0,0,0,0,1,I am a former science teacher.,8,2,4,4,4,NA,NA,"As of now, it is not possible. I am not able to make an informed decision at this time due to speculation.",5,1,1,3,3,7,NA,50,50,20,80,8,8,8,8,3,5,5,5,2,5,8,5,8,8,2,7,8,5,3,4,4,4,5,2,4,4,2,3,5,4,4,5,3,5,4,3,3,1,8,NA,10,4,3,"It would be great if it were to happen. Moreso, if it was affordable to the general public.",50,Lawrence Livermore National Laboratory,Post-graduate degree,Female,"$50,000 to under $75,000",Non-metro,White,No,Independent,Neither,I voted,Kamala Harris,South,Texas,Female,50-64,4-yr/post-graduate degree,White,South,Non-metro,"> $50,000",Independent,Kamala Harris,0.5802803935362492
R_6YaFApSRJjsFjm2,2025-03-20T20:56:42Z,2025-03-20T21:03:24Z,1,44,28,89119,8,8,8,7,8,Modern,4,New,4,Cost,1,0,NA,NA,NA,NA,NA,NA,NA,NA,NA,NA,NA,NA,NA,4,4,7,NA,NA,I'm not to educated on the matter,5,1,1,0,3,4,NA,60,40,70,30,5,5,5,5,5,5,4,6,5,5,4,6,5,2,6,5,3,6,4,4,4,5,4,4,4,4,4,4,4,4,4,4,4,5,4,4,3,1,5,NA,6,4,6,No,50,Lawrence Livermore National Laboratory,"Some college, no degree",Female,"$50,000 to under $75,000",Metropolitan,Some other race,Yes,Democrat,NA,I did not vote,NA,West,Nevada,Female,30-49,Some college/2-yr degree,Hispanic,West,Metropolitan,"> $50,000",Democrat,3rd or didn't vote,2.112731721336894
R_6uGuUMtp0NZhG9j,2025-03-19T18:04:45Z,2025-03-19T18:12:08Z,1,34,9,33805,10,10,10,10,10,do something bout it,1,let bring people happiness,1,don't cheap talk take action right now,1,1,1,1,1,0,0,0,0,0,0,0,NA,10,1,7,7,7,NA,yes i do support fusion enery,NA,3,1,1,3,1,NA,7,20,80,80,20,10,9,10,10,10,9,10,10,10,10,10,10,10,10,10,10,10,10,7,7,7,7,7,7,7,7,7,1,1,1,7,7,7,7,1,1,1,1,10,NA,10,1,10,very important  voice my opinion about especially   fusion energy,10,Lawrence Livermore National Laboratory,Some high school or less,Male,"Less than $15,000",Metropolitan,Black or African-American,No,Democrat,NA,I voted,Kamala Harris,South,Florida,Male,30-49,HS or less,Black,South,Metropolitan,"< $50,000",Democrat,Kamala Harris,0.5376181474643791
R_6FIjdTri9V3p4Gg,2025-03-22T22:50:45Z,2025-03-22T23:03:00Z,1,23,9,32046,9,8,10,5,7,"electric,",3,pushed together,2,twisted,3,0,NA,NA,NA,NA,NA,NA,NA,NA,NA,NA,NA,NA,NA,4,4,4,NA,NA,I just don't know enough about it yet to come to a concrete conclusion,2,1,1,0,5,NA,4,50,50,50,50,8,2,8,8,3,3,3,3,8,7,9,6,9,9,7,9,9,10,2,4,4,4,6,4,4,4,4,3,4,4,4,5,5,4,2,4,3,1,6,NA,10,4,4,no,10,Lawrence Livermore National Laboratory,High school graduate or GED,Male,"$100,000 to under $150,000",Metropolitan,White,No,Republican,NA,I did not vote,NA,South,Florida,Male,18-29,HS or less,White,South,Metropolitan,"> $50,000",Republican,3rd or didn't vote,2.112203290994035
R_5UTxwepJlvoKTnP,2025-03-24T04:43:52Z,2025-03-24T04:55:19Z,1,60,38,15148,8,6,10,7,8,nothing,3,??????,3,?????,3,0,NA,NA,NA,NA,NA,NA,NA,NA,NA,NA,NA,NA,NA,4,4,3,NA,NA,Not in my backyard!,6,0,0,0,4,NA,4,90,10,10,90,3,3,3,3,5,6,6,6,2,1,3,5,3,4,1,1,2,3,3,2,2,2,3,3,3,2,1,2,1,2,3,2,2,3,2,1,3,1,7,NA,6,4,1,NA,10,Lawrence Livermore National Laboratory,2-year or associate degree,Male,"Less than $15,000",Metropolitan,White,No,Independent,The Republican Party,I did not vote,NA,Northeast,Pennsylvania,Male,50-64,Some college/2-yr degree,White,Northeast,Metropolitan,"< $50,000",Independent,3rd or didn't vote,1.4631384437444739
R_7OJA9NlCYDbpPgo,2025-03-19T23:04:36Z,2025-03-19T23:27:52Z,1,60,17,40201,10,10,9,9,10,I have positive feelings it is importannt to salvage energy.,5,Fusion makes me think of everything coming together.,4,Thecword fusion makes me think of the word critical.,4,0,NA,NA,NA,NA,NA,NA,NA,NA,NA,NA,NA,NA,NA,4,4,1,I wouldn't want to live too close to a plant could explode because it could be dangerous.,NA,NA,2,1,0,0,1,5,NA,50,50,50,50,7,8,7,8,8,8,7,8,8,8,8,9,8,8,8,9,8,7,4,4,5,4,5,4,4,4,3,6,4,6,6,5,5,6,6,3,2,1,7,NA,8,6,7,I think that fusion energy is a good plan but I don't k ow if plant use is best however.,10,US national laboratories for energy and security,"Some college, no degree",Female,"$15,000 to under $50,000",Metropolitan,Black or African-American,No,Republican,NA,I did not vote,NA,South,Kentucky,Female,50-64,Some college/2-yr degree,Black,South,Metropolitan,"< $50,000",Republican,3rd or didn't vote,1.706183183069567
R_7hM4dd6PD63eDt3,2025-03-19T18:36:31Z,2025-03-19T19:17:56Z,1,55,43,75227,10,10,10,9,10,What,3,Is,3,Fusion,3,0,NA,NA,NA,NA,NA,NA,NA,NA,NA,NA,NA,NA,NA,4,4,5,NA,NA,Don’t know enough about fusion energy but interest in finding out the process and what the positives and negatives are and how it would work,2,1,1,0,5,NA,6,50,50,50,50,8,8,9,8,7,6,7,6,9,3,3,5,2,7,6,1,9,1,3,4,4,3,5,5,5,4,5,2,2,5,6,2,6,2,6,2,3,1,8,NA,9,2,2,Want to find out more about this process,50,Lawrence Livermore National Laboratory,"Some college, no degree",Female,"$75,000 to under $100,000",Metropolitan,White,Yes,Democrat,NA,I voted,Kamala Harris,South,Texas,Female,50-64,Some college/2-yr degree,Hispanic,South,Metropolitan,"> $50,000",Democrat,Kamala Harris,0.7238827271831425
R_5XnPucZXA8VOOu5,2025-03-22T11:30:09Z,2025-03-22T11:36:10Z,1,36,1,35501,7,7,8,8,7,Curious,3,Puzzled,3,Wondering,3,0,NA,NA,NA,NA,NA,NA,NA,NA,NA,NA,NA,NA,NA,4,4,4,NA,NA,I don't really know enough about it yet,1,1,1,0,3,NA,4,50,50,50,50,8,7,7,7,6,6,6,5,7,7,7,7,7,7,7,7,7,7,4,4,4,4,4,4,4,4,4,4,4,4,4,4,4,4,4,4,3,1,6,NA,6,4,5,Id like to learn more about it,10,US national laboratories for energy and security,High school graduate or GED,Male,"$15,000 to under $50,000",Metropolitan,White,No,Republican,NA,I voted,Donald Trump,South,Alabama,Male,30-49,HS or less,White,South,Metropolitan,"< $50,000",Republican,Donald Trump,0.679548720985979
R_7tKbCqfaccxvjFI,2025-03-21T18:20:15Z,2025-03-21T19:18:16Z,1,45,29,03079,6,10,10,9,10,Breakthrough technonlogy,4,Energy,4,Nuclear,2,1,0,0,0,1,1,0,0,0,0,0,NA,5,2,4,4,1,It is unpredictable. Until they get it under control.,NA,NA,3,1,1,1,2,4,NA,50,50,30,70,8,8,10,10,5,9,6,8,4,3,5,4,5,8,5,3,3,0,2,6,2,3,4,1,3,4,1,3,5,5,6,4,6,3,5,6,2,1,9,NA,10,2,1,I would love a truly unbiased presentation of it.,50,US national laboratories for energy and security,Post-graduate degree,Female,"$75,000 to under $100,000",Metropolitan,White,No,Democrat,NA,I voted,Kamala Harris,Northeast,New Hampshire,Female,30-49,4-yr/post-graduate degree,White,Northeast,Metropolitan,"> $50,000",Democrat,Kamala Harris,0.65721408963492145
R_51jHigpV5AUk0Ws,2025-03-18T19:38:47Z,2025-03-18T19:54:34Z,1,56,33,28107,10,6,9,10,9,nuclear plants,2,heat,3,atomic,1,1,1,0,1,0,0,0,0,0,0,0,NA,1,2,1,2,2,I have not heard of the safety level for people who would be living near a fusion plant. Anything involving atoms sounds dangerous.,NA,NA,2,1,0,0,2,4,NA,100,0,10,90,9,9,9,9,1,10,1,1,7,9,7,8,8,8,8,7,5,8,5,4,3,4,6,1,3,4,3,6,4,5,3,6,6,4,4,4,2,1,5,NA,8,7,7,"I find it interesting, but a little scary at the same time.",10,US national laboratories for energy and security,High school graduate or GED,Female,"$100,000 to under $150,000",Metropolitan,White,No,Republican,NA,I voted,Donald Trump,South,North Carolina,Female,50-64,HS or less,White,South,Metropolitan,"> $50,000",Republican,Donald Trump,0.7294759208506334
R_5K5JXNr9d0I7TyN,2025-03-19T16:32:52Z,2025-03-19T16:43:03Z,1,34,43,76051,7,10,10,10,7,Continuous,4,Pollution,1,Financially expensive,1,0,NA,NA,NA,NA,NA,NA,NA,NA,NA,NA,NA,NA,NA,4,6,2,"I’m not sure what type of pollution or chemicals could get leaked out to neighboring areas, especially that we are dealing with atoms",NA,NA,3,1,1,0,2,NA,3,20,80,40,60,10,10,8,9,10,10,10,10,8,0,0,3,2,5,3,2,5,0,1,7,5,5,7,1,1,4,1,7,1,2,4,2,5,6,5,7,2,1,9,NA,7,5,0,NA,10,Lawrence Livermore National Laboratory,4-year or bachelor degree,Male,"$100,000 to under $150,000",Metropolitan,White,No,Republican,NA,I did not vote,NA,South,Texas,Male,30-49,4-yr/post-graduate degree,White,South,Metropolitan,"> $50,000",Republican,3rd or didn't vote,2.1291154352662507
R_5Qth4sKDF0bfzHV,2025-03-19T19:18:09Z,2025-03-19T20:20:01Z,1,41,42,38114,10,10,10,10,10,Nuclear,4,Solar,4,Innovative,5,0,NA,NA,NA,NA,NA,NA,NA,NA,NA,NA,NA,NA,NA,7,7,5,NA,NA,"I'm a big fan of clean energy! I want to out the old traditional source of energy, but I'm also always concerned about humanity and human safety.",2,1,1,0,3,5,NA,100,0,40,60,8,6,10,7,10,6,7,3,10,3,0,0,0,0,6,0,4,2,7,1,7,7,1,7,1,1,7,7,7,7,7,7,7,7,7,7,4,0,NA,6,6,4,2,Unconfused to why America's energy department haven't decided how to better maximize solar energy and start moving on to a different energy that has to be deeply researched. I'm confused about that...,10,US national laboratories for energy and security,High school graduate or GED,Male,"$50,000 to under $75,000",Metropolitan,Black or African-American,No,Independent,Neither,I did not vote,NA,South,Tennessee,Male,30-49,HS or less,Black,South,Metropolitan,"> $50,000",Independent,3rd or didn't vote,1.5494089037662353
R_7M561SeKfKKHlhk,2025-03-20T01:25:28Z,2025-03-20T01:35:31Z,1,25,1,35444,5,5,5,5,7,renewable,4,positive,4,solar,4,1,0,1,1,1,0,0,0,0,0,0,NA,7,2,5,5,5,NA,NA,i have mixxed feeling because its not 100 percent known,3,0,1,1,3,5,NA,50,50,60,40,9,6,8,8,8,6,8,8,6,7,8,6,8,8,7,7,5,6,5,5,6,4,6,5,6,5,6,6,6,6,5,5,6,5,6,6,3,1,5,NA,5,4,6,i think they are legit,50,US national laboratories for energy and security,"Some college, no degree",Male,"$50,000 to under $75,000",Metropolitan,White,No,Independent,The Republican Party,I did not vote,NA,South,Alabama,Male,18-29,Some college/2-yr degree,White,South,Metropolitan,"> $50,000",Independent,3rd or didn't vote,1.8381211543938825
R_107WfGfrwuRx8oD,2025-03-18T22:45:49Z,2025-03-18T23:09:44Z,1,26,32,11225,0,0,0,0,0,na,1,na,1,na,1,0,NA,NA,NA,NA,NA,NA,NA,NA,NA,NA,NA,NA,NA,1,1,1,na,NA,NA,5,0,0,0,1,7,NA,50,50,50,50,1,1,1,1,1,1,1,1,0,0,0,0,0,0,0,0,0,0,1,1,1,1,1,1,1,1,1,1,1,1,1,1,1,1,1,1,2,0,NA,5,6,5,5,na,10,US national laboratories for energy and security,4-year or bachelor degree,Male,"Less than $15,000",Metropolitan,Black or African-American,No,Independent,Neither,I did not vote,NA,Northeast,New York,Male,18-29,4-yr/post-graduate degree,Black,Northeast,Metropolitan,"< $50,000",Independent,3rd or didn't vote,1.8106326544049984
R_5RQCXZty5aLtWuc,2025-03-18T19:30:18Z,2025-03-18T19:51:29Z,1,58,9,34689,9,9,9,9,8,Powerful and effective,4,Safe,4,Can’t ol,3,0,NA,NA,NA,NA,NA,NA,NA,NA,NA,NA,NA,NA,NA,4,4,3,NA,NA,Need more safety studies,3,1,1,0,5,NA,6,45,55,70,30,8,8,8,8,4,5,5,5,8,7,8,7,8,8,8,7,7,7,5,5,4,5,5,5,5,5,5,5,5,6,5,5,5,5,5,6,2,1,7,NA,7,4,6,I am in acceptance of new energy sources but must be regulated and studied,10,Lawrence Livermore National Laboratory,4-year or bachelor degree,Male,"$150,000 to under $200,000",Metropolitan,White,No,Republican,NA,I did not vote,NA,South,Florida,Male,50-64,4-yr/post-graduate degree,White,South,Metropolitan,"> $50,000",Republican,3rd or didn't vote,2.1326961385049543
R_7LIMjyYFyOppABx,2025-03-18T22:13:48Z,2025-03-18T23:05:05Z,1,61,7,06354,9,9,10,9,6,Entwined  Together,3,Combined,3,Technical,2,0,NA,NA,NA,NA,NA,NA,NA,NA,NA,NA,NA,NA,NA,3,4,1,I don't know enough about it. And even after being researched and put into use we still don't know everything that might happen or not happen in the long run. I'm not that crazy about technology. Seems like we're going too far with things in my world. I suppose we do need a better way for energy though. But will this be a better way? I don't know? maybe!?,NA,NA,2,1,0,0,2,3,NA,85,15,20,80,10,10,10,10,9,7,10,8,10,8,8,7,7,1,6,8,7,0,4,5,3,4,1,3,4,5,7,4,5,4,5,7,5,5,5,7,5,1,0,NA,4,6,6,I'm just learning a little about fusion energy for the first time in this study,10,US national laboratories for energy and security,High school graduate or GED,Female,"$50,000 to under $75,000",Metropolitan,White,No,Republican,NA,I voted,Donald Trump,Northeast,Connecticut,Female,50-64,HS or less,White,Northeast,Metropolitan,"> $50,000",Republican,Donald Trump,0.7314047358779836
R_6cUnPLcQdBT1Nu6,2025-03-19T17:55:54Z,2025-03-19T18:19:18Z,1,63,20,20747,10,9,10,9,10,The sun...,3,Nuclear,1,N/A,3,0,NA,NA,NA,NA,NA,NA,NA,NA,NA,NA,NA,NA,NA,1,2,1,The truth is that scientists do not weigh the risks to human beings in terms of fusion energy. Having a facility nearby communities may cause cancer and or other terminal illnesses.,NA,NA,5,1,0,0,2,4,NA,25,75,20,80,9,1,9,5,10,10,10,10,0,8,5,5,5,6,6,5,6,0,4,2,2,4,6,4,2,4,6,4,2,7,4,5,4,2,4,2,5,1,9,NA,9,2,5,"Although fusion energy is ideal for the future, it is highly risky and dangerous to consider pilot facilities in residential communities.",10,Lawrence Livermore National Laboratory,Post-graduate degree,Female,"$75,000 to under $100,000",Metropolitan,Black or African-American,No,Democrat,NA,I voted,Kamala Harris,South,Maryland,Female,50-64,4-yr/post-graduate degree,Black,South,Metropolitan,"> $50,000",Democrat,Kamala Harris,0.6597826226346609
R_3D1uLzG27WULJIG,2025-03-19T16:42:23Z,2025-03-19T16:54:58Z,1,72,40,29206,10,10,10,10,2,Clean,4,Nuclear,5,Reliable,5,1,0,0,0,0,0,1,0,0,0,1,Nuclear power plant,8,3,5,7,7,NA,The best solution for base load power generation,NA,4,1,1,1,2,7,NA,60,40,60,40,8,8,8,8,8,8,8,8,9,3,2,6,3,0,6,6,4,2,4,7,3,6,7,4,3,4,7,4,4,4,4,4,7,4,4,1,2,0,NA,1,1,7,0,Nothing,50,Lawrence Livermore National Laboratory,4-year or bachelor degree,Male,"$100,000 to under $150,000",Metropolitan,White,No,Republican,NA,I voted,Donald Trump,South,South Carolina,Male,65+,4-yr/post-graduate degree,White,South,Metropolitan,"> $50,000",Republican,Donald Trump,1.0376726417682143
R_5Rz4WGgb6DzM755,2025-03-20T11:04:59Z,2025-03-20T11:22:37Z,1,63,42,37763,8,2,7,0,10,No understanding of,3,Possibly sustainable energy,5,Possibly dangerous energy,2,0,NA,NA,NA,NA,NA,NA,NA,NA,NA,NA,NA,NA,NA,5,5,5,NA,NA,Clearly we don't know everything.,3,1,1,0,3,NA,5,75,25,50,50,9,10,8,10,10,10,10,10,10,8,7,8,9,7,8,8,10,1,4,5,5,4,5,3,4,4,6,4,3,4,4,3,5,4,5,4,4,1,7,NA,9,6,1,I hope it is relatively safe.and good for the people and environment.,10,Lawrence Livermore National Laboratory,"Some college, no degree",Male,"More than $200,000",Metropolitan,White,No,Republican,NA,I voted,Donald Trump,South,Tennessee,Male,50-64,Some college/2-yr degree,White,South,Metropolitan,"> $50,000",Republican,Donald Trump,0.7959551504119027
R_769X6eDTWuAtO01,2025-03-19T03:03:26Z,2025-03-19T03:12:28Z,1,32,43,79925,7,7,7,2,5,Positive,4,NA,4,NA,4,1,0,0,0,0,0,0,1,0,0,0,NA,8,4,5,5,4,NA,NA,Positive,1,NA,NA,0,5,NA,4,50,50,50,50,8,8,8,8,7,8,8,8,7,9,7,7,7,7,4,8,7,7,6,5,6,5,6,6,6,7,5,6,6,6,6,7,4,7,6,6,3,1,8,NA,7,7,6,No,10,US national laboratories for energy and security,High school graduate or GED,Female,"$15,000 to under $50,000",Metropolitan,White,Yes,Independent,Neither,I was not registered to vote,NA,South,Texas,Female,30-49,HS or less,Hispanic,South,Metropolitan,"< $50,000",Independent,3rd or didn't vote,1.6010325005631936
R_6gMKjIlDFqLecSB,2025-03-23T05:05:47Z,2025-03-23T05:16:55Z,1,45,30,08086,9,10,9,8,10,Not possible yet,3,Awesome if possible,4,Future maybe,4,1,0,1,0,0,0,0,0,0,0,0,NA,5,1,4,6,6,NA,Bringing near free endless power,NA,3,1,1,1,1,NA,5,80,20,60,40,6,7,7,8,8,6,7,9,5,7,7,8,9,8,9,8,7,8,3,5,3,1,3,4,4,5,3,5,3,4,4,1,5,5,6,4,1,1,9,NA,6,4,7,I support it,50,US national laboratories for energy and security,4-year or bachelor degree,Male,"$50,000 to under $75,000",Metropolitan,Mixed race,Yes,Democrat,NA,I voted,Someone else,Northeast,New Jersey,Male,30-49,4-yr/post-graduate degree,Hispanic,Northeast,Metropolitan,"> $50,000",Democrat,3rd or didn't vote,2.379445537049684
R_7lYzxMywj9kC3Cm,2025-03-19T16:51:05Z,2025-03-19T17:13:13Z,1,34,33,27405,10,10,10,10,10,Different way to receive energy,3,Another way to transfer energy,3,A new energy source,3,0,NA,NA,NA,NA,NA,NA,NA,NA,NA,NA,NA,NA,NA,2,4,1,"What type of side effects does this energy cause on human beings? And is the side effects long-term like cancer or you going to a doctor and finding out later on in life that having this plant or living near this plant has caused you to have serious issues they can’t even be fixed by a doctor like it’s a lot of health issues and risk that they didn’t mention. Y’all basically talked about how good it is and the benefits of it, but not the side effects of the risk of doing this near communities where people live with their kids",NA,NA,4,0,0,0,3,4,NA,50,50,50,50,10,10,5,10,10,10,10,10,10,10,10,10,10,10,0,10,8,10,4,7,4,4,4,1,4,4,4,4,4,4,4,4,4,4,4,4,2,1,5,NA,10,4,4,"Make sure that y’all consider people and their families when y’all decide to build these plants or warehouses or even decide to continue to do research on fusion energy just make sure y’all not only research the benefits, but also the risk of doing this so everybody can be aware instead of somebody just trying to make some money and killing people at the same time",50,Lawrence Livermore National Laboratory,Some high school or less,Female,"Less than $15,000",Metropolitan,Black or African-American,No,Democrat,NA,I voted,Kamala Harris,South,North Carolina,Female,30-49,HS or less,Black,South,Metropolitan,"< $50,000",Democrat,Kamala Harris,0.5178957083153444
R_5nXd7KI5iI7s99L,2025-03-20T00:05:00Z,2025-03-20T00:17:18Z,1,22,27,68134,5,5,10,1,8,Fuse together,4,The car,3,Electric,4,0,NA,NA,NA,NA,NA,NA,NA,NA,NA,NA,NA,NA,NA,4,4,4,NA,NA,Might be too close,1,1,1,0,3,NA,7,50,50,50,50,10,10,8,8,8,8,8,8,6,5,5,5,5,5,5,6,5,5,3,3,3,4,3,3,4,3,3,3,3,3,3,3,3,3,3,3,1,0,NA,0,8,3,0,I think it is a good idea,50,US national laboratories for energy and security,High school graduate or GED,Female,"$15,000 to under $50,000",Metropolitan,Black or African-American,No,Democrat,NA,I voted,Kamala Harris,Midwest,Nebraska,Female,18-29,HS or less,Black,Midwest,Metropolitan,"< $50,000",Democrat,Kamala Harris,0.65754415180045
R_3v62pqH8QtiRB6S,2025-03-19T17:34:53Z,2025-03-19T17:51:35Z,1,67,14,47403,10,10,10,10,10,Nuclear,4,Inventive,5,Future,5,0,NA,NA,NA,NA,NA,NA,NA,NA,NA,NA,NA,NA,NA,7,7,7,NA,It would create jobs. Improve the tax base. I also feel this would be a positive development in the energy field.,NA,3,1,1,0,3,7,NA,60,40,25,75,10,10,10,10,3,7,1,4,8,8,2,8,8,6,8,3,10,5,4,4,4,4,5,2,4,4,3,4,4,4,4,3,5,4,5,4,1,1,10,NA,10,1,0,An interesting project that I'm glad I got information about from the survey.,50,US national laboratories for energy and security,4-year or bachelor degree,Male,"$75,000 to under $100,000",Metropolitan,White,No,Democrat,NA,I voted,Kamala Harris,Midwest,Indiana,Male,65+,4-yr/post-graduate degree,White,Midwest,Metropolitan,"> $50,000",Democrat,Kamala Harris,0.9145599023135198
R_3OesioXOFB58YQ8,2025-03-19T18:39:10Z,2025-03-19T18:45:48Z,1,27,13,60640,5,6,6,5,8,Nuclear,3,Clean,4,New,3,2,NA,NA,NA,NA,NA,NA,NA,NA,NA,NA,NA,NA,NA,5,5,5,NA,NA,I don’t really know that much about it and its safety,4,1,1,0,5,5,NA,80,20,30,70,9,8,9,7,8,6,6,9,2,7,8,8,6,5,4,7,8,3,5,4,4,3,5,2,3,4,6,3,4,4,4,5,6,4,4,3,2,1,9,NA,10,2,3,NA,50,US national laboratories for energy and security,Post-graduate degree,Female,"$50,000 to under $75,000",Metropolitan,Asian or Asian-American,No,Democrat,NA,I voted,Kamala Harris,Midwest,Illinois,Female,18-29,4-yr/post-graduate degree,Other,Midwest,Metropolitan,"> $50,000",Democrat,Kamala Harris,0.8285821090545797
R_7qh0xlsaofpGZZd,2025-03-21T22:09:14Z,2025-03-21T22:32:43Z,1,42,5,93306,10,9,10,10,10,Together,3,Wind,2,Future,2,0,NA,NA,NA,NA,NA,NA,NA,NA,NA,NA,NA,NA,NA,7,7,5,NA,NA,I think fusion energy would be a great idea I just don't want it near my home we don't know what the plant would be emitting and therefore we don't know what it does to the human body physically or mentally. I think it should be out on the outskirts of town or something we start putting people's lives in danger possibly.,2,1,1,0,2,4,NA,80,20,90,10,9,6,7,10,10,9,8,10,2,7,6,5,8,7,1,6,6,0,5,5,4,5,4,3,4,4,5,3,5,4,3,4,6,4,5,3,2,1,6,NA,9,4,2,Just like everything should be done in moderation so this included and you need to take the environment and people's livelihood into consideration when placing these plants,10,US national laboratories for energy and security,"Some college, no degree",Female,"$100,000 to under $150,000",Metropolitan,White,No,Independent,The Democratic Party,I was not registered to vote,NA,West,California,Female,30-49,Some college/2-yr degree,White,West,Metropolitan,"> $50,000",Independent,3rd or didn't vote,1.5693036675808427
R_31ClSatuWBJ8MGR,2025-03-18T20:38:30Z,2025-03-18T20:51:01Z,1,26,30,08902,6,4,6,4,7,Cleaner,4,Sustainable,4,Powerful,4,1,0,0,1,0,0,0,1,0,0,0,NA,5,2,6,6,5,NA,NA,I am unsure of the environment risk,3,1,1,0,3,NA,5,40,60,30,70,8,6,7,6,5,7,3,8,5,6,5,3,7,4,6,7,7,3,3,4,4,3,4,5,5,4,2,4,3,5,4,4,5,5,4,4,2,0,NA,6,6,5,3,I am skeptical of the risk vs rewards,10,Lawrence Livermore National Laboratory,High school graduate or GED,Male,"$50,000 to under $75,000",Metropolitan,White,No,Republican,NA,I voted,Donald Trump,Northeast,New Jersey,Male,18-29,HS or less,White,Northeast,Metropolitan,"> $50,000",Republican,Donald Trump,0.8596718375687729
R_7JMVou0ETLR0UmJ,2025-03-21T16:05:00Z,2025-03-21T16:14:07Z,1,46,38,19003,10,3,9,9,1,musk,1,elon,1,N/A,1,0,NA,NA,NA,NA,NA,NA,NA,NA,NA,NA,NA,NA,NA,4,1,1,"I want nature, not power plants in my back yard.",NA,NA,6,0,0,0,4,4,NA,0,100,0,100,1,1,1,1,1,1,1,1,0,0,0,0,0,0,0,0,0,0,1,1,1,1,1,1,1,1,1,1,1,1,1,1,1,1,1,1,3,0,NA,0,10,4,0,NA,50,Lawrence Livermore National Laboratory,4-year or bachelor degree,Female,"$50,000 to under $75,000",Metropolitan,White,No,Independent,Neither,I voted,Donald Trump,Northeast,Pennsylvania,Female,30-49,4-yr/post-graduate degree,White,Northeast,Metropolitan,"> $50,000",Independent,Donald Trump,0.6911255922098478
R_5nr23EMJYeEyCqr,2025-03-19T19:46:50Z,2025-03-19T19:57:30Z,1,31,38,19131,10,8,10,8,7,Nuclear energy,3,Clean,4,Renewable,4,1,0,1,1,1,0,0,0,0,0,0,NA,5,1,5,5,3,NA,NA,I wouldn't want it by my house but it's a sound idea. We need more controlled and safe research and experimental data collected before we move forward with it as a concrete energy solution.,2,1,1,0,2,5,NA,70,30,45,55,8,7,8,7,4,6,4,6,3,5,5,6,4,6,6,5,4,4,3,4,3,4,4,3,3,4,6,3,5,4,4,3,5,3,4,5,2,1,7,NA,7,4,5,No,10,Lawrence Livermore National Laboratory,4-year or bachelor degree,Male,"$50,000 to under $75,000",Metropolitan,White,Yes,Independent,Neither,I voted,Kamala Harris,Northeast,Pennsylvania,Male,30-49,4-yr/post-graduate degree,Hispanic,Northeast,Metropolitan,"> $50,000",Independent,Kamala Harris,0.7286836058095189
R_5yBiPaWIBI8r1pn,2025-03-19T16:19:26Z,2025-03-19T16:27:06Z,1,33,38,15201,7,6,10,7,8,Nuclear,4,Efficient,5,Bombs,3,1,0,1,1,1,1,1,0,0,0,0,NA,6,4,6,7,6,NA,Nuclear energy is a great efficient source of energy. With the right safety procedures it shouldn't be a problem.,NA,1,1,1,0,3,NA,7,50,50,40,60,9,9,9,9,3,4,4,5,5,10,8,9,6,7,5,9,6,4,4,4,4,4,4,3,4,3,7,4,4,4,4,4,6,4,5,2,2,0,NA,0,2,5,7,I think it is the way of the future,10,US national laboratories for energy and security,Post-graduate degree,Male,"$150,000 to under $200,000",Metropolitan,White,No,Republican,NA,I voted,Kamala Harris,Northeast,Pennsylvania,Male,30-49,4-yr/post-graduate degree,White,Northeast,Metropolitan,"> $50,000",Republican,Kamala Harris,0.7339689107336186
R_5rwMB91rtHE3KkO,2025-03-20T17:26:51Z,2025-03-20T17:36:58Z,1,44,38,15380,8,9,9,8,8,Reaction,1,Power,4,Nucleus,3,1,0,0,0,1,1,0,1,1,0,0,NA,5,2,1,3,3,NA,NA,"I don’t know too much about it, but I know radiation can be extreme coming from fusion energy.",3,1,0,0,2,NA,4,100,0,30,70,8,8,7,7,10,9,9,8,2,8,8,8,10,5,5,8,8,0,4,4,4,4,3,3,4,4,1,4,4,4,4,1,3,4,4,1,2,1,10,NA,10,7,8,Not at this time!,50,US national laboratories for energy and security,"Some college, no degree",Female,"$50,000 to under $75,000",Non-metro,White,No,Republican,NA,I voted,Donald Trump,Northeast,Pennsylvania,Female,30-49,Some college/2-yr degree,White,Northeast,Non-metro,"> $50,000",Republican,Donald Trump,0.7615361179896709
R_5LdJMcxHZZtMiPl,2025-03-20T22:01:07Z,2025-03-20T22:29:54Z,1,35,13,60098,9,9,10,9,9,New,3,Expensive,3,Not reliable,3,0,NA,NA,NA,NA,NA,NA,NA,NA,NA,NA,NA,NA,NA,4,4,2,I don't know what would the effects may be. They may say one thing but plants like this don't benefit the community.,NA,NA,4,1,1,0,4,6,NA,40,60,60,40,9,9,9,9,5,6,5,5,6,8,8,8,7,8,8,9,8,7,4,4,4,4,4,3,3,4,5,5,4,4,4,3,5,4,4,2,4,1,9,NA,10,4,3,Nothing. This is new to me and will continue do my research on the theme. It's important for us to be informed.,10,Lawrence Livermore National Laboratory,2-year or associate degree,Female,"$50,000 to under $75,000",Metropolitan,White,Yes,Democrat,NA,I voted,Kamala Harris,Midwest,Illinois,Female,30-49,Some college/2-yr degree,Hispanic,Midwest,Metropolitan,"> $50,000",Democrat,Kamala Harris,0.8089989337270329
R_3roD9pxqtcTGQ4Z,2025-03-19T03:22:41Z,2025-03-19T03:28:57Z,1,64,5,94118,5,3,6,7,4,New,3,Invention,3,Power,3,0,NA,NA,NA,NA,NA,NA,NA,NA,NA,NA,NA,NA,NA,4,5,3,NA,NA,Nimby,3,1,1,0,2,5,NA,100,0,50,50,5,3,5,5,3,6,5,5,3,6,4,4,6,4,6,4,4,2,3,3,5,3,3,3,3,5,3,3,4,4,3,NA,5,3,3,6,2,1,7,NA,8,4,6,No,10,Lawrence Livermore National Laboratory,4-year or bachelor degree,Male,"$150,000 to under $200,000",Metropolitan,White,No,Independent,The Democratic Party,I voted,Kamala Harris,West,California,Male,50-64,4-yr/post-graduate degree,White,West,Metropolitan,"> $50,000",Independent,Kamala Harris,0.6102258256364981
R_7dy8UezpCZp4xZu,2025-03-19T16:06:02Z,2025-03-19T17:57:22Z,1,71,32,11213,8,8,9,8,10,nuclear,3,power,5,sustainable,5,0,NA,NA,NA,NA,NA,NA,NA,NA,NA,NA,NA,NA,NA,6,7,5,NA,NA,Sounds good but I would want to know about any potential dangers,3,1,1,0,5,NA,7,50,50,20,80,10,10,10,9,10,10,8,7,8,8,10,9,9,9,9,8,9,8,4,4,4,4,4,4,4,4,4,4,4,4,4,4,4,4,4,4,2,1,10,NA,10,1,2,NA,10,US national laboratories for energy and security,"Some college, no degree",Female,"Less than $15,000",Metropolitan,White,No,Democrat,NA,I voted,Kamala Harris,Northeast,New York,Female,65+,Some college/2-yr degree,White,Northeast,Metropolitan,"< $50,000",Democrat,Kamala Harris,0.6521313641867212
R_5zsyqy0OfZbE1Nv,2025-03-18T23:40:41Z,2025-03-18T23:54:47Z,1,24,17,41141,9,8,9,5,9,Science,3,Technology,3,War,1,0,NA,NA,NA,NA,NA,NA,NA,NA,NA,NA,NA,NA,NA,1,2,1,It just sounds like a recipe for a nuclear explosion.,NA,NA,2,1,0,0,2,4,NA,25,75,25,75,1,1,1,1,1,1,1,1,0,6,0,6,0,8,0,7,4,0,1,1,1,1,7,1,1,1,1,3,1,5,4,3,3,3,6,5,4,0,NA,0,10,6,3,NA,50,US national laboratories for energy and security,High school graduate or GED,Female,"$50,000 to under $75,000",Non-metro,White,No,Republican,NA,I was not registered to vote,NA,South,Kentucky,Female,18-29,HS or less,White,South,Non-metro,"> $50,000",Republican,3rd or didn't vote,2.018926880906092
R_3PdTbc67w5EDO0u,2025-03-19T16:24:22Z,2025-03-19T17:56:08Z,1,18,20,21144,3,6,8,3,8,Chemistry,3,Explosion,2,Bomb,2,0,NA,NA,NA,NA,NA,NA,NA,NA,NA,NA,NA,NA,NA,4,3,2,"Just in case something goes wrong, I wouldn’t want the facility in my area as sometimes issues with power sources can lead to dire food and health affects within a community",NA,NA,3,1,0,0,2,5,NA,80,20,30,70,6,7,5,10,4,7,6,8,1,4,8,2,4,7,6,5,6,6,6,4,4,5,3,3,5,3,6,6,4,2,2,7,3,3,3,2,2,1,5,NA,7,3,3,I am quite interested however I’m worried about any energy source that requires radiation,50,Lawrence Livermore National Laboratory,Some high school or less,Female,"More than $200,000",Metropolitan,Black or African-American,No,Independent,The Democratic Party,I was too young to vote,NA,South,Maryland,Female,18-29,HS or less,Black,South,Metropolitan,"> $50,000",Independent,3rd or didn't vote,1.6928073550501073
R_3dgBmmkOLvv7PzU,2025-03-19T23:06:57Z,2025-03-19T23:28:41Z,1,59,3,85213,5,5,5,10,10,No understanding of it,5,Education,5,Understanding,5,0,NA,NA,NA,NA,NA,NA,NA,NA,NA,NA,NA,NA,NA,4,4,4,NA,NA,Unsure of what’s involved,2,1,1,0,5,NA,4,50,50,100,0,8,10,8,10,5,5,5,1,5,5,10,5,5,5,5,10,8,0,4,4,4,4,5,5,4,1,7,4,4,4,4,5,2,4,4,7,2,1,5,NA,10,4,5,Hopeful that it will help with global warming,50,Lawrence Livermore National Laboratory,High school graduate or GED,Female,"$75,000 to under $100,000",Metropolitan,White,No,Republican,NA,I voted,Donald Trump,West,Arizona,Female,50-64,HS or less,White,West,Metropolitan,"> $50,000",Republican,Donald Trump,0.7332440088879723
R_3kjSajRUgGo0HQd,2025-03-21T01:42:44Z,2025-03-21T01:52:49Z,1,35,48,25508,9,8,8,8,0,different way to make engery,3,just engeey,3,engery,3,0,NA,NA,NA,NA,NA,NA,NA,NA,NA,NA,NA,NA,NA,1,1,1,well i think maybe a terrorist can hit and mess it up,NA,NA,6,0,0,0,4,1,NA,50,50,50,50,2,2,2,1,1,2,2,2,9,1,1,1,2,2,3,2,2,2,3,3,3,3,3,2,2,2,2,2,2,1,1,1,2,1,2,2,3,0,NA,0,1,4,1,i really don't think fusion energy is good,10,US national laboratories for energy and security,"Some college, no degree",Male,"Less than $15,000",Non-metro,White,No,Independent,Neither,I voted,Donald Trump,South,West Virginia,Male,30-49,Some college/2-yr degree,White,South,Non-metro,"< $50,000",Independent,Donald Trump,0.58678026795222
R_5uEfZH4yNudUsGA,2025-03-18T19:18:48Z,2025-03-18T19:28:44Z,1,40,38,18337,7,5,10,8,9,i don't know,3,i'm not sure,3,no idea,3,0,NA,NA,NA,NA,NA,NA,NA,NA,NA,NA,NA,NA,NA,4,4,3,NA,NA,i don't know enough about the risks associated to be able to determine if i'd want a fusion plant near my home.,2,1,1,0,2,4,NA,25,75,50,50,8,5,8,5,10,5,8,9,5,5,5,7,10,10,6,5,10,0,4,4,5,4,5,7,4,4,5,4,4,4,4,5,4,4,4,5,4,1,3,NA,10,2,0,NA,50,US national laboratories for energy and security,4-year or bachelor degree,Female,"$75,000 to under $100,000",Metropolitan,White,No,Democrat,NA,I voted,Kamala Harris,Northeast,Pennsylvania,Female,30-49,4-yr/post-graduate degree,White,Northeast,Metropolitan,"> $50,000",Democrat,Kamala Harris,0.65721408963492145
R_32RbqUCQCfCG4T4,2025-03-20T19:16:41Z,2025-03-20T19:27:57Z,1,25,21,01886,10,10,10,10,10,fusion coolant systems (the company),3,alternative,3,environment,3,1,0,0,1,0,0,0,0,0,0,1,school,1,4,4,2,1,"its so experimental, it should happen only with a wide enough radius that there can be some level of certainty that it would not affect the population",NA,NA,2,1,1,0,2,4,NA,80,20,50,50,10,10,10,10,10,10,10,10,0,0,0,0,0,0,0,0,10,0,1,1,1,4,1,1,1,4,7,1,1,1,1,1,7,1,4,1,5,1,10,NA,10,1,0,NA,10,Lawrence Livermore National Laboratory,4-year or bachelor degree,Other,"$50,000 to under $75,000",Metropolitan,White,No,Other or none,Neither,I voted,Kamala Harris,Northeast,Massachusetts,Female,18-29,4-yr/post-graduate degree,White,Northeast,Metropolitan,"> $50,000",Independent,Kamala Harris,0.6639135683387002
R_7w5oymR8DUUNVp1,2025-03-19T16:12:37Z,2025-03-19T16:27:48Z,1,29,17,42223,10,7,10,10,8,Energy,3,Fusion,3,Electricity,3,0,NA,NA,NA,NA,NA,NA,NA,NA,NA,NA,NA,NA,NA,4,4,1,I don’t think I would want a facility close to my home because there is no way to know the long term effects this can have on people’s heath and wellbeing,NA,NA,2,0,1,0,4,NA,4,90,10,20,80,10,6,6,1,1,1,1,1,0,0,0,0,0,0,0,0,0,0,1,4,1,1,4,4,4,4,1,4,4,7,4,7,7,7,7,4,4,1,5,NA,6,2,0,No,50,Lawrence Livermore National Laboratory,"Some college, no degree",Female,"$75,000 to under $100,000",Metropolitan,Black or African-American,No,Other or none,The Democratic Party,I was not registered to vote,NA,South,Kentucky,Female,18-29,Some college/2-yr degree,Black,South,Metropolitan,"> $50,000",Independent,3rd or didn't vote,1.7793179737432998
R_7RP9B7fv6OdqSgp,2025-03-20T21:24:38Z,2025-03-20T21:31:26Z,1,60,19,04401,10,10,10,10,10,Not sure,1,None,1,None,1,0,NA,NA,NA,NA,NA,NA,NA,NA,NA,NA,NA,NA,NA,7,7,7,NA,It's clean energy,NA,1,1,1,0,3,7,NA,50,50,50,50,10,10,10,10,10,10,10,10,10,10,10,10,10,10,10,10,10,10,4,4,4,4,4,4,4,4,4,4,4,4,4,4,4,4,4,4,1,1,10,NA,10,7,10,No,10,US national laboratories for energy and security,2-year or associate degree,Female,"$75,000 to under $100,000",Metropolitan,White,No,Republican,NA,I was not registered to vote,NA,Northeast,Maine,Female,50-64,Some college/2-yr degree,White,Northeast,Metropolitan,"> $50,000",Republican,3rd or didn't vote,1.8938850638688796
R_7WNiuYFsD334FHc,2025-03-19T21:44:08Z,2025-03-19T21:55:12Z,1,44,4,71854,10,10,10,10,10,Neither concerned or not concerned,3,Not concerned or concerned,3,Not concerned or concerned,3,0,NA,NA,NA,NA,NA,NA,NA,NA,NA,NA,NA,NA,NA,4,4,4,NA,NA,I don’t know enough about it to say either way,6,1,1,0,3,NA,4,50,50,50,50,8,6,7,10,10,10,10,10,0,8,10,8,10,9,4,8,6,4,3,4,3,4,4,4,2,4,1,6,7,5,4,7,6,6,4,5,3,1,8,NA,10,4,3,Not at the moment,10,US national laboratories for energy and security,Some high school or less,Female,"Less than $15,000",Metropolitan,White,No,Other or none,Neither,I did not vote,NA,South,Arkansas,Female,30-49,HS or less,White,South,Metropolitan,"< $50,000",Independent,3rd or didn't vote,1.3351535159518975
R_5EGk4WzaK991ObT,2025-03-23T19:29:50Z,2025-03-23T19:43:05Z,1,61,25,65109,2,4,7,2,6,nuclear power plants,3,lots of waste,1,long term,3,1,0,0,0,0,0,0,0,1,0,0,NA,2,1,3,3,3,NA,NA,I do not have enough information to have a strong opinion.,5,0,1,0,3,NA,4,50,50,25,75,6,7,7,6,8,8,9,8,1,2,2,5,8,8,2,2,7,2,4,5,4,4,6,1,3,4,6,4,3,4,4,3,6,5,4,5,1,1,7,NA,10,1,0,no,50,US national laboratories for energy and security,Post-graduate degree,Male,"$50,000 to under $75,000",Metropolitan,White,No,Independent,The Democratic Party,I voted,Kamala Harris,Midwest,Missouri,Male,50-64,4-yr/post-graduate degree,White,Midwest,Metropolitan,"> $50,000",Independent,Kamala Harris,0.679614335126632
R_7wMHc3yI0Zv6GAh,2025-03-20T01:44:39Z,2025-03-20T02:02:40Z,1,24,10,30097,8,7,7,8,8,nuclear,3,effective,4,dangerous,2,1,0,0,0,0,0,0,0,0,0,1,school,4,4,4,4,3,NA,NA,"I support a movement towards fusion energy, but I would want more research and security on safety measures before a facility would be built so closeby.",3,1,1,0,5,NA,6,30,70,40,60,10,10,8,8,10,8,9,10,0,8,6,5,5,6,8,8,9,3,4,5,4,4,7,3,2,4,7,3,3,4,4,1,5,5,4,3,2,1,10,NA,9,1,4,NA,50,Lawrence Livermore National Laboratory,4-year or bachelor degree,Female,"More than $200,000",Metropolitan,Asian or Asian-American,No,Democrat,NA,I voted,Kamala Harris,South,Georgia,Female,18-29,4-yr/post-graduate degree,Other,South,Metropolitan,"> $50,000",Democrat,Kamala Harris,0.7401607347094219
R_1NavPmdi0pi6fiF,2025-03-18T23:42:11Z,2025-03-18T23:50:50Z,1,28,32,10451,7,10,9,8,8,combination of energies,4,blast,4,high energy,4,1,0,0,1,1,0,0,0,1,0,0,NA,8,2,6,6,5,NA,NA,i am a little worried about its consequences,3,1,1,3,3,NA,6,60,40,60,40,7,9,9,8,9,9,8,10,9,8,8,8,9,9,7,8,9,7,6,5,5,6,6,7,6,6,5,6,5,5,5,5,4,5,5,6,2,1,7,NA,8,2,8,it can outweight the drawbacks when taken into consideration carefully,10,Lawrence Livermore National Laboratory,Post-graduate degree,Male,"$75,000 to under $100,000",Metropolitan,Asian or Asian-American,No,Democrat,NA,I voted,Kamala Harris,Northeast,New York,Male,18-29,4-yr/post-graduate degree,Other,Northeast,Metropolitan,"> $50,000",Democrat,Kamala Harris,0.7703790382360263
R_3Ez5Ph3ApN1lnex,2025-03-18T22:07:38Z,2025-03-18T22:18:19Z,1,46,38,18042,10,10,10,10,10,Tightly together,3,Strong,3,Fused together,3,0,NA,NA,NA,NA,NA,NA,NA,NA,NA,NA,NA,NA,NA,4,5,4,NA,NA,I don’t think it would be a good idea to do that It’s too close to home,3,1,0,0,3,4,NA,50,50,50,50,10,8,9,7,7,5,2,5,7,9,10,9,10,7,8,9,10,6,4,5,4,5,6,4,5,4,7,4,5,5,3,6,4,4,4,7,4,1,9,NA,10,4,0,No not really,10,US national laboratories for energy and security,Some high school or less,Female,"Less than $15,000",Metropolitan,White,Yes,Other or none,Neither,I did not vote,NA,Northeast,Pennsylvania,Female,30-49,HS or less,Hispanic,Northeast,Metropolitan,"< $50,000",Independent,3rd or didn't vote,1.6052658075964983
R_3kIbB774OPzCS1X,2025-03-18T23:15:33Z,2025-03-18T23:30:50Z,1,55,5,90713,9,7,8,6,5,Clean energy,5,Expensive,2,Goal,4,1,1,1,0,0,0,1,0,1,0,0,NA,7,2,6,7,5,NA,NA,"Live in middle of city. Should be located on edge
Of metro",3,1,1,3,2,NA,5,60,40,50,50,9,8,9,9,7,6,7,3,8,8,7,9,8,4,8,7,9,6,3,4,3,3,7,2,3,3,4,4,4,4,4,2,5,4,4,4,2,1,6,NA,5,6,2,NA,50,US national laboratories for energy and security,Post-graduate degree,Male,"$150,000 to under $200,000",Metropolitan,White,No,Independent,The Republican Party,I voted,Kamala Harris,West,California,Male,50-64,4-yr/post-graduate degree,White,West,Metropolitan,"> $50,000",Independent,Kamala Harris,0.6102258256364981
R_3pigGGAvxuHzCme,2025-03-20T15:49:03Z,2025-03-20T15:55:10Z,1,25,5,94305,6,9,10,10,9,Nuclear,3,Green,5,Far-away,2,1,0,1,0,0,0,0,0,0,0,0,NA,3,2,6,6,7,NA,"If it is feasible financially and the technology exists, it's a great way to go toward a green energy transition, promises much more energy availability and should have much lower risks than other forms of existing energy production.",NA,5,1,1,1,1,NA,6,20,80,20,80,10,10,10,7,10,10,10,2,3,10,10,10,10,2,3,10,10,7,6,6,4,4,7,1,4,5,1,4,4,4,4,4,7,4,4,7,2,1,10,NA,8,2,5,"I'd love for it to happen, but it's always 25 years away and I think it might make more sense to focus on more achievable goals for a clean energy transition.",10,US national laboratories for energy and security,Post-graduate degree,Male,"More than $200,000",Metropolitan,White,Yes,Democrat,NA,I voted,Kamala Harris,West,California,Male,18-29,4-yr/post-graduate degree,Hispanic,West,Metropolitan,"> $50,000",Democrat,Kamala Harris,0.9301891525602352
R_3Jzno506XmKqJXh,2025-03-19T17:47:57Z,2025-03-19T18:13:09Z,1,40,42,37302,7,5,6,7,2,New,3,Don’t know how it works,3,The Saint,4,1,0,0,0,0,0,0,0,1,0,0,NA,1,4,3,4,3,NA,NA,I’m unsure if it’s safety and would need more understanding of it and it’s stability,2,1,1,0,2,NA,4,50,50,30,70,8,8,7,7,6,3,10,4,2,8,8,9,9,5,7,7,10,5,3,1,4,4,7,1,1,4,7,5,1,4,7,1,6,7,4,7,3,0,NA,10,3,5,2,NA,50,Lawrence Livermore National Laboratory,4-year or bachelor degree,Female,"$75,000 to under $100,000",Metropolitan,White,No,Other or none,The Democratic Party,I voted,Donald Trump,South,Tennessee,Female,30-49,4-yr/post-graduate degree,White,South,Metropolitan,"> $50,000",Independent,Donald Trump,0.6893029988321325
R_7inm4bUCHLBwdmJ,2025-03-19T20:55:43Z,2025-03-19T21:05:29Z,1,18,43,78749,6,7,3,2,10,nuclear,4,safe,5,potentially impossible,2,1,0,0,0,0,0,0,0,0,0,1,chemistry class,1,1,6,5,5,NA,NA,I think it would be a great source of energy if it works right but I would want to make sure the technology is safe and works how it is supposed to before it is implemented near me in case of some sort of nuclear disaster or environmental effects.,4,1,1,0,1,6,NA,30,70,30,70,6,8,9,2,9,9,8,4,0,3,3,8,7,8,6,6,9,6,3,5,4,4,5,2,6,4,7,3,3,4,4,3,7,3,4,3,4,1,10,NA,10,1,2,NA,10,Lawrence Livermore National Laboratory,"Some college, no degree",Male,"$150,000 to under $200,000",Metropolitan,White,Yes,Democrat,NA,I voted,Kamala Harris,South,Texas,Male,18-29,Some college/2-yr degree,Hispanic,South,Metropolitan,"> $50,000",Democrat,Kamala Harris,0.8508306874918051
R_6gIbwkvDrhKktyU,2025-03-19T20:48:13Z,2025-03-19T20:56:25Z,1,53,4,72619,5,6,7,4,8,Nuclear atomic power,1,Atomic,1,Hydrogen,1,1,1,0,0,0,0,0,0,0,0,0,NA,2,2,3,3,2,Fusion energy could be transformed into a weapon of mass destruction.,NA,NA,3,1,0,4,4,NA,2,50,50,50,50,8,3,6,4,8,4,3,6,2,5,9,5,2,4,7,7,3,3,2,3,6,5,4,4,2,6,6,4,6,1,2,4,3,7,3,6,2,1,7,NA,4,4,4,No,50,US national laboratories for energy and security,High school graduate or GED,Male,"$15,000 to under $50,000",Non-metro,White,No,Other or none,Neither,I did not vote,NA,South,Arkansas,Male,50-64,HS or less,White,South,Non-metro,"< $50,000",Independent,3rd or didn't vote,1.3775553864092631
R_1IT4hidmCz7z1T6,2025-03-21T16:05:51Z,2025-03-21T16:22:13Z,1,63,9,32137,3,9,10,7,3,Cleaner,4,Futuristic,4,Radioactive Waste,3,1,0,1,0,1,0,0,1,0,0,0,NA,6,1,6,7,5,NA,NA,"I live in a very populated area of Florida. There are better, less populated locations to build TEST and EXPERIMENTAL facilities. Once the technology has been proven safe and effective, then I would support a plant within 50 miles, possibly replacing the FISSION reactor we have nearby.",3,1,1,0,3,5,NA,70,30,40,60,8,8,9,5,9,8,5,1,3,8,8,8,8,0,6,8,5,3,4,4,3,5,7,2,4,1,6,4,4,4,6,1,6,4,7,2,2,1,7,NA,8,5,4,It holds potential for the future. We should continue research but there is no net benefit to the US making most of the investment that would then benefit the rest of the world. Let someone else do the heavy lifting and take the risk for a change.,50,Lawrence Livermore National Laboratory,4-year or bachelor degree,Male,"$75,000 to under $100,000",Metropolitan,White,No,Republican,NA,I voted,Kamala Harris,South,Florida,Male,50-64,4-yr/post-graduate degree,White,South,Metropolitan,"> $50,000",Republican,Kamala Harris,0.7332644524657183
R_6N9R99Gy2PGVTCe,2025-03-22T01:34:53Z,2025-03-22T01:44:16Z,1,38,38,19146,7,9,10,7,9,Potential,4,Change,4,Cost,4,1,1,0,1,1,0,0,0,1,0,0,NA,7,1,5,5,5,NA,NA,Not sure I want it in my backyard,4,1,1,1,1,NA,6,50,50,25,75,9,9,9,9,5,7,8,8,10,9,9,5,9,7,9,9,9,5,4,4,4,4,4,6,4,4,6,4,4,6,4,6,6,4,4,5,2,1,9,NA,10,3,7,NA,10,Lawrence Livermore National Laboratory,4-year or bachelor degree,Male,"$100,000 to under $150,000",Metropolitan,White,No,Independent,Neither,I voted,Kamala Harris,Northeast,Pennsylvania,Male,30-49,4-yr/post-graduate degree,White,Northeast,Metropolitan,"> $50,000",Independent,Kamala Harris,0.6076731596459458
R_5hn0ilooUu9nNJP,2025-03-20T21:17:55Z,2025-03-20T21:31:57Z,1,41,6,80229,10,10,10,10,10,Made energy,3,Nuclear,3,Atomic,3,1,0,0,1,0,0,0,0,0,0,0,NA,0,1,4,4,4,NA,NA,Not so sure about having it so close to home. I live in a populated area,2,1,1,0,3,4,NA,80,20,30,70,10,10,7,9,9,8,9,7,7,9,9,9,9,7,7,9,9,3,4,4,4,4,5,4,4,4,5,4,4,4,4,3,5,4,4,3,3,1,5,NA,9,4,2,Will be looking into it more.,10,US national laboratories for energy and security,Some high school or less,Female,"$50,000 to under $75,000",Metropolitan,Mixed race,Yes,Other or none,Neither,I did not vote,NA,West,Colorado,Female,30-49,HS or less,Hispanic,West,Metropolitan,"> $50,000",Independent,3rd or didn't vote,1.7903168765012158
R_3BWTEv7qaPe0TLH,2025-03-19T21:22:45Z,2025-03-19T21:34:32Z,1,63,22,49221,8,5,9,8,1,Nuclear,3,Fission,3,New,3,2,NA,NA,NA,NA,NA,NA,NA,NA,NA,NA,NA,NA,NA,4,5,5,NA,NA,"I think it’s the same as nuclear but maybe a newer version? It’s probably basically safe, but there’s always a risk.",2,1,1,0,3,NA,4,50,50,25,75,3,7,7,8,9,8,9,6,8,5,5,5,5,3,5,5,5,5,4,4,4,4,4,2,4,3,4,4,4,4,5,4,5,4,5,4,2,0,NA,7,3,6,5,No,50,US national laboratories for energy and security,4-year or bachelor degree,Female,"$50,000 to under $75,000",Non-metro,White,No,Republican,NA,I voted,Donald Trump,Midwest,Michigan,Female,50-64,4-yr/post-graduate degree,White,Midwest,Non-metro,"> $50,000",Republican,Donald Trump,0.9263466710781474
R_1eVl4oEpX3PbaeJ,2025-03-20T00:19:51Z,2025-03-20T00:27:16Z,1,61,10,30101,9,10,8,10,8,Nuclear,2,Chemical,2,Atoms,2,0,NA,NA,NA,NA,NA,NA,NA,NA,NA,NA,NA,NA,NA,7,7,5,NA,NA,"Unknown territory, sounds promising though",1,1,1,0,3,7,NA,40,60,20,80,10,9,10,10,6,6,1,10,7,7,6,3,7,3,6,7,6,3,3,6,3,4,3,3,5,3,7,5,6,3,5,2,6,5,6,3,2,1,6,NA,3,6,6,No,10,Lawrence Livermore National Laboratory,Post-graduate degree,Male,"More than $200,000",Metropolitan,White,No,Republican,NA,I voted,Donald Trump,South,Georgia,Male,50-64,4-yr/post-graduate degree,White,South,Metropolitan,"> $50,000",Republican,Donald Trump,0.8657234075150076
R_3cEaIIiR0iXOEvf,2025-03-20T05:21:39Z,2025-03-20T05:30:24Z,1,21,14,46403,4,9,10,10,7,Mix,5,together,4,spin,2,0,NA,NA,NA,NA,NA,NA,NA,NA,NA,NA,NA,NA,NA,5,7,7,NA,Ot seems cheaper to use amd more safe.,NA,2,1,1,0,1,NA,5,65,35,80,20,5,3,5,9,10,10,4,1,10,0,1,5,10,5,8,9,10,0,6,1,4,4,7,4,4,4,1,4,1,4,4,4,4,4,4,1,1,1,6,NA,5,7,0,NA,50,Lawrence Livermore National Laboratory,High school graduate or GED,Male,"$15,000 to under $50,000",Metropolitan,Black or African-American,No,Independent,The Democratic Party,I did not vote,NA,Midwest,Indiana,Male,18-29,HS or less,Black,Midwest,Metropolitan,"< $50,000",Independent,3rd or didn't vote,1.7683020869088415
R_1hb3tAWXGWjcB5T,2025-03-21T03:35:55Z,2025-03-21T03:52:26Z,1,41,4,72701,8,10,10,10,8,Im not familiar,3,Peaks my interest,3,How do i learn,4,0,NA,NA,NA,NA,NA,NA,NA,NA,NA,NA,NA,NA,NA,4,4,2,"I'm not opposed to the idea necessarily, I'm just not informed enough",NA,NA,2,1,1,0,5,4,NA,50,50,50,50,5,5,5,5,5,5,5,5,8,5,5,5,5,6,5,5,5,4,4,4,4,4,4,4,4,4,4,3,4,4,4,4,3,4,4,4,4,0,NA,7,9,4,2,I hadn't heard about it prior to this survey,50,Lawrence Livermore National Laboratory,Some high school or less,Female,"Less than $15,000",Metropolitan,White,No,Democrat,NA,I was not registered to vote,NA,South,Arkansas,Female,30-49,HS or less,White,South,Metropolitan,"< $50,000",Democrat,3rd or didn't vote,1.498993061894751
R_6hyATImCR44DI8y,2025-03-18T19:18:52Z,2025-03-18T19:28:42Z,1,30,5,90015,10,5,10,10,7,"Nuclear energy, power plants",2,Radiation,1,N/A,3,0,NA,NA,NA,NA,NA,NA,NA,NA,NA,NA,NA,NA,NA,4,3,1,It can be dangerous. I don't want to have experiments on population (thinking of Chernobyl.),NA,NA,4,0,0,0,4,5,NA,50,50,30,70,3,3,4,4,6,5,8,9,7,8,7,8,7,6,6,8,8,7,3,3,4,4,5,2,3,4,5,3,3,4,4,6,2,3,4,5,2,1,10,NA,8,2,5,It's promising but also scary.,10,US national laboratories for energy and security,"Some college, no degree",Male,"$75,000 to under $100,000",Metropolitan,White,No,Democrat,NA,I voted,Kamala Harris,West,California,Male,30-49,Some college/2-yr degree,White,West,Metropolitan,"> $50,000",Democrat,Kamala Harris,0.6288378375311372
R_7P9uzC1DtbfYqjv,2025-03-20T17:16:52Z,2025-03-20T17:49:27Z,1,67,47,99217,8,8,7,8,7,Uranium,4,Nuclear,4,Cost efficient,4,1,0,0,0,1,0,0,0,0,0,0,NA,7,4,4,7,7,NA,We have to get to sustainable energy. This is a way.,NA,4,1,1,0,2,NA,7,50,50,50,50,10,10,10,10,1,1,5,5,8,8,8,8,8,8,8,8,10,3,4,1,4,4,5,1,4,4,1,4,4,4,4,5,5,4,4,7,1,1,10,NA,10,1,3,No,50,US national laboratories for energy and security,Post-graduate degree,Female,"$50,000 to under $75,000",Metropolitan,Native American or American Indian,No,Democrat,NA,I voted,Kamala Harris,West,Washington,Female,65+,4-yr/post-graduate degree,Other,West,Metropolitan,"> $50,000",Democrat,Kamala Harris,0.7875923466815808
R_7MxZq3jbhH2Gs81,2025-03-19T16:23:36Z,2025-03-19T16:34:01Z,1,38,3,86303,9,8,8,8,10,Nuclear,1,Danger,1,Death,1,1,0,0,0,0,0,0,0,1,0,0,NA,4,2,1,4,4,NA,NA,So many unknowns and very risky,6,0,0,0,3,NA,4,0,100,0,100,4,2,4,5,5,5,5,6,4,4,5,4,5,5,4,5,5,4,1,1,1,3,2,2,4,4,1,1,2,3,5,3,2,3,1,1,3,1,4,NA,4,4,4,Nope,10,Lawrence Livermore National Laboratory,Post-graduate degree,Male,"$50,000 to under $75,000",Metropolitan,White,Yes,Independent,Neither,I voted,Someone else,West,Arizona,Male,30-49,4-yr/post-graduate degree,Hispanic,West,Metropolitan,"> $50,000",Independent,3rd or didn't vote,2.1247023822923676
R_5kmykLJGZrfvsGt,2025-03-19T18:44:06Z,2025-03-19T21:13:34Z,1,68,6,80020,9,7,7,7,10,nuclear,2,uncontrolled,2,why,2,1,0,1,0,0,0,0,0,0,0,0,NA,1,3,3,3,3,NA,NA,"I would need to learn more about it and the risks involved.
also, there are better ways than what we are doing now, so something needs to change",1,1,0,4,3,NA,5,100,0,10,90,10,10,10,10,6,7,9,9,5,1,5,5,5,5,5,3,5,0,2,2,2,2,2,2,2,4,1,3,3,3,3,3,4,3,4,1,2,1,7,NA,8,2,2,I would like to learn more in order to form opinions,50,Lawrence Livermore National Laboratory,4-year or bachelor degree,Female,"$75,000 to under $100,000",Metropolitan,White,No,Other or none,Neither,I voted,Someone else,West,Colorado,Female,65+,4-yr/post-graduate degree,White,West,Metropolitan,"> $50,000",Independent,3rd or didn't vote,2.049314124394069
R_1SnQpbxIoIWiIX7,2025-03-19T15:02:08Z,2025-03-19T15:23:43Z,1,33,32,11731,5,7,9,8,2,Technology,4,Future,5,Powerful,3,1,0,1,1,0,0,0,1,0,0,0,NA,3,2,3,6,1,I support fusion energy but I would want a facility to be in a remote region so any hazards are far away from communities where people live.,NA,NA,3,1,1,0,3,NA,4,100,0,30,70,8,10,9,8,9,8,7,9,7,2,2,5,4,2,9,2,6,0,5,6,4,3,7,3,5,3,6,3,2,4,3,1,6,3,3,3,1,0,NA,8,1,7,1,I am excited for the future of American Energy.,10,Lawrence Livermore National Laboratory,4-year or bachelor degree,Male,"$100,000 to under $150,000",Metropolitan,White,Yes,Republican,NA,I voted,Donald Trump,Northeast,New York,Male,30-49,4-yr/post-graduate degree,Hispanic,Northeast,Metropolitan,"> $50,000",Republican,Donald Trump,1.0391186450448993
R_3Mxv9cxh9Vqtth3,2025-03-19T17:28:11Z,2025-03-19T17:46:39Z,1,21,6,80521,6,3,6,4,8,expensive,2,excel,3,sustainable,4,0,NA,NA,NA,NA,NA,NA,NA,NA,NA,NA,NA,NA,NA,4,5,3,NA,NA,I think it sounds like a great idea but it does sound like it could be dangerous to harness that much energy near civilization,3,1,1,0,3,4,NA,50,50,30,70,10,8,9,6,9,7,9,8,2,8,7,6,7,5,8,7,6,3,4,5,2,3,7,2,5,4,6,4,5,4,4,7,4,6,4,6,2,1,7,NA,7,2,4,N/A,10,Lawrence Livermore National Laboratory,High school graduate or GED,Female,"$75,000 to under $100,000",Metropolitan,White,No,Democrat,NA,I voted,Kamala Harris,West,Colorado,Female,18-29,HS or less,White,West,Metropolitan,"> $50,000",Democrat,Kamala Harris,0.6536332359139192
R_7ALwRm4qH5ttyFj,2025-03-19T05:03:12Z,2025-03-19T05:19:07Z,1,28,32,10001,9,10,9,10,10,Cautious,4,Risky,2,Careful,4,0,NA,NA,NA,NA,NA,NA,NA,NA,NA,NA,NA,NA,NA,1,1,1,I feel we should not be messing around with what we don't fully understand yet. Having the power of the sun on earth isn't something we should even be talking about. This project should be stopped immediately,NA,NA,3,1,0,0,1,1,NA,40,60,30,70,7,7,9,8,7,9,8,10,0,6,6,9,8,4,4,9,5,0,4,4,4,4,4,4,5,4,4,7,7,6,7,7,7,7,7,7,2,1,10,NA,10,2,5,"I think it's not a good idea, for now we should focus on other issues going on in the country like Healthcare. We can't have the power of the sun on earth, there's a reason why the sun is where it's at, we shouldn't try to play God",50,Lawrence Livermore National Laboratory,4-year or bachelor degree,Male,"$100,000 to under $150,000",Metropolitan,White,No,Democrat,NA,I voted,Donald Trump,Northeast,New York,Male,18-29,4-yr/post-graduate degree,White,Northeast,Metropolitan,"> $50,000",Democrat,Donald Trump,0.9135453257484121
R_7DSLd1Z5aBvpCH8,2025-03-19T19:06:14Z,2025-03-19T19:29:00Z,1,28,6,80230,6,9,6,7,9,atoms,3,radioactive,3,innovative,4,0,NA,NA,NA,NA,NA,NA,NA,NA,NA,NA,NA,NA,NA,6,6,5,NA,NA,"I do have reservations about potential waste and the safety of that waste from fusion energy. I also have concerns about containment or leakage of this type of energy and associated waste in areas close to nature, wildlife, and human s",2,1,1,0,2,7,NA,40,60,30,70,10,10,10,9,7,4,7,8,7,6,9,10,9,9,8,7,8,7,4,4,4,4,5,2,4,4,7,4,4,4,4,3,6,5,4,5,3,1,10,NA,10,1,4,I have no other thoughts based on the information given in this survey,50,US national laboratories for energy and security,Post-graduate degree,Male,"$50,000 to under $75,000",Metropolitan,Black or African-American,No,Democrat,NA,I voted,Kamala Harris,West,Colorado,Male,18-29,4-yr/post-graduate degree,Black,West,Metropolitan,"> $50,000",Democrat,Kamala Harris,0.7794950592125433
R_6hoKMYYKhRVmWJQ,2025-03-18T20:01:50Z,2025-03-18T20:13:03Z,1,34,9,34758,9,7,5,6,8,Combine,4,Save,4,Economic,4,0,NA,NA,NA,NA,NA,NA,NA,NA,NA,NA,NA,NA,NA,5,5,5,NA,NA,I don't know. I need to know more,2,1,1,0,3,NA,5,60,40,40,60,9,10,7,7,4,3,5,5,8,8,6,5,9,5,8,7,8,5,4,4,5,4,7,4,4,4,5,4,4,4,4,2,4,3,4,4,2,1,7,NA,7,6,8,NA,10,Lawrence Livermore National Laboratory,4-year or bachelor degree,Male,"$75,000 to under $100,000",Metropolitan,Some other race,Yes,Republican,NA,I voted,Donald Trump,South,Florida,Male,30-49,4-yr/post-graduate degree,Hispanic,South,Metropolitan,"> $50,000",Republican,Donald Trump,1.0363783460566016
R_5IJX6sKiE1kXauF,2025-03-18T19:34:31Z,2025-03-18T19:42:06Z,1,48,43,76148,4,6,2,4,7,nuclear,3,dangerous,2,expensive,2,1,0,0,1,0,0,0,0,1,0,0,NA,3,2,2,3,2,The negative effects of this if something goes wrong. What are they?,NA,NA,6,0,0,1,4,2,NA,100,0,0,100,8,6,6,2,10,9,9,9,0,4,6,4,4,7,4,6,6,3,3,3,3,3,5,3,3,3,2,4,3,4,4,2,5,4,4,4,1,1,6,NA,6,2,0,No,50,Lawrence Livermore National Laboratory,2-year or associate degree,Female,"$50,000 to under $75,000",Metropolitan,White,No,Democrat,NA,I voted,Kamala Harris,South,Texas,Female,30-49,Some college/2-yr degree,White,South,Metropolitan,"> $50,000",Democrat,Kamala Harris,0.6026560148050413
R_7J3kHRO4gfxQ6Hd,2025-03-21T17:20:40Z,2025-03-21T17:28:43Z,1,19,20,20906,10,9,10,10,8,combining different energy together,4,two or more energy,3,chemical energy,3,0,NA,NA,NA,NA,NA,NA,NA,NA,NA,NA,NA,NA,NA,5,5,3,NA,NA,fusion energy sounds beneficial but it shouldnt be near residential areas for risk of hurting people,5,1,1,0,3,5,NA,60,40,60,40,9,9,9,8,4,7,6,8,0,9,10,7,8,7,8,9,9,5,4,5,4,5,7,5,4,5,7,4,5,4,4,2,7,4,6,2,1,0,NA,3,9,4,4,NA,50,Lawrence Livermore National Laboratory,High school graduate or GED,Female,"$150,000 to under $200,000",Metropolitan,Mixed race,No,Independent,The Democratic Party,I voted,Someone else,South,Maryland,Female,18-29,HS or less,Other,South,Metropolitan,"> $50,000",Independent,3rd or didn't vote,1.6772174912466875
R_5f38keiQuaw2U5Q,2025-03-19T16:28:12Z,2025-03-19T16:39:49Z,1,62,5,92037,7,7,5,8,7,Perpetual energy,5,Low cost,5,Hydorgen bomb,1,1,0,1,0,1,0,0,0,0,0,0,NA,3,1,6,5,5,NA,NA,I am not that sure of the dangers involved in fusion energy research.,2,1,1,0,5,6,NA,60,40,60,40,8,9,9,7,9,9,8,6,6,7,6,8,9,1,8,8,9,8,4,5,4,4,7,3,3,3,4,4,3,5,5,1,5,5,5,4,3,1,9,NA,8,4,6,I think fusion is safer than the nuclear energy process we use now.  The increase use of AI and data centers will require a substantial increase in energy supply.,10,US national laboratories for energy and security,Post-graduate degree,Male,"$150,000 to under $200,000",Metropolitan,White,No,Independent,The Democratic Party,I voted,Kamala Harris,West,California,Male,50-64,4-yr/post-graduate degree,White,West,Metropolitan,"> $50,000",Independent,Kamala Harris,0.6102258256364981
R_1c2vymUwTKQ8MlE,2025-03-19T17:07:11Z,2025-03-19T17:16:50Z,1,32,3,85085,10,8,10,10,8,Electricity,4,Physics,3,NA,NA,0,NA,NA,NA,NA,NA,NA,NA,NA,NA,NA,NA,NA,NA,4,6,6,NA,It seems interesting and useful,NA,2,1,1,0,2,7,NA,50,50,60,40,8,10,10,10,10,8,8,9,8,2,1,2,10,8,2,0,10,0,7,7,4,4,4,1,7,4,7,1,1,7,7,4,2,1,4,1,1,1,7,NA,10,6,1,No,10,US national laboratories for energy and security,2-year or associate degree,Male,"$50,000 to under $75,000",Metropolitan,Black or African-American,No,Republican,NA,I was not registered to vote,NA,West,Arizona,Male,30-49,Some college/2-yr degree,Black,West,Metropolitan,"> $50,000",Republican,3rd or didn't vote,1.97723025942526
R_6g0GZ59Qg4tVusl,2025-03-19T17:18:54Z,2025-03-19T18:12:30Z,1,54,3,85304,8,8,9,8,7,unknown,3,alternative,3,concern,3,0,NA,NA,NA,NA,NA,NA,NA,NA,NA,NA,NA,NA,NA,4,4,4,NA,NA,"I don't know enough about it but I also live close to a nuclear plant which gives concern but from what I do know, fusion energy is a cleaner way. I don't know if it is a safety issue.",3,1,NA,0,2,NA,5,60,40,20,80,8,8,8,8,9,7,7,8,8,7,7,8,8,6,7,8,7,6,3,3,3,3,2,3,3,3,5,3,3,3,3,5,3,3,3,3,2,NA,NA,NA,5,5,6,Definitely interesting and should learn more about it if it will be a forefront in the future.,50,Lawrence Livermore National Laboratory,2-year or associate degree,Female,"$100,000 to under $150,000",Metropolitan,White,No,Independent,The Republican Party,I voted,Donald Trump,West,Arizona,Female,50-64,Some college/2-yr degree,White,West,Metropolitan,"> $50,000",Independent,Donald Trump,0.6380973506746443
R_5g6oZAa4KzCpM4x,2025-03-24T06:24:16Z,2025-03-24T06:42:55Z,1,42,33,28091,10,10,10,10,10,Nuclear,1,Helion,4,Infinite,4,1,1,1,1,0,0,0,0,0,0,0,NA,10,2,4,1,7,"the difficulty in achieving and maintaining the necessary conditions (high temperatures and pressures), and the challenges in developing suitable materials that can withstand the extreme conditions.",NA,NA,2,1,1,2,3,4,NA,70,30,60,40,8,6,7,5,7,6,9,8,8,5,5,5,6,5,5,4,5,6,4,4,4,4,4,4,4,4,4,4,5,3,4,3,3,3,4,4,2,0,NA,4,5,3,6,No,10,US national laboratories for energy and security,High school graduate or GED,Female,"$50,000 to under $75,000",Non-metro,Black or African-American,No,Democrat,NA,I voted,Kamala Harris,South,North Carolina,Female,30-49,HS or less,Black,South,Non-metro,"> $50,000",Democrat,Kamala Harris,0.5716773566912325
R_3eYLmijNTcw5oDD,2025-03-21T18:07:54Z,2025-03-21T18:19:14Z,1,22,38,19567,7,7,10,9,10,expensive,1,scary,1,unsure,3,0,NA,NA,NA,NA,NA,NA,NA,NA,NA,NA,NA,NA,NA,1,1,1,We don't know all of the possible negatives of this form of energy or what could possibly happen of something goes wrong. I wouldn't want it anywhere near me.,NA,NA,3,1,0,0,2,5,NA,10,90,50,50,8,7,8,7,7,5,7,3,0,5,5,5,5,3,7,5,7,3,5,5,3,4,7,3,4,4,5,4,3,6,5,1,5,5,5,5,2,1,10,NA,10,2,0,I don't know much about it so it's hard to trust it at the moment. The more I hear about the it more my opinion will change.,10,US national laboratories for energy and security,"Some college, no degree",Female,"Less than $15,000",Metropolitan,White,No,Democrat,NA,I voted,Kamala Harris,Northeast,Pennsylvania,Female,18-29,Some college/2-yr degree,White,Northeast,Metropolitan,"< $50,000",Democrat,Kamala Harris,0.6160233940686041
R_5xnL2vijsRFxdsJ,2025-03-19T16:11:23Z,2025-03-19T16:22:02Z,1,28,12,83716,8,4,8,7,6,atoms fusing together,3,nuclear energy,2,nuclear bomb,1,2,NA,NA,NA,NA,NA,NA,NA,NA,NA,NA,NA,NA,NA,4,4,1,I'm afraid of a nuclear meltdown,NA,NA,3,1,1,0,3,5,NA,85,15,50,50,6,8,8,8,7,7,4,9,6,6,6,7,8,5,3,6,4,2,4,4,4,4,4,2,4,2,6,2,3,2,4,4,6,4,6,2,3,1,10,NA,8,4,4,"No, because I don't know much about it",10,US national laboratories for energy and security,High school graduate or GED,Female,"$15,000 to under $50,000",Non-metro,White,No,Independent,The Democratic Party,I voted,Kamala Harris,West,Idaho,Female,18-29,HS or less,White,West,Non-metro,"< $50,000",Independent,Kamala Harris,0.5192661304219579
R_6kzmKl1WYeDclkl,2025-03-19T18:31:12Z,2025-03-19T18:45:29Z,1,58,43,75125,10,7,10,10,10,Natural energy,4,State of art,3,Propane,5,2,NA,NA,NA,NA,NA,NA,NA,NA,NA,NA,NA,NA,NA,4,4,3,NA,NA,It could explode that’s why I am not comfortable with it,2,0,0,0,5,4,NA,90,10,10,90,5,8,5,6,10,5,1,4,7,4,4,4,4,4,4,4,4,4,3,3,3,3,3,3,3,3,3,3,3,3,3,3,3,3,3,3,3,1,0,NA,7,4,0,Fusion energy is the future but at what cost,50,Lawrence Livermore National Laboratory,"Some college, no degree",Female,"$15,000 to under $50,000",Metropolitan,Black or African-American,No,Democrat,NA,I did not vote,NA,South,Texas,Female,50-64,Some college/2-yr degree,Black,South,Metropolitan,"< $50,000",Democrat,3rd or didn't vote,1.58593895176574
R_5tCYNUjz6hG2HVk,2025-03-22T11:57:39Z,2025-03-22T12:07:15Z,1,32,38,19428,4,6,9,5,6,nuclear,4,reactor,2,toxic,2,1,0,1,0,1,0,0,0,1,0,0,NA,3,2,3,4,1,"I have read articles about fusion energy that say the waste is toxic for humans, animals, and the environment",NA,NA,3,1,1,0,2,NA,5,75,25,25,75,7,5,9,7,4,4,8,10,6,4,5,7,7,2,9,7,7,1,5,7,6,4,7,3,4,2,7,3,1,5,4,1,6,5,6,1,2,1,4,NA,4,4,4,NA,50,US national laboratories for energy and security,4-year or bachelor degree,Female,"$15,000 to under $50,000",Metropolitan,White,No,Democrat,NA,I voted,Kamala Harris,Northeast,Pennsylvania,Female,30-49,4-yr/post-graduate degree,White,Northeast,Metropolitan,"< $50,000",Democrat,Kamala Harris,0.5907648812293026
R_6gTnhZiVON4E8Lo,2025-03-18T19:40:33Z,2025-03-18T19:51:40Z,1,45,23,55123,8,6,10,8,7,Expensive,3,Confusing,3,Made-up,2,0,NA,NA,NA,NA,NA,NA,NA,NA,NA,NA,NA,NA,NA,4,4,4,NA,NA,I would need to learn more about what the facility would do. I don’t know if I would want to have a facility near me or not. Is it dangerous like a nuclear plant? Will it cause harm to its surroundings? Will nature need to be destroyed to build the facility? What will happen to my taxes? Will it cost me anything to have said facility built?,6,1,1,0,4,NA,4,80,20,50,50,8,6,5,7,6,4,5,8,4,3,5,5,6,3,3,4,8,0,3,3,3,3,3,3,3,3,3,3,3,3,3,3,3,3,3,3,4,0,NA,5,6,5,0,"If fusion energy can be separated from government control, we might stand a chance.",10,US national laboratories for energy and security,2-year or associate degree,Female,"$50,000 to under $75,000",Metropolitan,White,No,Republican,NA,I voted,Donald Trump,Midwest,Minnesota,Female,30-49,Some college/2-yr degree,White,Midwest,Metropolitan,"> $50,000",Republican,Donald Trump,0.8569129866684398
R_5dPXJfpRddXCFCq,2025-03-18T19:32:00Z,2025-03-18T19:44:59Z,1,18,12,83843,5,10,9,8,9,high potential technology,4,cheaper power potential,5,vulnerable to privatization,2,1,0,1,1,1,0,1,0,0,0,0,NA,3,1,6,7,7,NA,I find cheaper safer energy promising,NA,2,1,1,0,3,NA,5,0,100,50,50,10,10,10,10,4,6,7,4,0,8,8,9,9,5,7,8,10,4,5,3,4,4,5,3,4,5,6,3,3,5,5,3,7,6,5,2,2,1,10,NA,10,1,1,no,10,Lawrence Livermore National Laboratory,Some high school or less,Other,"$75,000 to under $100,000",Non-metro,White,Yes,Other or none,The Democratic Party,I was too young to vote,NA,West,Idaho,Female,18-29,HS or less,Hispanic,West,Non-metro,"> $50,000",Independent,3rd or didn't vote,2.014742217581475
R_1iaoywkl1aGqQNx,2025-03-19T01:23:20Z,2025-03-19T01:42:39Z,1,67,1,35226,10,9,10,9,10,mixture of things,4,synergy,5,options,4,0,NA,NA,NA,NA,NA,NA,NA,NA,NA,NA,NA,NA,NA,6,6,6,NA,"I would love to see a clean, safe, limitless source of energy. It could bring down costs for everyone. It could aid in helping those who are homeless keep warm in the winter and cool in the summer. Those of us who are housed could better afford our utility bills with such a source. It beats windmills and mining coal.",NA,2,1,1,0,2,NA,7,40,60,70,30,10,10,10,10,5,5,5,3,8,2,2,5,10,9,1,2,10,1,4,3,4,4,6,5,3,4,7,5,5,4,4,3,5,5,4,7,2,1,9,NA,10,1,0,"I would be wary of the current administration conducting any kind of accurate exploration of fusion energy. And if it works, it could be used by this administration as a weapon/tease to coerce other countries.",10,US national laboratories for energy and security,Post-graduate degree,Female,"$75,000 to under $100,000",Metropolitan,White,No,Independent,The Democratic Party,I voted,Kamala Harris,South,Alabama,Female,65+,4-yr/post-graduate degree,White,South,Metropolitan,"> $50,000",Independent,Kamala Harris,0.700975146449227
R_5CxnpLSHkd8GEIO,2025-03-20T12:40:02Z,2025-03-20T12:50:05Z,1,23,1,35111,6,6,7,7,7,combined,3,energy,3,combustion,3,2,NA,NA,NA,NA,NA,NA,NA,NA,NA,NA,NA,NA,NA,3,4,4,NA,NA,I'm not sure if it would have higher benefits than cons. I would like to see this but I'm not sure if I want it to start in my area.,5,1,1,0,3,4,NA,30,70,15,85,5,5,5,5,6,6,6,6,5,7,7,5,7,3,7,7,3,3,4,4,4,4,5,3,4,3,5,4,4,4,4,5,5,4,3,6,3,1,4,NA,7,4,6,N/A.,10,US national laboratories for energy and security,4-year or bachelor degree,Female,"$15,000 to under $50,000",Metropolitan,Mixed race,No,Republican,NA,I did not vote,NA,South,Alabama,Female,18-29,4-yr/post-graduate degree,Other,South,Metropolitan,"< $50,000",Republican,3rd or didn't vote,2.0818114325803228
R_1HG3PTh5KwgY0rq,2025-03-19T17:45:06Z,2025-03-19T17:58:57Z,1,58,7,06804,0,10,10,10,5,Nuclear energy,5,Renewalable energy,5,Clean energy,5,1,0,0,0,1,1,1,0,1,0,0,NA,10,3,7,7,7,NA,Some of the area of the world may be rich in raw minerals. That place can be a good source of raw materials and construction of enrichment plants to distribute the energy nearby.,NA,3,1,1,3,1,NA,4,70,30,95,5,5,6,4,10,5,1,1,5,5,5,4,5,4,3,3,3,4,4,4,4,4,4,4,4,4,4,4,4,5,5,5,3,5,5,5,5,4,1,5,NA,5,3,4,Nothing,10,Lawrence Livermore National Laboratory,Post-graduate degree,Male,"$50,000 to under $75,000",Metropolitan,Asian or Asian-American,No,Independent,Neither,I voted,Someone else,Northeast,Connecticut,Male,50-64,4-yr/post-graduate degree,Other,Northeast,Metropolitan,"> $50,000",Independent,3rd or didn't vote,1.762629626916757
R_573S0mnfQdrlSFC,2025-03-21T00:31:25Z,2025-03-21T02:11:48Z,1,26,9,32099,8,7,6,8,10,science,3,nuclear,2,new,3,0,NA,NA,NA,NA,NA,NA,NA,NA,NA,NA,NA,NA,NA,5,5,4,NA,NA,I don't know if it would eventually benefit or harm my town. It is for a good cause but there is not much research on it.,2,1,1,3,3,NA,5,90,10,70,30,6,6,7,8,9,9,7,6,2,8,6,9,5,2,6,8,8,2,4,4,4,4,5,3,5,5,6,3,4,3,4,4,5,3,5,7,2,1,10,NA,10,2,2,I want fusion energy to be taught to those close to facilities focused on fusion energy. I also am curious how it will be sustainable over time.,10,Lawrence Livermore National Laboratory,4-year or bachelor degree,Female,"$150,000 to under $200,000",Metropolitan,White,No,Democrat,NA,I was not registered to vote,NA,South,Florida,Female,18-29,4-yr/post-graduate degree,White,South,Metropolitan,"> $50,000",Democrat,3rd or didn't vote,2.1622281005854678
R_39oHEYkXgQUlqCt,2025-03-19T20:22:39Z,2025-03-19T20:28:01Z,1,42,21,02780,8,7,8,10,8,Combined energy,3,Neutron radiation,2,Not sure,3,0,NA,NA,NA,NA,NA,NA,NA,NA,NA,NA,NA,NA,NA,5,6,5,NA,NA,I’m not sure about the long term effects,2,1,1,0,5,NA,4,40,60,50,50,6,5,6,6,8,8,8,7,6,7,6,5,7,8,6,5,6,6,4,4,4,3,4,4,4,5,4,4,4,4,4,4,4,4,4,4,3,1,8,NA,8,4,6,Not really just not sure about long term effects,50,US national laboratories for energy and security,4-year or bachelor degree,Female,"$50,000 to under $75,000",Metropolitan,White,No,Democrat,NA,I did not vote,NA,Northeast,Massachusetts,Female,30-49,4-yr/post-graduate degree,White,Northeast,Metropolitan,"> $50,000",Democrat,3rd or didn't vote,1.9115040234423137
R_62LqTBCmToAsBuu,2025-03-19T17:49:54Z,2025-03-19T18:11:14Z,1,27,38,19406,10,10,10,10,10,Nuclear,3,Power,3,Synthetic,3,0,NA,NA,NA,NA,NA,NA,NA,NA,NA,NA,NA,NA,NA,4,5,5,NA,NA,I’m not a scientist so I don’t know the ins and outs as much,3,1,1,0,3,5,NA,50,50,40,60,6,6,6,6,6,6,6,6,3,6,2,5,7,8,6,4,8,3,4,3,4,3,6,4,4,4,6,5,3,3,5,5,4,5,4,7,2,1,7,NA,10,1,1,I’m for the research and development,10,US national laboratories for energy and security,4-year or bachelor degree,Male,"$75,000 to under $100,000",Metropolitan,Mixed race,Yes,Democrat,NA,I voted,Kamala Harris,Northeast,Pennsylvania,Male,18-29,4-yr/post-graduate degree,Hispanic,Northeast,Metropolitan,"> $50,000",Democrat,Kamala Harris,0.9278558613478277
R_7iwF5vzmHXap47c,2025-03-19T16:39:45Z,2025-03-19T16:58:38Z,1,36,32,11373,10,10,10,10,10,powerful,4,unique,4,powerful,4,1,0,0,1,0,0,0,0,0,0,0,NA,6,1,5,5,1,it might make too much sound and ruin my sleep schedule,NA,NA,3,1,1,0,1,NA,5,20,80,60,40,10,8,9,10,7,9,7,9,6,4,6,6,8,8,3,3,4,4,2,4,3,4,4,3,2,2,2,5,4,5,5,6,4,3,4,6,2,1,6,NA,10,2,7,it would provide energy to more people.,50,US national laboratories for energy and security,4-year or bachelor degree,Male,"$100,000 to under $150,000",Metropolitan,Asian or Asian-American,No,Democrat,NA,I voted,Kamala Harris,Northeast,New York,Male,30-49,4-yr/post-graduate degree,Other,Northeast,Metropolitan,"> $50,000",Democrat,Kamala Harris,0.6792526780795944
R_5tJ4PtOIT2KArW4,2025-03-19T16:05:39Z,2025-03-19T16:21:53Z,1,74,49,53954,7,7,9,7,8,Nuclear,5,What is it,3,How does it work,3,1,1,1,0,0,0,0,0,0,0,0,NA,1,1,5,6,5,NA,NA,It is an unknown development without any real applications yet available,3,1,1,0,1,NA,5,50,50,25,75,7,6,5,8,7,8,5,4,2,6,1,4,8,6,7,3,8,3,6,2,5,6,6,3,4,7,2,6,2,5,6,5,7,6,6,4,3,1,5,NA,8,3,2,Should be a slow ramp up process with many safeguards,10,US national laboratories for energy and security,4-year or bachelor degree,Male,"$75,000 to under $100,000",Metropolitan,White,No,Democrat,NA,I was not registered to vote,NA,Midwest,Wisconsin,Male,65+,4-yr/post-graduate degree,White,Midwest,Metropolitan,"> $50,000",Democrat,3rd or didn't vote,2.659993083718594
R_5CDG8EyNqY7y24u,2025-03-20T17:05:00Z,2025-03-20T17:11:05Z,1,20,9,33511,5,6,10,10,10,Boom,3,Confusing,2,Work,3,0,NA,NA,NA,NA,NA,NA,NA,NA,NA,NA,NA,NA,NA,5,4,5,NA,NA,It’s mixed because I can see how it will help a lot of people but does mean people don’t have to pay for renters anymore?,6,1,1,2,4,4,NA,50,50,50,50,7,8,8,7,7,4,4,6,8,8,7,4,7,9,6,8,8,8,6,5,3,3,4,5,4,5,6,5,2,4,5,5,4,5,7,5,4,0,NA,7,8,4,7,Hehsnana,50,US national laboratories for energy and security,High school graduate or GED,Female,"$15,000 to under $50,000",Metropolitan,Black or African-American,No,Independent,Neither,I did not vote,NA,South,Florida,Female,18-29,HS or less,Black,South,Metropolitan,"< $50,000",Independent,3rd or didn't vote,1.5216520032395977
R_1msxB66VMwDTOvf,2025-03-18T20:41:55Z,2025-03-18T21:00:24Z,1,55,7,06330,9,10,10,10,10,Power,4,Clean,5,Reaction,2,2,NA,NA,NA,NA,NA,NA,NA,NA,NA,NA,NA,NA,NA,6,6,5,NA,NA,Because of the risks I would rather it be further away from my house. If I had more information I may feel differently.,3,1,1,0,2,NA,7,50,50,50,50,10,10,10,10,5,10,5,10,10,5,5,10,10,5,10,5,10,5,4,4,4,4,7,1,4,4,4,4,4,4,4,1,7,4,4,4,2,1,9,NA,9,4,5,NA,50,Lawrence Livermore National Laboratory,High school graduate or GED,Female,"$50,000 to under $75,000",Metropolitan,White,No,Other or none,Neither,I did not vote,NA,Northeast,Connecticut,Female,50-64,HS or less,White,Northeast,Metropolitan,"> $50,000",Independent,3rd or didn't vote,1.4917635122816948
R_5Vj4N7HwfuU2waR,2025-03-20T16:52:22Z,2025-03-20T17:12:22Z,1,61,13,60123,10,10,10,10,10,"Scary,",2,Radiation,1,Poison,1,1,0,0,1,0,0,0,0,0,0,0,NA,3,1,2,4,1,I feel it’s way too new and too much is unknown,NA,NA,2,1,0,0,1,4,NA,50,50,50,50,6,1,5,6,8,6,6,1,6,5,7,6,5,6,3,4,4,2,2,5,5,4,3,5,4,4,7,3,4,2,5,5,4,4,4,4,2,1,5,NA,6,6,4,None,50,Lawrence Livermore National Laboratory,"Some college, no degree",Female,"$75,000 to under $100,000",Metropolitan,White,No,Democrat,NA,I voted,Kamala Harris,Midwest,Illinois,Female,50-64,Some college/2-yr degree,White,Midwest,Metropolitan,"> $50,000",Democrat,Kamala Harris,0.6757853598997569
R_6x4wZ7PsgiKJchb,2025-03-24T00:57:16Z,2025-03-24T01:02:44Z,1,62,13,60061,10,5,10,10,0,Electrical,3,Cost savings,3,NA,3,0,NA,NA,NA,NA,NA,NA,NA,NA,NA,NA,NA,NA,NA,4,4,4,NA,NA,Not too familiar with it,3,1,1,4,5,NA,4,35,65,40,60,5,5,6,7,7,5,5,5,5,5,4,6,6,6,6,6,4,7,4,5,5,5,4,4,4,4,4,4,4,3,4,4,5,4,4,4,2,0,NA,4,4,4,4,NA,10,US national laboratories for energy and security,4-year or bachelor degree,Male,"$100,000 to under $150,000",Metropolitan,White,No,Republican,NA,I voted,Donald Trump,Midwest,Illinois,Male,50-64,4-yr/post-graduate degree,White,Midwest,Metropolitan,"> $50,000",Republican,Donald Trump,0.9691447995256264
R_11L54GgvXHK8KKd,2025-03-21T12:32:00Z,2025-03-21T12:57:26Z,1,30,30,07024,7,5,10,3,9,lab made,3,science,3,combine,3,1,0,0,0,1,0,1,0,0,0,1,school,4,3,3,4,2,i dont know enough about iot or the health risks of being nearby,NA,NA,2,1,1,0,1,NA,4,60,40,10,90,9,8,10,6,8,5,8,8,0,8,8,5,8,8,6,4,7,7,4,2,4,4,5,2,3,4,5,4,5,4,4,2,6,5,3,5,2,1,10,NA,10,2,3,NA,10,Lawrence Livermore National Laboratory,Post-graduate degree,Female,"More than $200,000",Metropolitan,Mixed race,Yes,Democrat,NA,I did not vote,NA,Northeast,New Jersey,Female,30-49,4-yr/post-graduate degree,Hispanic,Northeast,Metropolitan,"> $50,000",Democrat,3rd or didn't vote,2.2921559430613905
R_6EcWT1sSt4Yabi4,2025-03-19T21:10:11Z,2025-03-19T21:30:43Z,1,37,37,97045,9,4,10,8,7,What is this,3,Costs?,3,Global warming?,3,1,0,0,1,0,0,1,0,0,0,0,NA,2,1,1,2,3,From what I have heard previously it is a dangerous thing to use or try and a lot of things can go wrong,NA,NA,3,0,0,1,2,2,NA,100,0,50,50,1,6,5,5,10,10,10,10,0,5,5,5,7,3,5,4,8,5,1,1,3,4,7,1,1,4,2,7,1,4,7,1,7,4,7,4,2,1,10,NA,8,2,3,NA,50,Lawrence Livermore National Laboratory,4-year or bachelor degree,Female,"$15,000 to under $50,000",Metropolitan,White,No,Independent,The Democratic Party,I voted,Kamala Harris,West,Oregon,Female,30-49,4-yr/post-graduate degree,White,West,Metropolitan,"< $50,000",Independent,Kamala Harris,0.5275176636650029
R_7Eh3g4Uk5STqyJt,2025-03-19T14:52:26Z,2025-03-19T14:58:51Z,1,38,40,29527,5,6,10,7,7,mixed energy,3,togetherness,4,mixing,3,0,NA,NA,NA,NA,NA,NA,NA,NA,NA,NA,NA,NA,NA,5,4,3,NA,NA,"I don’t really have any concrete feelings about it, don’t know enough about it to have a valid opinion.",2,1,0,0,3,NA,3,20,80,40,60,8,6,7,5,6,5,7,10,1,7,9,5,6,6,4,7,7,0,5,6,2,4,7,5,4,4,1,5,4,1,3,2,7,4,5,7,2,1,5,NA,7,3,2,NA,50,Lawrence Livermore National Laboratory,High school graduate or GED,Female,"$50,000 to under $75,000",Metropolitan,White,No,Other or none,The Democratic Party,I did not vote,NA,South,South Carolina,Female,30-49,HS or less,White,South,Metropolitan,"> $50,000",Independent,3rd or didn't vote,1.4853315259418751
R_5loPjDNjgD7HuCm,2025-03-18T19:27:09Z,2025-03-18T19:41:20Z,1,38,14,46601,10,10,10,10,10,Unknown,2,Confused,2,Intrigued,3,0,NA,NA,NA,NA,NA,NA,NA,NA,NA,NA,NA,NA,NA,7,7,7,NA,"As we can all see but some refuse to believe we have a climate problem, natural disasters at an all time high. I would be open to supporting clean energy that could help us curve climate disasters.",NA,2,1,1,0,1,NA,7,70,30,30,70,9,9,9,10,8,3,5,8,10,4,4,6,10,8,10,4,10,3,7,7,5,4,7,3,7,4,7,1,1,4,4,6,5,2,4,1,2,1,10,NA,10,2,1,"Thank you for the information, It's great to see alternatives to Fossil Fuels still being researched. Anything that will help take care of the problem we have caused for future generations.",50,US national laboratories for energy and security,4-year or bachelor degree,Male,"$75,000 to under $100,000",Metropolitan,Some other race,Yes,Democrat,NA,I voted,Kamala Harris,Midwest,Indiana,Male,30-49,4-yr/post-graduate degree,Hispanic,Midwest,Metropolitan,"> $50,000",Democrat,Kamala Harris,0.9134191659079035
R_3zCTgUByqgwpzfw,2025-03-18T22:01:40Z,2025-03-18T22:07:53Z,1,19,37,97306,3,5,8,6,9,green energy,5,nuclear energy,5,sustainability,5,1,1,1,1,1,1,0,1,1,0,0,NA,7,1,7,7,6,NA,"The location would both provide jobs for the area, as well as cut down massively on local electricity costs.",NA,3,1,0,3,3,NA,6,50,50,40,60,10,7,7,1,1,5,2,3,0,5,2,6,9,6,2,0,7,1,6,7,3,4,5,1,7,3,6,2,1,6,5,3,5,1,4,3,1,1,10,NA,10,1,4,NA,50,Lawrence Livermore National Laboratory,"Some college, no degree",Female,"$75,000 to under $100,000",Metropolitan,White,No,Democrat,NA,I voted,Kamala Harris,West,Oregon,Female,18-29,Some college/2-yr degree,White,West,Metropolitan,"> $50,000",Democrat,Kamala Harris,0.6870370461399636
R_5C2zkuZopL5fKl0,2025-03-19T21:18:04Z,2025-03-20T02:55:55Z,1,56,28,89031,10,10,10,10,10,Hot,2,Powerful,4,Explosive,2,0,NA,NA,NA,NA,NA,NA,NA,NA,NA,NA,NA,NA,NA,4,4,4,NA,NA,I am worried about the possible dangers harnessing this power.,4,1,1,0,2,NA,5,50,50,40,60,10,10,10,10,6,3,7,6,7,6,5,6,6,4,6,7,8,3,5,3,4,5,3,3,4,5,2,4,3,4,6,3,3,4,5,1,2,1,6,NA,6,6,4,None,50,US national laboratories for energy and security,Post-graduate degree,Female,"$100,000 to under $150,000",Metropolitan,White,No,Republican,NA,I voted,Donald Trump,West,Nevada,Female,50-64,4-yr/post-graduate degree,White,West,Metropolitan,"> $50,000",Republican,Donald Trump,0.838272298140684
R_51mkNBumGy1OAco,2025-03-23T05:17:23Z,2025-03-23T05:31:45Z,1,42,43,77090,5,6,8,8,5,Radar maybe laser infused energy,3,Laser,3,Energy,3,0,NA,NA,NA,NA,NA,NA,NA,NA,NA,NA,NA,NA,NA,3,3,3,NA,NA,I don't know much about fusion energy to make a well informed decision but anything new that the government is for or pushing too much to people I'm always leery of... They don't have a trustworthy track record,2,0,0,0,2,2,NA,90,10,10,90,2,3,3,1,7,7,8,9,2,1,3,2,6,3,1,2,4,0,3,5,4,4,5,3,3,4,7,3,2,4,4,2,6,4,4,7,2,0,NA,6,4,2,2,No. I just hope that it is a long way of,10,Lawrence Livermore National Laboratory,High school graduate or GED,Female,"$15,000 to under $50,000",Metropolitan,Mixed race,No,Other or none,Neither,I did not vote,NA,South,Texas,Female,30-49,HS or less,Other,South,Metropolitan,"< $50,000",Independent,3rd or didn't vote,1.3293033210749157
R_7jcysmvIDJmFrfr,2025-03-18T21:44:48Z,2025-03-18T21:50:15Z,1,53,39,02908,7,10,10,3,10,Nuclear,1,NA,NA,NA,NA,1,0,0,0,0,0,0,0,0,1,0,NA,7,4,1,1,1,It is unsafe - FULL STOP,NA,NA,6,0,0,0,4,1,NA,50,50,10,90,5,5,5,5,5,5,5,5,5,5,5,5,5,5,5,5,5,5,1,1,5,4,5,4,1,4,4,3,4,5,4,3,4,3,4,5,3,1,10,NA,10,1,0,None,50,Lawrence Livermore National Laboratory,4-year or bachelor degree,Male,"$100,000 to under $150,000",Metropolitan,White,No,Independent,The Democratic Party,I voted,Kamala Harris,Northeast,Rhode Island,Male,50-64,4-yr/post-graduate degree,White,Northeast,Metropolitan,"> $50,000",Independent,Kamala Harris,0.6086951320645271
R_5LcmJcpGpNTiwKV,2025-03-20T18:38:27Z,2025-03-20T18:45:55Z,1,39,36,74745,7,7,7,4,10,futuristic,4,not happening,3,I don't know what it is,3,0,NA,NA,NA,NA,NA,NA,NA,NA,NA,NA,NA,NA,NA,4,5,6,NA,NA,"It's new to me, and I am open to new energy sources, so would be fine with a plant near me, both for jobs/economy and clean energy.",4,1,1,0,1,7,NA,90,10,50,50,10,4,10,5,9,6,10,3,7,0,0,5,5,5,5,0,5,0,3,3,4,3,4,4,3,4,4,2,3,5,4,4,5,2,5,2,2,1,10,NA,10,2,0,NA,50,Lawrence Livermore National Laboratory,Post-graduate degree,Female,"$150,000 to under $200,000",Non-metro,Native American or American Indian,No,Democrat,NA,I voted,Kamala Harris,South,Oklahoma,Female,30-49,4-yr/post-graduate degree,Other,South,Non-metro,"> $50,000",Democrat,Kamala Harris,0.6475442148020896
R_7QgS5sE5Q4DBy37,2025-03-19T23:48:40Z,2025-03-20T00:00:02Z,1,41,20,21229,10,9,10,10,10,Combo,3,power,4,nucleus,3,0,NA,NA,NA,NA,NA,NA,NA,NA,NA,NA,NA,NA,NA,4,2,3,how would it effect my community how will it operrate without hurting people around it how long will it last and if all fail then what,NA,NA,1,1,1,3,3,NA,5,60,40,0,100,6,8,8,5,9,9,6,2,10,0,0,0,0,0,0,0,0,0,4,1,1,5,3,7,3,3,4,6,1,5,6,2,3,5,1,3,3,1,5,NA,5,4,0,n/a,10,Lawrence Livermore National Laboratory,2-year or associate degree,Female,"$75,000 to under $100,000",Metropolitan,Mixed race,Yes,Republican,NA,I voted,Donald Trump,South,Maryland,Female,30-49,Some college/2-yr degree,Hispanic,South,Metropolitan,"> $50,000",Republican,Donald Trump,0.9179016690154636
R_3CkBahQlKCzs2IW,2025-03-18T19:20:01Z,2025-03-18T19:35:23Z,1,65,27,68154,9,10,10,7,7,energy,3,sun,4,temperature,4,0,NA,NA,NA,NA,NA,NA,NA,NA,NA,NA,NA,NA,NA,5,6,3,NA,NA,If it were to blow up I would not want to be near it.,2,1,1,0,2,NA,5,45,55,55,45,9,10,4,8,6,8,9,9,8,9,7,7,8,4,10,6,9,2,5,6,3,2,6,2,4,2,2,1,2,5,4,3,5,4,5,5,4,1,7,NA,8,5,1,NA,50,US national laboratories for energy and security,"Some college, no degree",Female,"$50,000 to under $75,000",Metropolitan,White,No,Democrat,NA,I voted,Kamala Harris,Midwest,Nebraska,Female,65+,Some college/2-yr degree,White,Midwest,Metropolitan,"> $50,000",Democrat,Kamala Harris,0.8100092634532436
R_3jqD5i1JhFyoDSk,2025-03-19T17:22:27Z,2025-03-19T17:32:41Z,1,42,35,44314,8,6,8,10,5,Nuclear,4,Radiation,2,Efficient,5,0,NA,NA,NA,NA,NA,NA,NA,NA,NA,NA,NA,NA,NA,5,5,5,NA,NA,"I’m not sure how dangerous it would be to the local community, but I am open to it and learning more about it.",3,1,1,0,3,5,NA,70,30,75,25,7,10,9,9,9,8,8,7,10,8,6,8,8,7,8,9,8,7,3,5,4,4,5,4,5,4,5,5,7,4,4,5,3,4,5,5,2,0,NA,5,8,4,4,NA,50,Lawrence Livermore National Laboratory,4-year or bachelor degree,Female,"$75,000 to under $100,000",Metropolitan,White,No,Republican,NA,I voted,Donald Trump,Midwest,Ohio,Female,30-49,4-yr/post-graduate degree,White,Midwest,Metropolitan,"> $50,000",Republican,Donald Trump,0.9320244116500294
R_7ODYIoBj1dncWel,2025-03-18T20:44:18Z,2025-03-18T20:50:03Z,1,32,5,91016,4,10,10,3,10,Safe,4,Renewable,4,Future,4,1,0,1,1,1,0,0,0,0,0,0,NA,3,2,6,6,5,NA,NA,"Not sure of potential side effects, if any",3,1,1,0,3,NA,6,15,85,50,50,10,10,10,8,1,1,4,6,6,5,5,5,5,5,4,5,6,2,4,4,4,4,4,4,4,4,4,4,4,4,4,4,4,4,4,2,1,1,10,NA,10,2,0,NA,10,Lawrence Livermore National Laboratory,Post-graduate degree,Male,"$75,000 to under $100,000",Metropolitan,White,No,Democrat,NA,I voted,Kamala Harris,West,California,Male,30-49,4-yr/post-graduate degree,White,West,Metropolitan,"> $50,000",Democrat,Kamala Harris,0.6839576767611849
R_72G7H8aU7Wdshwu,2025-03-21T20:15:41Z,2025-03-21T20:27:10Z,1,38,42,37920,6,8,10,7,7,Intriguing,5,Advanced,3,Wish I knew more,5,0,NA,NA,NA,NA,NA,NA,NA,NA,NA,NA,NA,NA,NA,6,6,7,NA,"Intriguing why not
",NA,5,1,1,0,1,NA,6,50,50,10,90,10,10,10,10,6,1,7,1,6,6,5,5,8,4,6,6,7,6,4,6,5,4,6,2,4,4,5,4,2,3,4,3,5,4,4,3,2,1,6,NA,7,4,4,NA,50,US national laboratories for energy and security,High school graduate or GED,Male,"$15,000 to under $50,000",Metropolitan,White,No,Democrat,NA,I voted,Donald Trump,South,Tennessee,Male,30-49,HS or less,White,South,Metropolitan,"< $50,000",Democrat,Donald Trump,0.6316571379488916
R_3FciBTDzyalnZCh,2025-03-19T16:11:14Z,2025-03-19T16:25:04Z,1,26,18,71433,7,8,9,8,10,Efficiency,3,Sustainable,3,Different,3,0,NA,NA,NA,NA,NA,NA,NA,NA,NA,NA,NA,NA,NA,1,1,1,"I think there are some things that are better left alone. Because we don't really know what could happen. And if everything goes wrong, it will be too late to save our planet. Or ourselves",NA,NA,2,1,0,0,4,7,NA,70,30,30,70,10,10,10,10,1,1,1,1,3,9,10,3,6,4,6,6,9,5,4,4,3,4,6,1,4,4,6,4,4,3,4,6,3,4,3,6,3,1,3,NA,10,4,0,NA,10,US national laboratories for energy and security,High school graduate or GED,Female,"$15,000 to under $50,000",Metropolitan,White,No,Democrat,NA,I voted,Donald Trump,South,Louisiana,Female,18-29,HS or less,White,South,Metropolitan,"< $50,000",Democrat,Donald Trump,0.6901172740072941
R_338WMXx15JY7kfh,2025-03-18T20:28:13Z,2025-03-18T20:50:31Z,1,43,23,55070,10,8,10,7,10,Combined,3,Can't be done,2,Expensive to research,1,1,0,1,0,1,0,0,1,0,0,0,NA,4,2,4,4,1,"Given the potential risks and overall instability with the process...I would not want to become particles. Explosion, contamination, poisonous",NA,NA,3,1,0,3,1,4,NA,55,45,35,65,7,4,4,4,9,8,7,8,5,2,1,5,6,3,3,2,7,0,1,5,3,3,6,1,1,6,1,7,6,4,4,4,7,7,5,7,3,0,NA,7,9,4,0,It may be or could be a totally awesome solution in the future but that is a long ways away and I think by then we may have already found something that can do a better job,50,Lawrence Livermore National Laboratory,"Some college, no degree",Male,"$50,000 to under $75,000",Metropolitan,White,No,Other or none,Neither,I did not vote,NA,Midwest,Minnesota,Male,30-49,Some college/2-yr degree,White,Midwest,Metropolitan,"> $50,000",Independent,3rd or didn't vote,1.8143060335953294
R_5rYnVQ8fkspnIc1,2025-03-19T16:57:52Z,2025-03-19T17:13:18Z,1,26,36,73162,10,9,10,10,6,Fusion,4,Energy,5,Term,3,0,NA,NA,NA,NA,NA,NA,NA,NA,NA,NA,NA,NA,NA,7,7,7,NA,"Well, I don’t mind the construction because I live in apartment complex area construction almost every day and honestly, the fusion energy sounds like the best source of energy",NA,3,1,1,0,3,5,NA,30,70,50,50,9,10,10,9,5,5,6,5,10,9,8,8,9,8,9,9,10,0,4,5,3,7,7,4,1,1,7,4,7,1,5,4,3,6,4,7,2,0,NA,6,8,4,0,I feel like you’ve been energy would be a reliable energy source rather than getting electricity from the ground or the sun,10,Lawrence Livermore National Laboratory,High school graduate or GED,Female,"$50,000 to under $75,000",Metropolitan,White,No,Republican,NA,I voted,Donald Trump,South,Oklahoma,Female,18-29,HS or less,White,South,Metropolitan,"> $50,000",Republican,Donald Trump,0.825951002458293
R_7rNFaeVd7OPVc2r,2025-03-19T19:07:35Z,2025-03-19T19:24:09Z,1,21,35,44870,6,8,6,8,5,energy,3,expensive,2,innovative,4,0,NA,NA,NA,NA,NA,NA,NA,NA,NA,NA,NA,NA,NA,5,5,5,NA,NA,ion want them polluting my air,1,1,0,0,2,6,NA,25,75,65,35,6,8,7,7,7,7,7,5,7,8,6,9,7,5,7,7,6,8,6,4,5,5,5,5,5,4,5,5,4,6,5,5,5,6,5,6,2,0,NA,8,7,4,7,nope,50,US national laboratories for energy and security,High school graduate or GED,Male,"$15,000 to under $50,000",Non-metro,Black or African-American,No,Independent,Neither,I voted,Someone else,Midwest,Ohio,Male,18-29,HS or less,Black,Midwest,Non-metro,"< $50,000",Independent,3rd or didn't vote,1.7545790637025902
R_5zxmhLPnBXhYkb7,2025-03-19T00:24:03Z,2025-03-19T00:52:06Z,1,38,44,84663,7,8,8,7,5,Nuclear,4,Combining sources,4,Renewable,5,1,1,1,1,0,0,0,0,1,0,0,NA,4,2,6,5,5,NA,NA,"Interested in the benefits, but of course concerned  about anything catastrophic happening.",3,1,1,0,2,6,NA,75,25,50,50,8,7,10,5,3,3,9,3,9,6,5,5,6,5,6,5,7,5,5,6,4,3,5,2,4,5,6,4,3,3,4,5,5,4,6,4,2,0,NA,8,3,6,2,NA,50,US national laboratories for energy and security,High school graduate or GED,Male,"$75,000 to under $100,000",Metropolitan,White,No,Independent,Neither,I voted,Donald Trump,West,Utah,Male,30-49,HS or less,White,West,Metropolitan,"> $50,000",Independent,Donald Trump,0.6291334068210228
R_3PifZinbXBy9bja,2025-03-20T18:54:42Z,2025-03-20T20:27:48Z,1,29,10,30316,7,7,8,3,4,NA,1,NA,4,NA,3,0,NA,NA,NA,NA,NA,NA,NA,NA,NA,NA,NA,NA,NA,3,4,3,NA,NA,It's just deep,3,1,1,1,1,2,NA,20,80,60,40,4,2,7,6,6,5,6,4,4,7,6,3,7,7,8,6,5,7,3,3,3,2,3,2,5,4,4,2,1,3,3,3,3,1,2,2,2,1,6,NA,7,3,3,It's a saver,50,US national laboratories for energy and security,"Some college, no degree",Male,"$15,000 to under $50,000",Metropolitan,Black or African-American,No,Democrat,NA,I did not vote,NA,South,Georgia,Male,18-29,Some college/2-yr degree,Black,South,Metropolitan,"< $50,000",Democrat,3rd or didn't vote,1.8640664820138568
R_3qfixoaz5bd5ls3,2025-03-19T16:05:49Z,2025-03-19T16:11:25Z,1,29,5,92704,7,10,7,9,8,Future,5,unrealistic,4,Great,4,1,0,1,0,0,0,0,0,0,0,0,NA,4,1,7,6,6,NA,It's a great way to produce cheap affordable energy,NA,3,1,1,0,5,NA,7,50,50,50,50,9,9,7,9,8,7,8,10,9,8,8,10,9,10,10,9,9,9,5,5,6,7,6,5,7,7,6,6,7,7,6,7,6,6,6,5,1,0,NA,4,5,6,8,Nothing at all at the momment,10,US national laboratories for energy and security,4-year or bachelor degree,Male,"$150,000 to under $200,000",Metropolitan,Asian or Asian-American,No,Republican,NA,I voted,Donald Trump,West,California,Male,18-29,4-yr/post-graduate degree,Other,West,Metropolitan,"> $50,000",Republican,Donald Trump,0.9809636894109782
R_7rZLi1IcRoyUKOt,2025-03-19T21:02:31Z,2025-03-19T21:10:03Z,1,18,12,83201,7,7,9,8,10,Nuclear,4,Wind,4,Renewable,5,1,0,0,1,1,0,0,0,0,0,0,NA,3,3,5,5,6,NA,NA,I think that any source of renewable energy is good,4,1,1,2,2,5,NA,65,35,25,75,8,7,8,9,8,7,4,6,0,7,9,9,8,4,7,8,10,4,4,2,2,4,1,1,3,4,6,3,6,3,4,7,7,4,4,5,1,1,10,NA,10,2,4,NA,10,US national laboratories for energy and security,Some high school or less,Female,"$75,000 to under $100,000",Metropolitan,White,No,Democrat,NA,I was too young to vote,NA,West,Idaho,Female,18-29,HS or less,White,West,Metropolitan,"> $50,000",Democrat,3rd or didn't vote,1.9010891275917752
R_1xBvJUHSRQNeCeR,2025-03-20T07:57:15Z,2025-03-20T08:13:38Z,1,36,46,22903,10,5,10,5,10,Futuristic,4,Safe,5,Carbon free,5,1,0,1,1,0,0,1,0,0,0,0,NA,5,3,6,7,7,NA,I feel like fusion energy would be good for our planet and safer for our environment.,NA,2,1,1,4,3,NA,4,25,75,60,40,10,10,10,10,5,3,3,8,0,8,7,8,10,9,10,8,10,5,5,5,5,4,3,4,5,4,6,3,3,3,4,4,4,2,4,2,1,1,5,NA,7,1,1,I look forward to trying it out and seeing where it goes,10,US national laboratories for energy and security,High school graduate or GED,Female,"$50,000 to under $75,000",Metropolitan,Mixed race,No,Democrat,NA,I did not vote,NA,South,Virginia,Female,30-49,HS or less,Other,South,Metropolitan,"> $50,000",Democrat,3rd or didn't vote,1.6602928742482288
R_6KN2oYhBAe0gDvI,2025-03-20T13:39:58Z,2025-03-20T13:54:19Z,1,72,16,66606,8,9,8,9,9,Nuclear plants,3,Energy drinks,4,Don’t know,3,0,NA,NA,NA,NA,NA,NA,NA,NA,NA,NA,NA,NA,NA,3,4,4,NA,NA,Still have thoughts of plants exploding,2,1,1,0,5,3,NA,75,25,50,50,8,8,10,7,9,9,7,8,8,5,6,7,9,8,8,5,8,5,1,2,1,4,3,2,2,4,2,3,4,3,4,4,5,3,5,4,3,1,5,NA,7,3,1,No,50,US national laboratories for energy and security,"Some college, no degree",Female,"$50,000 to under $75,000",Metropolitan,White,No,Independent,The Democratic Party,I voted,Kamala Harris,Midwest,Kansas,Female,65+,Some college/2-yr degree,White,Midwest,Metropolitan,"> $50,000",Independent,Kamala Harris,0.7214754647938056
R_1V7vy50uFfx1YgF,2025-03-20T00:18:01Z,2025-03-20T00:24:29Z,1,62,10,30354,10,10,10,10,10,NA,5,NA,5,NA,5,1,1,0,0,0,0,0,1,0,0,0,NA,10,2,7,7,7,NA,Very good,NA,5,1,1,3,1,7,NA,75,25,75,25,10,10,10,10,10,10,10,10,10,10,10,10,10,10,10,10,10,10,7,7,7,7,7,7,7,7,7,7,7,7,7,7,7,7,7,7,1,1,10,NA,10,1,10,No,50,US national laboratories for energy and security,4-year or bachelor degree,Female,"$150,000 to under $200,000",Metropolitan,Black or African-American,No,Democrat,NA,I voted,Kamala Harris,South,Georgia,Female,50-64,4-yr/post-graduate degree,Black,South,Metropolitan,"> $50,000",Democrat,Kamala Harris,0.6597826226346609
R_7KjUz9ll12u8kcV,2025-03-21T16:43:33Z,2025-03-21T16:48:15Z,1,25,27,68018,5,7,7,5,4,utility,3,power,4,money,3,0,NA,NA,NA,NA,NA,NA,NA,NA,NA,NA,NA,NA,NA,4,3,5,NA,NA,the whole concept is quite confusing and without knowing more,1,1,1,0,3,4,NA,30,70,80,20,4,4,7,8,5,5,8,7,4,7,4,8,4,6,7,8,2,9,6,4,4,3,4,4,6,3,6,2,2,1,6,6,2,5,2,1,3,0,NA,0,3,4,0,no,50,US national laboratories for energy and security,High school graduate or GED,Male,"$15,000 to under $50,000",Metropolitan,White,No,Independent,Neither,I voted,Donald Trump,Midwest,Nebraska,Male,18-29,HS or less,White,Midwest,Metropolitan,"< $50,000",Independent,Donald Trump,0.7143245834215476
R_5GywfHDlZWEOFe2,2025-03-22T16:45:06Z,2025-03-22T16:57:01Z,1,43,15,52501,6,7,2,5,5,Nuclear,3,Power,4,Cheap,5,1,0,0,0,1,0,0,0,0,0,0,NA,8,2,4,7,7,NA,It's cheap clean energy if well managed,NA,2,1,1,2,1,3,NA,90,10,90,10,9,8,9,8,5,6,4,3,8,2,2,2,3,4,3,2,3,6,3,2,2,3,2,4,2,3,3,3,3,3,3,3,2,3,4,4,2,1,5,NA,1,6,0,NA,10,Lawrence Livermore National Laboratory,High school graduate or GED,Male,"$50,000 to under $75,000",Non-metro,White,No,Republican,NA,I voted,Someone else,Midwest,Iowa,Male,30-49,HS or less,White,Midwest,Non-metro,"> $50,000",Republican,3rd or didn't vote,2.0686575852141638
R_5jeNyB4iYQtN4nw,2025-03-21T04:01:33Z,2025-03-21T04:19:58Z,1,32,10,30310,10,10,10,10,10,More fuel,5,Less waste,5,Safety,5,1,0,0,1,1,0,0,0,1,0,0,NA,5,1,5,6,7,NA,It’s beneficial for clean energy,NA,3,1,1,3,2,5,NA,60,40,70,30,10,8,10,10,6,7,9,6,10,10,10,9,10,5,6,10,10,5,4,5,4,4,6,6,5,4,6,4,4,4,4,7,6,4,4,7,1,1,8,NA,9,4,6,It’s beneficial and could create lasting new ways for us to create energy safely,50,Lawrence Livermore National Laboratory,4-year or bachelor degree,Female,"$15,000 to under $50,000",Metropolitan,Black or African-American,No,Independent,Neither,I did not vote,NA,South,Georgia,Female,30-49,4-yr/post-graduate degree,Black,South,Metropolitan,"< $50,000",Independent,3rd or didn't vote,1.533835678135201
R_3YqUe64bjEy9yW7,2025-03-19T18:05:33Z,2025-03-19T18:17:36Z,1,67,5,95640,8,6,7,9,5,clean cheap power,5,a great solution,5,safe,5,1,1,0,0,0,0,0,0,1,0,0,NA,7,3,6,7,6,NA,It is clean energy and a great solution to America's growing power demands,NA,2,1,1,0,1,6,NA,50,50,30,70,10,10,9,9,2,4,4,3,8,9,8,10,10,1,10,9,9,6,4,4,4,5,7,4,4,4,7,4,4,4,4,1,5,4,4,2,2,1,7,NA,7,5,6,NA,50,Lawrence Livermore National Laboratory,"Some college, no degree",Male,"$100,000 to under $150,000",Non-metro,White,No,Democrat,NA,I voted,Kamala Harris,West,California,Male,65+,Some college/2-yr degree,White,West,Non-metro,"> $50,000",Democrat,Kamala Harris,0.749145421648037
R_6HAbvsspSuDhl0l,2025-03-19T18:57:13Z,2025-03-19T19:05:04Z,1,72,8,19975,8,8,10,10,7,Nuclear energy policy,3,Value of energy,4,Cost associated with energy,4,0,NA,NA,NA,NA,NA,NA,NA,NA,NA,NA,NA,NA,NA,2,4,5,NA,NA,Afraid of the danger associated with fusion energy,2,1,1,0,4,NA,4,70,30,70,30,9,9,9,9,8,8,10,10,10,10,9,10,9,7,9,9,9,7,7,7,7,7,7,7,6,6,7,6,6,6,6,6,6,6,6,6,1,1,8,NA,7,5,5,I am concerned about the dangers of fusion energy.,10,US national laboratories for energy and security,"Some college, no degree",Male,"$150,000 to under $200,000",Metropolitan,White,No,Republican,NA,I voted,Donald Trump,South,Delaware,Male,65+,Some college/2-yr degree,White,South,Metropolitan,"> $50,000",Republican,Donald Trump,0.9540470737966243
R_5oys09KKYZ2lAFX,2025-03-18T21:07:06Z,2025-03-20T18:12:12Z,1,39,38,19073,5,6,8,6,8,Nuclear,4,Radioactive,3,Reactor,3,1,0,1,0,0,0,0,0,0,0,0,NA,4,3,4,5,4,NA,NA,Want to have a good understanding of risks and safety protocols,3,0,1,0,2,6,NA,50,50,25,75,9,10,7,5,5,5,10,1,8,6,5,8,10,4,10,6,8,5,3,3,4,4,6,1,3,4,7,2,3,3,4,7,7,4,4,5,2,1,8,NA,8,4,3,NA,10,US national laboratories for energy and security,Post-graduate degree,Male,"More than $200,000",Metropolitan,White,No,Independent,Neither,I voted,Kamala Harris,Northeast,Pennsylvania,Male,30-49,4-yr/post-graduate degree,White,Northeast,Metropolitan,"> $50,000",Independent,Kamala Harris,0.6076731596459458
R_5IML49s6o5z0FiY,2025-03-20T21:17:40Z,2025-03-20T21:23:35Z,1,19,9,34684,5,6,8,3,7,Endless,5,Distant,3,Future,5,1,1,1,1,1,0,0,0,1,0,0,NA,5,2,6,7,4,NA,NA,"There is currently very little information surrounding the risks of fusion. I have few doubts about the safety, but I would still like to understand them better before supporting a proposal.",4,1,1,3,3,7,NA,30,70,20,80,9,9,9,9,6,3,8,4,10,6,6,5,7,5,7,6,7,3,4,4,4,4,3,2,4,3,5,4,6,4,5,5,7,5,5,5,1,1,8,NA,8,3,3,NA,50,Lawrence Livermore National Laboratory,4-year or bachelor degree,Male,"More than $200,000",Metropolitan,Asian or Asian-American,No,Independent,The Democratic Party,I voted,Kamala Harris,South,Florida,Male,18-29,4-yr/post-graduate degree,Other,South,Metropolitan,"> $50,000",Independent,Kamala Harris,0.6843672699661488
R_3sYDqGv6NzvDxdU,2025-03-19T16:24:01Z,2025-03-19T16:31:47Z,1,51,43,77406,8,8,3,8,2,Never heard of it,3,No idea,3,No idea,3,0,NA,NA,NA,NA,NA,NA,NA,NA,NA,NA,NA,NA,NA,2,4,1,I don’t know enough about about it to make an educated decision,NA,NA,4,0,0,0,5,4,NA,50,50,20,80,7,8,8,7,10,10,10,8,8,0,0,0,3,0,0,1,0,0,6,5,6,5,1,3,6,5,7,1,3,3,4,7,7,5,5,6,4,0,NA,2,4,4,0,I’d love to hear more about it and whose currently working in this space,50,US national laboratories for energy and security,Post-graduate degree,Female,"$150,000 to under $200,000",Metropolitan,White,No,Independent,The Republican Party,I voted,Donald Trump,South,Texas,Female,50-64,4-yr/post-graduate degree,White,South,Metropolitan,"> $50,000",Independent,Donald Trump,0.6904622546617998
R_7rT6I0XlH2JZNbX,2025-03-19T17:59:37Z,2025-03-19T18:09:04Z,1,59,25,65053,8,9,8,8,5,Mixture,3,Environment,3,Cost,2,1,0,0,1,0,0,0,1,0,0,0,NA,7,2,6,6,5,NA,NA,Don't like the high line towers,5,1,1,0,3,NA,5,80,20,50,50,9,8,9,9,7,7,6,4,9,8,5,8,7,4,7,6,7,7,5,5,5,4,5,3,4,4,5,5,4,5,5,3,6,6,5,3,2,0,NA,5,4,6,5,NA,50,Lawrence Livermore National Laboratory,4-year or bachelor degree,Male,"$50,000 to under $75,000",Metropolitan,White,No,Republican,NA,I voted,Donald Trump,Midwest,Missouri,Male,50-64,4-yr/post-graduate degree,White,Midwest,Metropolitan,"> $50,000",Republican,Donald Trump,0.9691447995256264
R_7kYVqBAhIau0nlx,2025-03-19T07:34:10Z,2025-03-19T07:48:11Z,1,48,20,21215,7,9,10,10,10,Conservation,3,Space,3,Complex,3,2,NA,NA,NA,NA,NA,NA,NA,NA,NA,NA,NA,NA,NA,4,4,2,I live in a lower income area and I don't wish residents here to be guinea pigs for any time of government research,NA,NA,3,1,1,4,5,NA,4,100,0,20,80,9,8,5,8,8,3,2,2,9,1,1,1,1,2,1,2,1,1,3,3,3,3,3,3,3,3,3,5,5,5,5,5,5,5,5,5,2,1,6,NA,9,2,0,No,10,Lawrence Livermore National Laboratory,Post-graduate degree,Female,"$50,000 to under $75,000",Metropolitan,Black or African-American,No,Democrat,NA,I voted,Kamala Harris,South,Maryland,Female,30-49,4-yr/post-graduate degree,Black,South,Metropolitan,"> $50,000",Democrat,Kamala Harris,0.6586748765610149
R_6swclY6mmA7qPFT,2025-03-19T17:25:01Z,2025-03-19T18:08:08Z,1,46,27,68114,6,8,10,9,6,Hybrid,3,New,3,Unknown,3,0,NA,NA,NA,NA,NA,NA,NA,NA,NA,NA,NA,NA,NA,4,3,3,NA,NA,I still do not know what the dangers could be,3,1,1,0,2,NA,4,70,30,10,90,9,4,8,6,10,9,10,9,3,5,8,7,9,9,5,6,9,2,3,4,3,4,4,1,1,4,3,3,4,5,4,4,7,5,4,6,2,1,8,NA,7,4,2,None,50,US national laboratories for energy and security,2-year or associate degree,Female,"$50,000 to under $75,000",Metropolitan,White,Yes,Independent,Neither,I voted,Someone else,Midwest,Nebraska,Female,30-49,Some college/2-yr degree,Hispanic,Midwest,Metropolitan,"> $50,000",Independent,3rd or didn't vote,2.0957905668751082
R_7iUDzxqBbngDLDX,2025-03-19T01:02:49Z,2025-03-19T01:12:35Z,1,55,5,94040,8,8,8,8,8,nuclear,4,cuisine,5,big bang,4,1,0,1,0,0,0,1,0,0,0,0,NA,5,2,6,6,3,NA,NA,"I live in a densely populated area with expensive per square foot, so a large facility would not be cost effective.",2,1,1,3,5,NA,5,50,50,33,67,9,8,9,8,8,6,8,8,6,5,5,8,8,5,6,5,7,4,4,4,4,4,6,2,4,4,5,4,4,4,4,4,4,4,4,4,2,1,5,NA,8,3,1,No,50,Lawrence Livermore National Laboratory,4-year or bachelor degree,Male,"$100,000 to under $150,000",Metropolitan,Mixed race,No,Independent,Neither,I voted,Kamala Harris,West,California,Male,50-64,4-yr/post-graduate degree,Other,West,Metropolitan,"> $50,000",Independent,Kamala Harris,0.6075520207471814
R_1UAigPlxeriAZJn,2025-03-22T00:13:19Z,2025-03-22T00:22:49Z,1,31,22,48439,6,10,10,8,10,Nuclear,3,Fusion,3,Energy,3,0,NA,NA,NA,NA,NA,NA,NA,NA,NA,NA,NA,NA,NA,3,3,1,It seems dangerous,NA,NA,3,1,0,0,2,NA,4,100,0,2,98,7,7,7,5,7,6,7,7,0,6,5,5,8,6,6,7,5,6,2,4,3,5,3,4,4,6,6,2,4,5,4,4,4,4,6,4,2,1,9,NA,10,1,0,NA,50,US national laboratories for energy and security,2-year or associate degree,Female,"$15,000 to under $50,000",Metropolitan,White,No,Democrat,NA,I voted,Kamala Harris,Midwest,Michigan,Female,30-49,Some college/2-yr degree,White,Midwest,Metropolitan,"< $50,000",Democrat,Kamala Harris,0.6064385625290173
R_5CZddudoJ6fDtcU,2025-03-19T17:04:24Z,2025-03-19T17:35:09Z,1,31,9,33614,5,10,10,7,10,Tesla,3,Solar panel,3,Eon musk,1,0,NA,NA,NA,NA,NA,NA,NA,NA,NA,NA,NA,NA,NA,4,7,7,NA,i think maybe this is a way to pay less,NA,1,0,0,0,5,NA,4,80,20,50,50,5,5,6,9,5,5,5,5,5,5,5,5,5,5,5,5,5,5,4,4,4,4,4,4,4,4,4,4,4,4,4,4,4,4,4,4,3,1,7,NA,5,1,0,NA,10,Lawrence Livermore National Laboratory,High school graduate or GED,Male,"$15,000 to under $50,000",Metropolitan,White,Yes,Independent,Neither,I did not vote,NA,South,Florida,Male,30-49,HS or less,Hispanic,South,Metropolitan,"< $50,000",Independent,3rd or didn't vote,1.6620028186426736
R_5qlnUFb1xp67woE,2025-03-18T19:19:39Z,2025-03-18T19:34:34Z,1,44,43,79414,6,8,8,8,3,more efficient nuclear energy.,4,uses more energy to create than it produces,1,Cold vs Hot fusion,3,1,0,1,0,1,0,0,0,0,0,0,NA,6,1,5,6,5,NA,NA,"This reaction creates a tremendous amount of heat, and if the magnetic field were to fail, it could be very dangerous to nearby areas. I would want to know more about the safety.",3,1,1,1,2,NA,4,60,40,50,50,8,9,8,7,8,3,9,7,8,7,3,7,7,0,7,7,7,3,4,6,4,4,6,3,4,3,5,4,3,4,4,2,5,4,5,3,2,0,NA,9,1,6,2,"I think it is important to investigate all possibilities, and hot and cold fusion both make perfect sense from a practical standpoint. Wind turbines and solar panels are too unreliable to be a primary power source, so they will always just be a supplement to fossil fuels or nuclear energy. That said, I think in 100 years we will have unlimited, and almost zero cost electricity, and will be from a source we cannot even comprehend. At some point in time, while developing some unrelated item, a company will discover that this items is extracting energy from the ether of space and that will be scaled up and become the new way forward. It won't happen in my lifetime, but we will get there. Tinkering is the only way we will discover it, and we need to encourage the tinkerers to tinker.",50,Lawrence Livermore National Laboratory,High school graduate or GED,Male,"$15,000 to under $50,000",Metropolitan,White,No,Republican,NA,I voted,Donald Trump,South,Texas,Male,30-49,HS or less,White,South,Metropolitan,"< $50,000",Republican,Donald Trump,0.679548720985979
R_5YZp0BlKLP9Smkx,2025-03-22T20:23:38Z,2025-03-22T20:33:20Z,1,28,20,21230,9,9,9,8,7,Nuclear fusion energy,4,Consistent,4,Solar,4,1,0,0,0,0,0,0,1,0,0,0,NA,5,1,7,7,3,NA,NA,It’s kind of scary to think about it close to home but they should research it somewhere remote,3,1,1,0,2,NA,6,25,75,75,25,10,8,9,8,10,6,8,8,9,6,5,8,9,7,7,8,4,2,5,5,5,4,7,1,5,4,7,6,2,4,4,1,7,5,4,7,2,0,NA,7,6,6,3,I think the reward out weights the risk,10,US national laboratories for energy and security,4-year or bachelor degree,Male,"$75,000 to under $100,000",Metropolitan,White,No,Republican,NA,I voted,Donald Trump,South,Maryland,Male,18-29,4-yr/post-graduate degree,White,South,Metropolitan,"> $50,000",Republican,Donald Trump,0.9802175724386137
R_1e5Ta5g4VIYJi4V,2025-03-19T16:06:47Z,2025-03-19T16:14:02Z,1,44,43,76036,8,8,9,10,9,Clean,4,Reliable,4,New,3,1,0,0,1,0,0,0,0,0,0,0,NA,4,2,5,5,5,NA,NA,"If it works, it is good.",2,1,1,0,3,NA,5,50,50,50,50,7,9,8,8,5,6,5,5,7,5,8,6,6,6,7,6,7,8,5,5,5,4,4,3,6,4,4,4,4,4,3,5,4,5,4,4,2,1,10,NA,9,4,5,I think it would be good for humanity.,50,Lawrence Livermore National Laboratory,2-year or associate degree,Male,"$50,000 to under $75,000",Metropolitan,White,No,Other or none,Neither,I did not vote,NA,South,Texas,Male,30-49,Some college/2-yr degree,White,South,Metropolitan,"> $50,000",Independent,3rd or didn't vote,1.6206940412289286
R_1hYHol527EHRpCO,2025-03-20T13:04:19Z,2025-03-20T13:14:23Z,1,29,5,93015,10,10,10,10,10,Fear,5,Hope,4,Angry,2,1,0,1,1,0,0,1,0,0,0,0,NA,10,2,7,7,7,NA,For now I did not grab alot information but I will,NA,5,1,1,1,2,NA,7,65,35,70,30,10,10,10,10,10,10,10,10,10,10,10,10,10,10,10,10,10,10,4,7,5,4,7,7,4,4,4,4,4,4,7,4,4,7,7,4,2,1,10,NA,10,1,10,No thank you,50,US national laboratories for energy and security,4-year or bachelor degree,Female,"$100,000 to under $150,000",Metropolitan,Black or African-American,No,Republican,NA,I voted,Donald Trump,Northeast,California,Female,18-29,4-yr/post-graduate degree,Black,Northeast,Metropolitan,"> $50,000",Republican,Donald Trump,0.9513684032903782
R_3QLpBo8WKe3g5dy,2025-03-20T20:17:45Z,2025-03-20T20:30:45Z,1,24,14,47130,5,7,8,7,5,Saving,5,Innovative,4,Unfamiliar,3,1,0,0,0,1,0,0,0,0,0,0,NA,4,2,3,4,4,NA,NA,"Im all for scientific innovation and lower energy costs and sustainability, I just don’t know that much about the risks involved so I’m not sure how to feel about one being so close",3,0,0,0,2,4,NA,50,50,30,70,7,8,7,9,6,5,8,9,2,7,5,7,8,3,8,8,8,2,5,4,3,4,6,3,4,4,6,4,5,6,4,2,6,4,5,2,2,1,0,NA,2,5,2,No,50,US national laboratories for energy and security,High school graduate or GED,Male,"$50,000 to under $75,000",Metropolitan,White,No,Republican,NA,I did not vote,NA,Midwest,Indiana,Male,18-29,HS or less,White,Midwest,Metropolitan,"> $50,000",Republican,3rd or didn't vote,2.364532155695808
R_1PxtE734bhBqpt7,2025-03-23T01:57:53Z,2025-03-23T02:35:31Z,1,35,41,57572,7,6,7,10,5,New energy world,5,Amazing electric,5,Life lights,5,1,0,0,0,0,0,0,0,1,0,0,NA,4,2,4,5,7,NA,NA,It would create more jobs but i.dont.unswrstand.whatbthe energy can be used for will it.help.me.with my light Bill,3,1,1,3,3,7,NA,0,100,100,0,8,7,8,7,7,8,8,10,10,6,9,10,10,3,10,10,8,9,6,3,5,3,4,5,4,4,2,4,4,4,5,4,5,4,2,1,1,1,10,NA,6,3,10,I trust the government except for Donald Trump he.makea.the.wod a bad place to live I don't know.whynthe people elected him,10,US national laboratories for energy and security,2-year or associate degree,Male,"$15,000 to under $50,000",Non-metro,Native American or American Indian,No,Republican,NA,I voted,Donald Trump,Midwest,South Dakota,Male,30-49,Some college/2-yr degree,Other,Midwest,Non-metro,"< $50,000",Republican,Donald Trump,0.7899243596772061
R_7aPnPyFXxVszjZM,2025-03-21T22:21:56Z,2025-03-21T23:47:56Z,1,71,49,53207,10,7,7,6,8,Theoretical,3,Future,5,Unproven,2,1,1,1,0,0,0,0,0,0,0,0,NA,3,1,4,5,5,NA,NA,I am unaware of any risks,3,1,1,0,5,NA,6,20,80,60,40,10,7,10,6,7,7,9,10,8,0,0,2,8,7,5,0,7,7,1,1,2,4,6,1,1,3,4,7,2,7,4,3,7,1,4,4,2,1,10,NA,9,2,0,I no longer trust the US government to do anything ethical.,50,US national laboratories for energy and security,4-year or bachelor degree,Male,"$150,000 to under $200,000",Metropolitan,White,No,Democrat,NA,I voted,Kamala Harris,Midwest,Wisconsin,Male,65+,4-yr/post-graduate degree,White,Midwest,Metropolitan,"> $50,000",Democrat,Kamala Harris,0.9145599023135198
R_7YroNm63Njv9En6,2025-03-18T19:54:06Z,2025-03-18T20:04:07Z,1,62,9,33543,5,8,7,6,7,NUCLEAR,3,EXPLOSION,2,DANGER,2,0,NA,NA,NA,NA,NA,NA,NA,NA,NA,NA,NA,NA,NA,3,5,4,NA,NA,I WOULD LIKE TO KNOW ABOUT THE RISKS ASSOCIATED WITH A PLANT SO CLOSE TO MY H9ME,2,1,1,0,1,NA,5,50,50,40,60,9,8,8,8,8,9,7,8,8,3,4,2,5,0,0,4,6,0,3,3,3,4,7,2,2,4,7,3,3,3,4,1,7,4,4,1,2,0,NA,5,5,5,6,IT IS AN INTERESTING CONCEPT BUT THE AVAILABILITY OF ACTUAL INFORMATION THAT IS RELIABLE IS A CONCERN.,10,US national laboratories for energy and security,4-year or bachelor degree,Female,"$100,000 to under $150,000",Metropolitan,White,Yes,Republican,NA,I voted,Donald Trump,South,Florida,Female,50-64,4-yr/post-graduate degree,Hispanic,South,Metropolitan,"> $50,000",Republican,Donald Trump,1.0000379855417563
R_5I4qoBgB5chAv67,2025-03-22T12:01:40Z,2025-03-22T12:06:10Z,1,23,26,59101,5,6,8,9,7,Fusion,3,Melt,3,Shock,3,0,NA,NA,NA,NA,NA,NA,NA,NA,NA,NA,NA,NA,NA,4,1,1,No,NA,NA,2,1,0,0,3,4,NA,60,40,30,70,3,3,3,3,3,4,3,3,3,0,0,0,0,0,0,0,0,0,1,1,1,1,1,2,1,1,1,1,1,1,1,1,1,1,1,1,3,0,NA,5,5,4,4,Mm,10,Lawrence Livermore National Laboratory,High school graduate or GED,Female,"$50,000 to under $75,000",Metropolitan,White,No,Other or none,The Republican Party,I did not vote,NA,West,Montana,Female,18-29,HS or less,White,West,Metropolitan,"> $50,000",Independent,3rd or didn't vote,1.6933005878184004
R_1CabUI9DDe9MVjh,2025-03-20T20:38:21Z,2025-03-20T20:45:02Z,1,55,10,30004,7,5,6,7,9,heat explosion dangerous,3,abundant,3,heat,3,1,0,1,0,0,0,0,1,0,0,0,NA,5,2,4,4,4,NA,NA,cost may be to high,2,1,1,0,3,NA,4,20,80,50,50,7,8,8,8,8,8,7,7,8,7,7,7,8,8,7,8,8,7,6,6,6,6,6,5,6,6,6,6,6,5,6,5,6,6,6,6,3,1,6,NA,6,4,6,NA,50,US national laboratories for energy and security,4-year or bachelor degree,Male,"$100,000 to under $150,000",Metropolitan,White,No,Independent,The Democratic Party,I voted,Kamala Harris,South,Georgia,Male,50-64,4-yr/post-graduate degree,White,South,Metropolitan,"> $50,000",Independent,Kamala Harris,0.6070899191636399
R_3wGHAtsQmUbTmAY,2025-03-20T04:33:33Z,2025-03-23T19:48:46Z,1,53,4,72903,9,10,10,10,9,Cost New Reliable,5,Innovative desirable unique,5,Creative efficiency reliable,5,1,1,1,0,1,0,0,0,0,0,0,NA,4,1,2,7,6,NA,The cost and reliability fusion energy can be sustainable. Affordable and competitive in the energy field.,NA,2,1,1,2,2,7,NA,45,55,80,20,8,9,10,8,2,8,6,1,10,7,8,9,10,9,8,9,10,8,1,1,1,4,4,2,1,4,6,1,1,4,4,4,5,1,4,3,2,1,9,NA,10,1,0,None.,50,US national laboratories for energy and security,2-year or associate degree,Male,"$50,000 to under $75,000",Metropolitan,White,No,Democrat,NA,I voted,Kamala Harris,South,Arkansas,Male,50-64,Some college/2-yr degree,White,South,Metropolitan,"> $50,000",Democrat,Kamala Harris,0.6266584172587708
R_3Sf7ydogmCi23e8,2025-03-19T16:04:47Z,2025-03-19T16:19:42Z,1,44,38,19140,9,7,8,9,3,Ignorant,3,Not very aware,3,Not knowledgeable,3,0,NA,NA,NA,NA,NA,NA,NA,NA,NA,NA,NA,NA,NA,4,4,4,NA,NA,My community is too congested,2,1,1,0,5,4,NA,30,70,50,50,5,5,5,5,5,5,5,5,5,5,5,5,5,5,5,5,5,5,4,4,4,4,4,4,4,4,4,4,4,4,4,4,4,4,4,4,3,1,0,NA,5,4,2,No,10,Lawrence Livermore National Laboratory,High school graduate or GED,Female,"Less than $15,000",Metropolitan,Mixed race,Yes,Democrat,NA,I did not vote,NA,Northeast,Pennsylvania,Female,30-49,HS or less,Hispanic,Northeast,Metropolitan,"< $50,000",Democrat,3rd or didn't vote,1.8022514110435193
R_6e9xzntJQ2G1L5r,2025-03-18T19:54:03Z,2025-03-18T19:59:49Z,1,56,5,94608,1,8,8,2,10,good,5,cheap,5,infinite,5,1,0,0,0,1,0,0,0,1,0,0,NA,3,2,7,7,7,NA,"it's totally safe, no reason not to have it in my backyard",NA,4,1,1,3,5,7,NA,0,100,50,50,10,10,6,10,2,2,5,3,0,10,10,10,10,10,5,10,10,3,4,4,4,4,5,1,4,4,2,4,4,4,4,2,7,4,4,2,2,1,10,NA,10,1,0,it rocks,10,Lawrence Livermore National Laboratory,4-year or bachelor degree,Other,"More than $200,000",Metropolitan,White,No,Other or none,The Democratic Party,I voted,Someone else,West,California,Female,50-64,4-yr/post-graduate degree,White,West,Metropolitan,"> $50,000",Independent,3rd or didn't vote,1.7097291914875015
R_5ag9PU1wJZ9XTEO,2025-03-20T00:02:52Z,2025-03-20T00:27:43Z,1,69,46,24521,7,8,5,7,9,nuclear,3,electricity,4,reaction,3,1,0,1,0,1,0,0,0,0,0,0,NA,3,4,3,5,4,NA,NA,"I'm not clear on what the risks to the area around the plant would be, so I'm cautious, although I support the study and potential implementation of it.",2,1,1,0,2,NA,5,40,60,30,70,8,9,8,7,8,7,8,5,3,6,5,6,7,5,5,6,8,3,3,3,3,4,3,3,3,4,5,3,5,4,4,3,4,3,4,6,2,1,8,NA,9,2,2,I haven't understood it well enough to have solid views. I feel this survey has educated me somewhat.,50,US national laboratories for energy and security,High school graduate or GED,Male,"$75,000 to under $100,000",Metropolitan,White,No,Independent,The Democratic Party,I voted,Kamala Harris,South,Virginia,Male,65+,HS or less,White,South,Metropolitan,"> $50,000",Independent,Kamala Harris,0.6364988694238256
R_1zo3vD3ljjfK3w3,2025-03-18T20:32:13Z,2025-03-18T20:41:34Z,1,36,5,91790,8,7,10,5,9,Nuclear,2,Dangerous,2,Experimental,1,2,NA,NA,NA,NA,NA,NA,NA,NA,NA,NA,NA,NA,NA,5,4,5,NA,NA,"It sounds slightly dangerous which makes me worry, but the benefits sound like they could help both the environment and economy",4,1,1,0,1,7,NA,25,75,40,60,10,10,10,5,2,4,7,7,3,8,6,7,6,8,10,4,10,6,2,2,3,3,3,3,5,4,6,3,5,6,4,6,7,6,7,5,1,0,NA,0,9,2,2,I hadn't realized the government was researching this but I am excited,10,US national laboratories for energy and security,2-year or associate degree,Female,"$15,000 to under $50,000",Metropolitan,White,Yes,Democrat,NA,I voted,Kamala Harris,West,California,Female,30-49,Some college/2-yr degree,Hispanic,West,Metropolitan,"< $50,000",Democrat,Kamala Harris,0.6529558343158969
R_1o1H7TrZOmoY23G,2025-03-19T16:46:36Z,2025-03-19T16:52:45Z,1,26,7,06105,10,10,10,10,10,Pretty darn interesting,5,Cool,5,Scary,3,1,0,0,0,1,0,0,0,0,0,0,NA,10,1,7,7,7,NA,I think it's pretty useful,NA,2,1,1,3,3,7,NA,50,50,50,50,10,10,10,10,10,10,10,10,10,10,10,10,9,10,10,10,10,10,7,7,7,7,7,7,7,7,7,7,7,7,7,7,7,7,7,7,1,1,10,NA,10,7,10,No,50,Lawrence Livermore National Laboratory,High school graduate or GED,Female,"More than $200,000",Metropolitan,Mixed race,No,Independent,The Republican Party,I voted,Donald Trump,Northeast,Connecticut,Female,18-29,HS or less,Other,Northeast,Metropolitan,"> $50,000",Independent,Donald Trump,0.6826315671650942
R_69v3U6Gw1HCRaxL,2025-03-23T17:26:11Z,2025-03-23T17:37:29Z,1,34,43,79763,3,5,6,4,3,Powerful,4,Combination,3,None,3,0,NA,NA,NA,NA,NA,NA,NA,NA,NA,NA,NA,NA,NA,4,4,5,NA,NA,I'm just not educated enough about it to know,3,1,1,0,3,4,NA,20,80,30,70,9,8,6,6,5,8,7,8,2,9,4,9,8,3,8,6,3,4,4,5,4,5,6,6,4,3,5,4,2,4,4,3,6,5,4,7,2,1,4,NA,6,4,5,None,50,US national laboratories for energy and security,High school graduate or GED,Female,"$100,000 to under $150,000",Metropolitan,White,No,Republican,NA,I was not registered to vote,NA,South,Texas,Female,30-49,HS or less,White,South,Metropolitan,"> $50,000",Republican,3rd or didn't vote,1.7940354035202866
R_3AMA75a0gHB87AD,2025-03-20T12:13:42Z,2025-03-20T12:17:43Z,1,35,22,48532,4,2,8,8,2,Not really sure,3,Not sure,3,Unknown,3,0,NA,NA,NA,NA,NA,NA,NA,NA,NA,NA,NA,NA,NA,4,4,4,NA,NA,I don't know enough about it,6,0,0,0,5,4,NA,0,100,0,100,5,5,5,5,5,5,5,5,0,3,3,3,5,3,5,3,4,3,4,4,4,4,4,4,4,4,2,3,3,4,3,1,4,3,4,3,3,0,NA,7,0,6,0,NA,50,Lawrence Livermore National Laboratory,4-year or bachelor degree,Male,"$100,000 to under $150,000",Metropolitan,White,No,Republican,NA,I voted,Kamala Harris,Midwest,Michigan,Male,30-49,4-yr/post-graduate degree,White,Midwest,Metropolitan,"> $50,000",Republican,Kamala Harris,0.819483789167165
R_7rUciT2mwHZHWae,2025-03-20T08:42:43Z,2025-03-21T13:35:29Z,1,32,43,75156,5,5,5,5,5,Fusion energy power,3,Efficiency,3,Safe,3,1,1,1,1,1,1,0,0,1,0,0,NA,0,4,7,7,4,NA,NA,I don’t know enough about it,2,1,1,4,5,4,NA,50,50,50,50,5,5,5,5,5,5,5,5,5,5,5,5,5,5,5,5,5,5,4,3,1,3,4,4,3,4,1,4,3,4,2,1,1,3,4,3,3,0,NA,4,5,4,0,No,50,US national laboratories for energy and security,High school graduate or GED,Male,"$50,000 to under $75,000",Non-metro,White,No,Republican,NA,I did not vote,NA,South,Texas,Male,30-49,HS or less,White,South,Non-metro,"> $50,000",Republican,3rd or didn't vote,1.8479027019801075
R_5OfwiSQWBJNPRQd,2025-03-21T01:27:21Z,2025-03-21T01:36:25Z,1,29,9,32244,10,8,10,10,9,Greatness/Fusion energy is the definition of greatness.,5,Wonderful/Fusion energy is wonderful and great to use.,5,Energy/Fusion energy brings alot of energy.,5,1,1,1,1,0,0,1,0,0,0,0,NA,10,2,7,7,7,NA,I think I support Future energy because it brings together natural and great energy.,NA,3,0,0,3,3,NA,7,70,30,50,50,10,9,9,10,8,10,10,10,10,10,10,10,10,10,9,9,10,10,4,4,4,5,6,4,5,4,4,6,4,7,4,5,4,3,4,4,3,1,10,NA,10,1,8,I love Fusion energy because it provides you with natural and great energy to save the world.,10,US national laboratories for energy and security,High school graduate or GED,Male,"$50,000 to under $75,000",Metropolitan,Black or African-American,No,Democrat,NA,I voted,Kamala Harris,South,Florida,Male,18-29,HS or less,Black,South,Metropolitan,"> $50,000",Democrat,Kamala Harris,0.6783271705134636
R_5l0P6AROgrwfLwV,2025-03-19T16:41:40Z,2025-03-19T16:46:44Z,1,21,22,48228,8,7,8,9,7,Energy bring combined,2,Combustion,2,More energy,3,0,NA,NA,NA,NA,NA,NA,NA,NA,NA,NA,NA,NA,NA,2,3,2,It sounds like something is bound to go wrong trying to combine energy,NA,NA,2,1,0,0,4,NA,2,0,100,0,100,4,4,3,4,3,4,3,5,5,6,5,4,6,2,4,7,8,3,6,3,3,5,3,3,5,6,2,3,6,3,3,3,1,3,5,5,3,1,5,NA,4,4,5,No,10,US national laboratories for energy and security,High school graduate or GED,Male,"Less than $15,000",Metropolitan,Black or African-American,No,Other or none,Neither,I was not registered to vote,NA,Midwest,Michigan,Male,18-29,HS or less,Black,Midwest,Metropolitan,"< $50,000",Independent,3rd or didn't vote,1.7683020869088415
R_1Vq2KX7jXiqdiVb,2025-03-19T16:07:42Z,2025-03-19T16:15:06Z,1,70,5,92115,10,10,10,10,10,what does it mean,3,curiosity,3,unknown,3,0,NA,NA,NA,NA,NA,NA,NA,NA,NA,NA,NA,NA,NA,4,7,3,NA,NA,if its dangerous i dont want it nearby,1,1,1,0,3,7,NA,50,50,50,50,10,10,10,10,10,10,10,10,10,9,10,10,10,10,9,10,6,9,4,4,4,4,4,4,4,4,4,4,4,4,4,4,4,4,4,4,1,1,10,NA,10,2,9,hope for the future,10,US national laboratories for energy and security,"Some college, no degree",Female,"$50,000 to under $75,000",Metropolitan,Black or African-American,No,Democrat,NA,I voted,Kamala Harris,West,California,Female,65+,Some college/2-yr degree,Black,West,Metropolitan,"> $50,000",Democrat,Kamala Harris,0.7308513926072837
R_7COroUNll6FYwGd,2025-03-20T00:44:57Z,2025-03-20T00:55:03Z,1,33,5,92224,4,7,8,8,5,Nuclear,5,clean,5,renewable,5,1,0,0,0,1,1,0,0,0,0,0,NA,6,2,5,5,2,"I oppose any nuclear energy generating facility from being too close to residences, mainly due to potential nuclear waste production.",NA,NA,4,0,0,0,3,4,NA,40,60,60,40,10,10,10,10,3,3,3,7,0,5,5,4,5,5,4,5,5,0,4,5,4,4,4,4,4,4,7,4,4,4,4,4,4,4,4,5,2,1,4,NA,5,4,5,I support ir,10,Lawrence Livermore National Laboratory,High school graduate or GED,Male,"$50,000 to under $75,000",Metropolitan,White,No,Independent,The Democratic Party,I did not vote,NA,West,California,Male,30-49,HS or less,White,West,Metropolitan,"> $50,000",Independent,3rd or didn't vote,1.5498603545710425
R_74Xvjlc1QdOj3xv,2025-03-19T00:01:33Z,2025-03-19T00:17:32Z,1,24,33,28562,4,4,5,5,6,Nuclear,3,Solar,4,Rain,3,0,NA,NA,NA,NA,NA,NA,NA,NA,NA,NA,NA,NA,NA,5,4,4,NA,NA,I don’t know much about it to form an opinion so my views are mixed.,4,1,1,0,5,4,NA,30,70,40,60,6,6,6,6,6,6,6,6,0,5,5,4,4,4,5,4,5,5,3,4,4,3,4,4,4,4,3,3,4,3,4,4,5,5,4,5,2,1,10,NA,7,1,3,No,50,Lawrence Livermore National Laboratory,"Some college, no degree",Female,"$15,000 to under $50,000",Metropolitan,Black or African-American,No,Democrat,NA,I voted,Kamala Harris,South,North Carolina,Female,18-29,Some college/2-yr degree,Black,South,Metropolitan,"< $50,000",Democrat,Kamala Harris,0.6173926266130902
R_36o8gx958xU6WPs,2025-03-19T17:29:30Z,2025-03-19T17:38:03Z,1,35,47,98104,6,4,8,2,5,Positive,5,High,5,Understanding,5,1,0,0,1,0,0,0,0,0,0,0,NA,8,2,6,5,4,NA,NA,High,4,1,1,1,3,6,NA,50,50,50,50,7,7,4,6,7,6,6,5,5,6,5,9,5,6,6,3,2,6,4,5,5,6,3,5,4,4,4,4,6,5,4,5,5,6,5,6,5,1,7,NA,8,2,7,NA,10,Lawrence Livermore National Laboratory,2-year or associate degree,Male,"$75,000 to under $100,000",Metropolitan,White,Yes,Republican,NA,I voted,Donald Trump,West,Washington,Male,30-49,Some college/2-yr degree,Hispanic,West,Metropolitan,"> $50,000",Republican,Donald Trump,0.9577790421566317
R_1s0gMcsM5Zaxdbh,2025-03-19T17:47:47Z,2025-03-20T04:23:26Z,1,40,38,18042,10,2,10,10,5,None,3,None,3,None,3,0,NA,NA,NA,NA,NA,NA,NA,NA,NA,NA,NA,NA,NA,4,4,4,NA,NA,No opinion,6,0,0,4,4,NA,4,80,20,50,50,7,5,5,7,6,7,7,5,8,6,8,5,7,6,5,7,6,8,5,4,5,5,5,5,5,5,3,4,5,5,5,4,5,4,5,5,2,0,NA,2,2,7,7,No,10,US national laboratories for energy and security,"Some college, no degree",Male,"$50,000 to under $75,000",Metropolitan,White,No,Republican,NA,I voted,Donald Trump,Northeast,Pennsylvania,Male,30-49,Some college/2-yr degree,White,Northeast,Metropolitan,"> $50,000",Republican,Donald Trump,0.796719836583038
R_30HQdjCxDv2zkZt,2025-03-21T16:14:08Z,2025-03-21T16:23:27Z,1,58,36,73003,10,10,10,1,3,Nothing,3,None,3,No,3,0,NA,NA,NA,NA,NA,NA,NA,NA,NA,NA,NA,NA,NA,4,2,1,I don't know enough about it and it seems like no one else does,NA,NA,5,0,1,0,5,4,NA,25,75,50,50,4,5,3,3,1,3,1,4,5,0,0,0,0,0,0,3,0,0,1,1,1,1,4,1,1,1,4,1,2,3,4,4,2,2,2,4,3,1,8,NA,8,4,0,No,10,US national laboratories for energy and security,"Some college, no degree",Female,"$50,000 to under $75,000",Metropolitan,Black or African-American,No,Democrat,NA,I voted,Kamala Harris,South,Oklahoma,Female,50-64,Some college/2-yr degree,Black,South,Metropolitan,"> $50,000",Democrat,Kamala Harris,0.606611040061577
R_1jlmHQkJJqJXXsJ,2025-03-19T17:37:40Z,2025-03-19T17:58:07Z,1,28,32,12603,10,10,9,10,10,Electric,3,Fast,4,Innovative,3,0,NA,NA,NA,NA,NA,NA,NA,NA,NA,NA,NA,NA,NA,1,1,5,I find this thrilling and also risky because it is not vital and it is powerful but also known as virtual which could be concerning,NA,NA,3,0,0,0,2,NA,5,45,55,40,60,4,2,1,10,10,10,10,1,0,2,0,0,0,0,0,0,0,0,4,4,4,4,4,4,4,4,4,1,1,1,1,1,1,1,1,7,4,1,1,NA,10,7,10,NA,10,Lawrence Livermore National Laboratory,Some high school or less,Female,"Less than $15,000",Metropolitan,Black or African-American,Yes,Democrat,NA,I voted,Kamala Harris,Northeast,New York,Female,18-29,HS or less,Hispanic,Northeast,Metropolitan,"< $50,000",Democrat,Kamala Harris,0.7027811770941181
R_1ZIJuEYlpuxeWoy,2025-03-18T20:11:44Z,2025-03-18T20:20:54Z,1,51,15,50317,10,10,10,10,5,Clean,4,Abundance,5,The future,5,1,0,0,1,1,0,0,0,1,0,0,NA,7,2,7,6,5,NA,NA,I live in an area where food is produced.,3,1,1,1,1,5,NA,80,20,80,20,8,10,10,8,7,7,6,7,9,2,1,5,5,0,5,1,7,1,7,7,4,4,7,4,7,4,7,2,2,4,4,1,6,2,4,1,1,0,NA,9,2,6,0,I want a Star Trek future.,10,Lawrence Livermore National Laboratory,4-year or bachelor degree,Male,"$75,000 to under $100,000",Metropolitan,White,No,Republican,NA,I voted,Donald Trump,Midwest,Iowa,Male,50-64,4-yr/post-graduate degree,White,Midwest,Metropolitan,"> $50,000",Republican,Donald Trump,0.9691447995256264
R_5K9Cmu0QVAvIFjK,2025-03-18T19:52:33Z,2025-03-18T20:11:27Z,1,39,31,88101,9,7,10,9,9,Fusion,5,Energy,5,Boost,5,0,NA,NA,NA,NA,NA,NA,NA,NA,NA,NA,NA,NA,NA,7,7,7,NA,"Just to know that there can be a possibility of endless unlimited continuously supply of energy, clean supply of energy",NA,2,1,1,2,3,NA,7,50,50,50,50,10,9,10,10,4,8,3,3,8,9,10,9,9,9,8,10,10,9,3,4,4,5,5,4,5,4,7,3,4,4,4,4,4,4,4,4,1,1,8,NA,8,7,7,I think it’s a great idea and I hope that research does move along faster and we can eventually use it in our everyday lives,50,US national laboratories for energy and security,High school graduate or GED,Male,"$15,000 to under $50,000",Non-metro,White,Yes,Republican,NA,I did not vote,NA,West,New Mexico,Male,30-49,HS or less,Hispanic,West,Non-metro,"< $50,000",Republican,3rd or didn't vote,2.0021352494031857
R_7QXUa57EkXawVAh,2025-03-18T19:50:42Z,2025-03-18T21:07:30Z,1,50,43,78613,10,10,10,10,10,Nuclear power.,4,Science,5,The only way we're going to realistically transition away from fossil fuels.,5,1,0,1,0,1,0,0,0,0,0,0,NA,7,1,7,7,7,NA,Not reliant on antiquated power stations that haven't been updated since Reagan was in office.,NA,6,0,1,3,1,NA,7,50,50,50,50,10,10,10,10,8,3,10,1,10,0,1,7,8,6,1,0,8,0,1,3,4,4,5,1,1,4,7,1,1,4,4,2,7,1,4,7,1,1,10,NA,10,1,0,"It will never happen, especially with the way things have just been destroyed for research and the energy industry.",10,Lawrence Livermore National Laboratory,Post-graduate degree,Female,"More than $200,000",Metropolitan,White,No,Independent,The Democratic Party,I voted,Kamala Harris,South,Texas,Female,50-64,4-yr/post-graduate degree,White,South,Metropolitan,"> $50,000",Independent,Kamala Harris,0.584818918742304
R_5cjfD7fDGeiIE3U,2025-03-19T17:55:31Z,2025-03-19T18:09:09Z,1,28,13,60660,9,10,10,10,10,clean energy,4,Plazma,5,Net Positive energy,4,0,NA,NA,NA,NA,NA,NA,NA,NA,NA,NA,NA,NA,NA,4,7,4,NA,NA,safty concerns,2,1,1,0,3,5,NA,70,30,50,50,7,7,9,7,9,8,10,6,9,9,8,8,7,7,7,7,6,1,6,6,6,5,6,6,6,7,7,6,6,4,5,6,5,6,5,3,1,1,7,NA,9,6,5,No,50,US national laboratories for energy and security,Post-graduate degree,Male,"$100,000 to under $150,000",Metropolitan,Asian or Asian-American,No,Independent,Neither,I did not vote,NA,Midwest,Illinois,Male,18-29,4-yr/post-graduate degree,Other,Midwest,Metropolitan,"> $50,000",Independent,3rd or didn't vote,2.228266297562924
R_3e2quHLeuqMFvJU,2025-03-19T16:19:05Z,2025-03-19T16:26:54Z,1,48,22,48362,8,8,6,6,9,clean,5,abundant,5,stellar power,4,1,0,1,1,0,0,0,0,0,0,0,NA,4,3,5,5,6,NA,NA,U would be in support of this,3,1,1,4,5,6,NA,50,50,60,40,6,9,6,9,7,6,8,8,6,7,8,8,8,7,8,9,8,9,6,7,6,6,6,5,6,6,6,6,7,7,6,6,7,7,6,7,4,1,8,NA,9,3,7,I'm in support of a cleaner and safe place,10,Lawrence Livermore National Laboratory,High school graduate or GED,Female,"Less than $15,000",Metropolitan,White,No,Democrat,NA,I voted,Kamala Harris,Midwest,Michigan,Female,30-49,HS or less,White,Midwest,Metropolitan,"< $50,000",Democrat,Kamala Harris,0.5769534586757563
R_1wTR1KkIC7sjhDj,2025-03-19T08:34:17Z,2025-03-19T08:41:44Z,1,42,43,75835,9,7,8,9,10,Cool,5,Nice,5,Good,5,1,0,1,1,0,0,1,0,1,0,0,NA,8,3,7,7,7,NA,I was saying if using energy is really important and I believe it can change the world.,NA,2,1,1,3,1,6,NA,75,25,80,20,10,7,10,9,9,8,8,7,9,9,8,9,8,7,8,9,10,10,5,7,6,6,6,5,5,4,5,6,5,4,6,5,5,4,5,4,2,1,9,NA,6,6,8,I think it'll help everyone and make energy free no one has to pay for energy anymore.,50,Lawrence Livermore National Laboratory,"Some college, no degree",Male,"$50,000 to under $75,000",Non-metro,Black or African-American,No,Republican,NA,I voted,Donald Trump,South,Texas,Male,30-49,Some college/2-yr degree,Black,South,Non-metro,"> $50,000",Republican,Donald Trump,0.7922939633702131
R_6hihOKb4qaRHuG9,2025-03-21T21:02:49Z,2025-03-21T21:31:06Z,1,55,10,31705,6,8,9,7,6,Unsure,3,Unsure,3,Unsure,3,2,NA,NA,NA,NA,NA,NA,NA,NA,NA,NA,NA,NA,NA,4,4,3,NA,NA,I'm not really sure how I feel about fusion energy. I'm not sure if the safety protocols of such energy,6,0,1,0,3,NA,5,50,50,50,50,7,7,6,8,8,8,8,8,10,4,7,5,8,6,7,5,8,3,2,5,4,4,2,2,2,2,7,7,7,4,5,6,4,5,4,7,3,0,NA,7,5,4,3,I really don't know enough on the subject of fusion energy to say anything about it. I suppose it's good in theory but is it safe.,50,Lawrence Livermore National Laboratory,High school graduate or GED,Female,"$50,000 to under $75,000",Metropolitan,White,No,Republican,NA,I did not vote,NA,South,Georgia,Female,50-64,HS or less,White,South,Metropolitan,"> $50,000",Republican,3rd or didn't vote,1.797052575944726
R_7TTAoPpmaZpOgvq,2025-03-20T01:15:36Z,2025-03-20T01:25:51Z,1,50,7,06810,6,10,8,5,10,Nuclear,2,Advanced,3,Clean,4,2,NA,NA,NA,NA,NA,NA,NA,NA,NA,NA,NA,NA,NA,7,7,7,NA,It sounds clean and safe.,NA,4,0,1,1,3,NA,5,50,50,30,70,10,10,8,8,7,5,6,8,8,8,8,10,10,7,7,8,10,8,5,3,4,4,5,2,3,4,5,4,3,4,4,5,6,5,4,3,2,1,10,NA,10,1,3,NA,50,US national laboratories for energy and security,High school graduate or GED,Male,"$100,000 to under $150,000",Metropolitan,White,No,Democrat,NA,I voted,Kamala Harris,Northeast,Connecticut,Male,50-64,HS or less,White,Northeast,Metropolitan,"> $50,000",Democrat,Kamala Harris,0.5977666149325747
R_6eArfU0oWOLNKWB,2025-03-20T23:56:40Z,2025-03-21T00:08:07Z,1,44,35,43229,5,5,5,5,5,fine,3,okay,3,good,3,1,1,0,0,1,0,1,0,0,0,0,NA,5,1,7,7,7,NA,"because fusion is technically much safer than nuclear power, which in and of itself is pretty safee",NA,3,1,1,1,1,NA,7,50,50,50,50,5,5,5,5,5,5,5,5,5,5,5,5,5,5,5,5,5,5,4,4,4,4,4,4,4,4,4,4,4,4,4,4,4,4,4,4,2,0,NA,0,8,1,0,Fusion is a good way to make excess power by using the most common element in the UNIVERSE as fuel.,10,US national laboratories for energy and security,High school graduate or GED,Male,"$100,000 to under $150,000",Metropolitan,White,No,Democrat,NA,I voted,Kamala Harris,Midwest,Ohio,Male,30-49,HS or less,White,Midwest,Metropolitan,"> $50,000",Democrat,Kamala Harris,0.6662919777115434
R_7aTHkEbm7lTTLFf,2025-03-19T16:04:13Z,2025-03-19T16:10:32Z,1,48,9,34951,5,7,5,5,6,clean renewable safe,3,i don't know,3,i DONT KNOW,3,0,NA,NA,NA,NA,NA,NA,NA,NA,NA,NA,NA,NA,NA,4,4,4,NA,NA,I truly don't know,2,0,0,0,5,4,NA,100,0,50,50,5,5,5,5,3,3,3,1,5,5,5,5,5,5,5,5,5,5,4,4,3,3,3,3,3,3,4,4,3,3,3,3,3,3,4,3,3,1,5,NA,6,1,5,no,50,Lawrence Livermore National Laboratory,"Some college, no degree",Male,"$75,000 to under $100,000",Metropolitan,White,Yes,Democrat,NA,I voted,Kamala Harris,South,Florida,Male,30-49,Some college/2-yr degree,Hispanic,South,Metropolitan,"> $50,000",Democrat,Kamala Harris,0.7501878872436909
R_6xibxY4JR4DxjUd,2025-03-20T00:26:16Z,2025-03-20T00:30:52Z,1,24,46,23059,5,6,10,8,6,Innovative,3,Unsure,3,Gimmicky,3,0,NA,NA,NA,NA,NA,NA,NA,NA,NA,NA,NA,NA,NA,4,6,4,NA,NA,Unsure,3,1,1,0,3,NA,4,50,50,30,70,5,5,5,5,5,5,5,5,5,5,5,5,5,5,5,5,5,5,4,4,4,4,5,4,5,4,4,4,4,4,4,3,4,4,4,4,3,1,5,NA,5,4,5,No views,50,US national laboratories for energy and security,4-year or bachelor degree,Female,"$75,000 to under $100,000",Metropolitan,Asian or Asian-American,No,Other or none,The Republican Party,I was not registered to vote,NA,South,Virginia,Female,18-29,4-yr/post-graduate degree,Other,South,Metropolitan,"> $50,000",Independent,3rd or didn't vote,1.9174585047089296
R_7Rb8OuPRfWMwXuF,2025-03-18T19:24:52Z,2025-03-18T19:30:22Z,1,46,33,27536,8,8,8,8,8,"Heat,",3,Plasma,3,Space,4,1,1,0,1,1,0,0,0,0,0,0,NA,5,2,4,5,4,NA,NA,It's potential to be dangerous.,3,1,1,0,1,4,NA,45,55,35,65,6,6,6,6,5,1,5,4,6,6,5,6,5,5,5,5,6,6,3,2,3,3,3,2,3,3,3,2,3,2,3,5,2,3,4,6,4,1,5,NA,4,1,5,I hope it can be utilized for the benefit of mankind.,10,US national laboratories for energy and security,4-year or bachelor degree,Male,"$50,000 to under $75,000",Non-metro,Black or African-American,No,Democrat,NA,I voted,Kamala Harris,South,North Carolina,Male,30-49,4-yr/post-graduate degree,Black,South,Non-metro,"> $50,000",Democrat,Kamala Harris,0.6784520984007156
R_7i2LUT88TXRfk1U,2025-03-21T23:08:31Z,2025-03-21T23:17:27Z,1,18,38,19335,4,6,6,4,7,Nuclear,4,fission,4,boom,2,1,0,1,0,0,0,0,0,0,0,0,NA,3,2,5,7,7,NA,Better energy production,NA,2,1,1,2,3,6,NA,45,55,40,60,10,10,10,10,2,1,2,1,8,10,10,10,10,8,10,10,10,6,4,4,4,4,4,4,4,4,5,4,4,4,4,4,4,4,4,3,1,0,NA,4,8,2,8,Good,50,US national laboratories for energy and security,Some high school or less,Male,"$100,000 to under $150,000",Metropolitan,Asian or Asian-American,No,Democrat,NA,I was too young to vote,NA,Northeast,Pennsylvania,Male,18-29,HS or less,Other,Northeast,Metropolitan,"> $50,000",Democrat,3rd or didn't vote,1.9599103977321828
R_7tthIxo7wOxvO8v,2025-03-19T22:35:26Z,2025-03-19T22:43:49Z,1,23,30,08902,6,7,8,8,10,Alternative,3,Nuclear,3,Powering,3,1,0,1,0,0,0,0,0,0,0,0,NA,0,1,5,5,4,NA,NA,"I don't know enough on the subject, specifically the downsides",2,1,1,0,1,5,NA,30,70,40,60,10,8,7,8,5,8,7,7,5,6,8,5,8,7,6,4,8,4,4,3,4,4,4,3,4,4,5,4,5,4,5,4,2,4,4,3,2,1,9,NA,10,1,2,No,10,US national laboratories for energy and security,"Some college, no degree",Female,"$100,000 to under $150,000",Metropolitan,Mixed race,Yes,Democrat,NA,I voted,Kamala Harris,Northeast,New Jersey,Female,18-29,Some college/2-yr degree,Hispanic,Northeast,Metropolitan,"> $50,000",Democrat,Kamala Harris,0.821785255334192
R_5JqkihWWEpGYNYP,2025-03-19T00:55:11Z,2025-03-19T01:40:35Z,1,18,26,59872,10,10,10,10,10,Atoms,3,Science,5,Advanced,4,1,0,0,0,1,0,1,0,1,0,1,School,3,2,5,6,5,NA,NA,"I live a naturally forested area and don’t necessarily want more industrialization, but it is also important to have space to host a facility to advance the science.",3,1,1,1,5,NA,6,30,70,40,60,10,10,10,10,7,4,6,7,8,7,9,9,9,10,6,7,9,5,4,4,4,4,4,3,5,4,5,4,4,4,4,5,5,2,4,3,2,1,9,NA,9,2,2,I think fusion energy is a good investment for a cleaner future.,10,US national laboratories for energy and security,Some high school or less,Female,"$150,000 to under $200,000",Non-metro,Mixed race,No,Democrat,NA,I was too young to vote,NA,West,Montana,Female,18-29,HS or less,Other,West,Non-metro,"> $50,000",Democrat,3rd or didn't vote,1.8780703120278182
R_3HWL3wELjaGE54B,2025-03-19T03:31:43Z,2025-03-19T03:36:19Z,1,18,35,44628,7,10,8,7,0,Life,3,Jobs,4,Energy,3,0,NA,NA,NA,NA,NA,NA,NA,NA,NA,NA,NA,NA,NA,4,4,4,NA,NA,I don’t know much about it,3,1,1,4,5,NA,4,75,25,50,50,7,8,5,7,5,7,5,6,6,8,6,7,6,4,7,5,5,6,4,4,4,5,5,3,4,5,3,3,5,4,5,4,3,5,3,4,3,0,NA,5,6,7,6,No,10,US national laboratories for energy and security,High school graduate or GED,Female,"$75,000 to under $100,000",Non-metro,White,No,Republican,NA,I was too young to vote,NA,Midwest,Ohio,Female,18-29,HS or less,White,Midwest,Non-metro,"> $50,000",Republican,3rd or didn't vote,2.260112722224982
R_7CddoGYswbquS27,2025-03-20T22:08:18Z,2025-03-20T22:15:37Z,1,26,22,49622,8,5,7,8,8,quantum,4,physics,4,mechanics,4,0,NA,NA,NA,NA,NA,NA,NA,NA,NA,NA,NA,NA,NA,6,6,6,NA,i believe it could be a step towards unlimited energy which nikola tesla already invented but has been purposefully kept hidden for decades,NA,2,1,1,0,3,NA,6,30,70,40,60,10,8,9,8,3,8,6,6,7,2,3,2,5,6,4,2,4,1,6,4,4,4,3,1,3,3,6,4,3,4,5,3,7,4,6,3,2,1,8,NA,8,2,6,i think it is very interesting and sounds like a step in the right direction,50,US national laboratories for energy and security,Some high school or less,Male,"$50,000 to under $75,000",Non-metro,White,No,Other or none,The Republican Party,I did not vote,NA,Midwest,Michigan,Male,18-29,HS or less,White,Midwest,Non-metro,"> $50,000",Independent,3rd or didn't vote,1.9424690048422995
R_3UzM7KD3B1mdgIh,2025-03-19T18:42:38Z,2025-03-19T18:47:59Z,1,28,32,10010,5,5,8,8,8,Reactir,4,Chemical reaction,4,Sustainable,5,1,0,0,0,0,0,0,0,0,0,1,School,5,1,5,5,4,NA,NA,It needs to not pollute the surrounding landscape,3,1,1,0,5,NA,5,20,80,15,85,9,9,8,9,4,4,5,8,7,8,7,8,10,7,7,8,9,7,5,4,4,3,6,4,4,4,6,4,4,4,4,3,5,4,4,2,1,1,6,NA,8,3,4,NA,50,US national laboratories for energy and security,Post-graduate degree,Female,"$75,000 to under $100,000",Metropolitan,Asian or Asian-American,No,Democrat,NA,I voted,Kamala Harris,Northeast,New York,Female,18-29,4-yr/post-graduate degree,Other,Northeast,Metropolitan,"> $50,000",Democrat,Kamala Harris,0.7421178015665398
R_1gz3O9LmCHkRDKp,2025-03-23T07:31:18Z,2025-03-23T07:46:38Z,1,62,11,96822,7,7,4,8,7,Mixed,3,Neither,3,Neither,3,0,NA,NA,NA,NA,NA,NA,NA,NA,NA,NA,NA,NA,NA,5,5,4,NA,NA,"What are the consequences for the surrounding community?  Noise, fumes, big buildings, traffic,  pollution",3,1,1,0,3,NA,4,50,50,30,70,7,8,6,4,8,8,7,8,6,4,5,4,5,4,4,5,5,4,5,4,3,5,4,3,4,4,4,5,4,6,4,4,6,4,5,4,2,1,5,NA,6,4,6,No,50,Lawrence Livermore National Laboratory,4-year or bachelor degree,Female,"$100,000 to under $150,000",Metropolitan,Asian or Asian-American,No,Republican,NA,I voted,Donald Trump,West,Hawaii,Female,50-64,4-yr/post-graduate degree,Other,West,Metropolitan,"> $50,000",Republican,Donald Trump,0.8345992700989591
R_5U0NDraKHR7hidr,2025-03-20T20:20:07Z,2025-03-20T20:34:23Z,1,49,42,37129,5,4,6,6,6,Something to do with nuclear power plants?,3,Radioactive?,2,NA,NA,1,0,0,0,0,0,0,0,0,1,0,NA,1,4,5,5,5,NA,NA,"I don't know enough about it to really have an opinion, but my feelings in general: It seems like it would be great--cheaper, less environment-damaging--but that it would be risky at least initially.",2,1,1,0,3,NA,5,50,50,50,50,9,9,8,7,8,7,9,6,1,7,7,5,9,8,7,7,9,6,4,4,4,4,5,3,4,4,5,4,4,4,4,3,5,4,4,5,3,1,8,NA,8,3,4,No,50,Lawrence Livermore National Laboratory,Post-graduate degree,Female,"$100,000 to under $150,000",Metropolitan,White,No,Democrat,NA,I voted,Kamala Harris,South,Tennessee,Female,30-49,4-yr/post-graduate degree,White,South,Metropolitan,"> $50,000",Democrat,Kamala Harris,0.6554809255602416
R_1gLu5SFpuVxKgcA,2025-03-19T22:10:31Z,2025-03-19T22:40:24Z,1,69,9,33409,9,7,9,9,1,Nuclear. Particle collider. Efficient.,5,Particle collider.,5,Efficient,5,1,0,1,1,1,0,1,0,1,0,0,NA,6,3,5,7,7,NA,"We need sustainable energy and our technology is right on the brink. With Ai help, humans can make this happen in a safe and timely manner. The implications and effect on other technology to improve our existence will be massive and incomprehensible at this point.",NA,2,1,1,3,1,NA,6,70,30,50,50,8,10,10,10,7,4,3,1,5,9,0,5,7,0,7,8,9,0,4,6,4,4,7,3,4,2,7,4,1,4,4,3,6,4,5,3,2,0,NA,5,5,4,3,No,50,Lawrence Livermore National Laboratory,4-year or bachelor degree,Male,"$75,000 to under $100,000",Metropolitan,White,No,Independent,Neither,I voted,Donald Trump,South,Florida,Male,65+,4-yr/post-graduate degree,White,South,Metropolitan,"> $50,000",Independent,Donald Trump,0.8591178777193457
R_3OqqSurZufDXczV,2025-03-19T18:39:31Z,2025-03-19T23:22:24Z,1,55,21,02740,9,7,9,3,10,Nuclear,3,Clean,5,Disaster,1,1,0,0,0,0,0,0,0,0,1,0,NA,1,4,2,3,1,I don’t know enough about fusion energy to feel okay about it being relatively nearby. Information from trusted scientific sources would be important in order for me to properly evaluate it.,NA,NA,3,1,0,0,1,NA,4,75,25,25,75,10,10,10,10,3,1,10,9,3,4,5,5,10,5,3,3,9,5,4,3,3,4,3,5,5,4,4,3,3,3,4,4,3,4,4,4,4,1,10,NA,10,1,2,I don’t enough to say anything more.,50,Lawrence Livermore National Laboratory,4-year or bachelor degree,Male,"$100,000 to under $150,000",Metropolitan,White,No,Independent,The Democratic Party,I voted,Kamala Harris,Northeast,Massachusetts,Male,50-64,4-yr/post-graduate degree,White,Northeast,Metropolitan,"> $50,000",Independent,Kamala Harris,0.6086951320645271
R_5GCJBlX0IP4qxyt,2025-03-20T12:47:00Z,2025-03-20T12:57:57Z,1,43,13,62082,6,6,6,5,1,Science,3,Cost,2,Together,4,0,NA,NA,NA,NA,NA,NA,NA,NA,NA,NA,NA,NA,NA,4,4,4,NA,NA,I just need more information about what it is. I need to do some research before I form an opinion.,3,1,1,0,5,NA,4,90,10,50,50,2,6,3,8,8,7,7,9,2,5,4,5,5,3,5,3,7,3,3,5,4,4,6,4,3,4,6,3,3,5,4,3,5,4,4,6,3,0,NA,0,0,6,6,I had never heard of this before and I plan to do some reading up on it.,10,US national laboratories for energy and security,2-year or associate degree,Female,"$50,000 to under $75,000",Non-metro,White,No,Republican,NA,I voted,Donald Trump,Midwest,Illinois,Female,30-49,Some college/2-yr degree,White,Midwest,Non-metro,"> $50,000",Republican,Donald Trump,0.8502628577742619
R_58OnjPu6MWTP11Y,2025-03-22T01:04:02Z,2025-03-22T01:13:26Z,1,21,16,67204,0,1,4,5,0,Cost,4,Efficient,4,Advancement,4,0,NA,NA,NA,NA,NA,NA,NA,NA,NA,NA,NA,NA,NA,7,5,5,NA,NA,"If it was 50 miles from my place, it seems at a safe distance, but I would feel more comfortable if it was in the middle of nowhere.",3,1,1,0,3,NA,4,50,50,25,75,4,5,4,5,1,3,1,2,1,5,5,5,9,1,7,5,8,7,5,5,4,4,1,2,3,4,5,5,3,4,4,7,7,5,4,3,2,0,NA,7,3,4,3,NA,50,Lawrence Livermore National Laboratory,2-year or associate degree,Male,"Less than $15,000",Metropolitan,Asian or Asian-American,No,Republican,NA,I did not vote,NA,Midwest,Kansas,Male,18-29,Some college/2-yr degree,Other,Midwest,Metropolitan,"< $50,000",Republican,3rd or didn't vote,2.224292736790114
R_6iO4KBjiAIJlOSn,2025-03-18T23:15:53Z,2025-03-18T23:31:05Z,1,28,30,08823,6,7,7,6,8,Nuclear,4,Fission,4,Necessary for AI/Future,3,1,0,0,1,0,0,1,1,1,0,0,NA,6,2,6,6,5,NA,NA,I’m not fully aware of the potential risks to consider but know compared to nuclear risks historically it is lower and overall am supportive of having it locally and globally,2,1,1,0,3,7,NA,60,40,70,30,10,9,10,9,6,3,6,6,7,8,7,7,8,8,8,7,8,6,5,4,4,4,5,3,4,4,6,4,4,4,5,4,5,4,5,3,2,1,6,NA,8,3,6,Excited to see it expand in the US for cleaner and more abundant energy options,10,Lawrence Livermore National Laboratory,4-year or bachelor degree,Female,"$100,000 to under $150,000",Metropolitan,White,No,Independent,The Democratic Party,I voted,Kamala Harris,Northeast,New Jersey,Female,18-29,4-yr/post-graduate degree,White,Northeast,Metropolitan,"> $50,000",Independent,Kamala Harris,0.6639135683387002
R_1ifXzfYJJstarqi,2025-03-22T05:00:37Z,2025-03-22T05:18:53Z,1,31,43,76579,9,8,9,5,5,Reaction,3,Merge,3,Powerful,3,1,1,1,1,1,1,1,1,1,0,0,NA,4,1,7,7,7,NA,"It would change the world for the better, I believe. Economically for sure. Lower living costs. And vastly change the world when it comes to renewable and non-renewable energy sources.",NA,3,1,1,0,1,6,NA,50,50,40,60,9,9,6,10,5,4,4,8,7,2,5,5,8,4,3,5,8,3,1,7,4,4,6,1,1,4,7,2,5,4,4,6,2,2,4,6,2,0,NA,5,4,5,3,I think it's a great advancement in science and technology and Im all for it.,10,Lawrence Livermore National Laboratory,"Some college, no degree",Male,"$50,000 to under $75,000",Metropolitan,White,No,Republican,NA,I voted,Donald Trump,South,Texas,Male,30-49,Some college/2-yr degree,White,South,Metropolitan,"> $50,000",Republican,Donald Trump,0.7946187766390592
R_1lKXNJfXgIoYcMx,2025-03-20T02:16:12Z,2025-03-20T02:42:39Z,1,36,46,22553,4,7,10,5,6,nuclear energy,3,clean energy,5,fallout,1,1,0,1,0,1,0,0,0,0,0,1,school,6,3,4,5,3,NA,NA,"I know that it's safe clean energy but I also know that when something wrong happens at an energy plant, it can be catastrophic.",4,1,1,0,2,6,NA,50,50,30,70,8,10,8,8,3,4,10,7,5,6,6,7,7,7,6,6,8,5,3,6,4,4,5,2,6,4,7,5,2,2,4,5,7,6,4,1,3,1,9,NA,7,1,1,NA,10,US national laboratories for energy and security,Post-graduate degree,Female,"$50,000 to under $75,000",Metropolitan,Mixed race,No,Democrat,NA,I voted,Kamala Harris,South,Virginia,Female,30-49,4-yr/post-graduate degree,Other,South,Metropolitan,"> $50,000",Democrat,Kamala Harris,0.6526088280022779
R_5k17EyPBElbxcI1,2025-03-18T20:52:23Z,2025-03-18T21:06:35Z,1,22,40,29044,6,5,8,7,5,electrical,4,useable,4,beneficiary,3,0,NA,NA,NA,NA,NA,NA,NA,NA,NA,NA,NA,NA,NA,2,4,3,NA,NA,What i read in the article is that it’s not ready for widespread and if they have second thoughts on it why will i live 10 miles sways or near it.,1,1,0,0,3,NA,4,40,60,30,70,6,5,3,8,8,7,6,6,8,7,6,7,5,5,4,7,4,3,4,4,3,4,5,6,4,4,4,5,4,4,4,4,5,5,4,6,3,1,0,NA,5,4,5,no,10,US national laboratories for energy and security,High school graduate or GED,Male,"$15,000 to under $50,000",Metropolitan,Black or African-American,No,Independent,Neither,I did not vote,NA,South,South Carolina,Male,18-29,HS or less,Black,South,Metropolitan,"< $50,000",Independent,3rd or didn't vote,1.5795993632158394
R_7YJLMYmH0mIpHhW,2025-03-19T20:58:06Z,2025-03-19T21:05:15Z,1,20,5,91303,7,7,9,7,8,curiosity,3,wonder,3,potential,4,0,NA,NA,NA,NA,NA,NA,NA,NA,NA,NA,NA,NA,NA,4,4,4,NA,NA,"i dont understand exactly how it works, and the positives and negatives have not been fully explained to me so i am on the fence",3,1,1,0,3,NA,4,50,50,30,70,10,10,10,10,3,3,4,8,0,6,6,6,7,8,6,6,6,3,3,3,5,6,6,3,3,5,4,5,5,4,4,5,5,5,4,3,3,1,8,NA,10,3,0,i dont know anything about it,50,Lawrence Livermore National Laboratory,High school graduate or GED,Male,"Less than $15,000",Metropolitan,Some other race,No,Other or none,The Democratic Party,I voted,Kamala Harris,West,California,Male,18-29,HS or less,Other,West,Metropolitan,"< $50,000",Independent,Kamala Harris,0.5408763682027521
R_3vfkF1MHX6oRkwF,2025-03-19T00:35:31Z,2025-03-19T00:50:14Z,1,65,32,11691,10,6,8,10,5,Blened,4,Electrons,3,Power outage,1,1,0,1,0,0,0,0,1,0,0,0,NA,5,1,4,6,6,NA,"Low, low cost. At least eventually.",NA,3,1,1,0,3,NA,5,25,75,75,25,5,5,5,7,5,6,8,6,10,3,3,3,3,0,3,7,3,0,4,4,5,5,7,1,4,7,7,3,5,4,4,1,5,5,2,1,1,0,NA,10,0,6,0,Even for a lesser amount it should be funded and not taken off the table.,50,US national laboratories for energy and security,4-year or bachelor degree,Male,"$50,000 to under $75,000",Metropolitan,Asian or Asian-American,No,Republican,NA,I voted,Donald Trump,Northeast,New York,Male,65+,4-yr/post-graduate degree,Other,Northeast,Metropolitan,"> $50,000",Republican,Donald Trump,1.0358576074855907
R_61QqPMv8UYXNYoF,2025-03-20T10:00:32Z,2025-03-20T10:05:01Z,1,40,43,75601,4,4,4,4,4,Not applicable at this time,4,Not applicable at this time,4,Not applicable at this time,4,1,1,0,1,0,0,0,0,0,0,0,NA,5,1,4,4,4,NA,NA,Not applicable at this time,6,0,1,3,3,NA,4,0,100,50,50,5,5,5,5,5,5,5,5,5,5,5,5,5,5,5,5,5,5,4,4,4,4,4,4,4,4,4,4,4,4,4,4,4,4,4,4,3,0,NA,5,5,4,5,Not applicable at this time,10,Lawrence Livermore National Laboratory,2-year or associate degree,Male,"$50,000 to under $75,000",Metropolitan,White,No,Independent,Neither,I voted,Donald Trump,South,Texas,Male,30-49,Some college/2-yr degree,White,South,Metropolitan,"> $50,000",Independent,Donald Trump,0.6578868609456703
R_7wKQLtairUBZgJQ,2025-03-19T16:57:13Z,2025-03-19T17:16:16Z,1,24,10,30350,10,10,10,10,0,Nuclear,4,Heat,4,Plasma,4,0,NA,NA,NA,NA,NA,NA,NA,NA,NA,NA,NA,NA,NA,7,7,7,NA,I am a big fan of energy. Any advancements make it easier for everyone to live,NA,1,1,1,0,3,5,NA,100,0,0,100,1,10,10,10,10,10,10,5,10,6,6,7,6,7,8,5,8,0,5,6,5,7,6,4,7,4,3,4,6,7,4,1,7,7,4,7,2,0,NA,0,0,4,0,It can be a great source of energy and can be a major help for everyone.,50,US national laboratories for energy and security,High school graduate or GED,Male,"$15,000 to under $50,000",Metropolitan,Black or African-American,No,Other or none,The Republican Party,I did not vote,NA,South,Georgia,Male,18-29,HS or less,Black,South,Metropolitan,"< $50,000",Independent,3rd or didn't vote,1.5795993632158394
R_5QVKl8funC5NmP8,2025-03-24T05:47:45Z,2025-03-24T05:55:54Z,1,36,43,76705,10,10,10,10,10,"Solar,power, environment",3,Not sure,3,NA,3,0,NA,NA,NA,NA,NA,NA,NA,NA,NA,NA,NA,NA,NA,4,1,2,Not sure how it will effect us humans,NA,NA,5,1,0,4,5,4,NA,50,50,50,50,5,5,6,5,7,5,2,7,4,5,5,5,5,5,4,5,5,5,4,4,4,4,4,4,4,4,4,4,4,4,4,4,4,4,4,4,3,0,NA,5,5,4,5,Nope,50,US national laboratories for energy and security,High school graduate or GED,Female,"$15,000 to under $50,000",Metropolitan,White,No,Other or none,Neither,I did not vote,NA,South,Texas,Female,30-49,HS or less,White,South,Metropolitan,"< $50,000",Independent,3rd or didn't vote,1.3351535159518975
R_5AGvRkmRC7DvPqs,2025-03-21T06:20:18Z,2025-03-21T06:47:15Z,1,54,18,70517,9,6,10,10,4,Connecting,2,Dangerous,2,Unstable,2,1,0,1,1,1,0,0,0,0,0,0,NA,3,2,2,2,1,It seems a little unstable and/or they don't know the long term effects it might have on humans or the environment and Its a little to experimental to have it that close to my house,NA,NA,2,1,0,2,5,4,NA,65,35,40,60,5,7,8,1,10,8,10,8,2,0,2,1,2,2,0,1,4,0,5,5,2,1,5,1,1,3,1,3,5,5,6,2,7,5,7,7,3,0,NA,7,4,5,0,I wish them good luck but I don't see any good coming out of it,10,Lawrence Livermore National Laboratory,"Some college, no degree",Female,"$50,000 to under $75,000",Metropolitan,White,No,Republican,NA,I voted,Donald Trump,South,Louisiana,Female,50-64,Some college/2-yr degree,White,South,Metropolitan,"> $50,000",Republican,Donald Trump,0.7667556579963318
R_51SLQdj9sWPdmz3,2025-03-19T18:02:40Z,2025-03-19T18:18:19Z,1,29,5,95122,5,5,5,5,5,fast,4,fuel,4,efficient,5,0,NA,NA,NA,NA,NA,NA,NA,NA,NA,NA,NA,NA,NA,5,5,5,NA,NA,I think having fusion energy is a great thing to do .,2,1,1,2,3,NA,6,50,50,50,50,10,10,10,10,10,10,10,10,8,10,10,10,10,10,10,10,10,10,5,5,3,4,4,3,4,3,3,3,4,3,5,4,5,5,3,4,2,1,5,NA,5,4,5,It is good for the environment  .,10,US national laboratories for energy and security,4-year or bachelor degree,Female,"$100,000 to under $150,000",Metropolitan,White,Yes,Republican,NA,I voted,Donald Trump,West,California,Female,18-29,4-yr/post-graduate degree,Hispanic,West,Metropolitan,"> $50,000",Republican,Donald Trump,1.138144443750214
R_6LtjRgkPB89NkAS,2025-03-19T17:40:11Z,2025-03-19T17:48:44Z,1,68,35,44720,8,8,10,10,10,NA,2,NA,3,NA,3,0,NA,NA,NA,NA,NA,NA,NA,NA,NA,NA,NA,NA,NA,4,1,1,Scared,NA,NA,2,0,0,0,5,NA,1,100,0,50,50,10,7,5,7,5,5,1,5,0,0,0,NA,0,0,0,0,0,0,NA,NA,NA,NA,NA,NA,NA,NA,NA,1,6,1,7,6,1,NA,1,7,3,1,7,NA,9,6,8,NA,50,US national laboratories for energy and security,High school graduate or GED,Female,"$15,000 to under $50,000",Metropolitan,White,No,Republican,NA,I voted,Donald Trump,Midwest,Ohio,Female,65+,HS or less,White,Midwest,Metropolitan,"< $50,000",Republican,Donald Trump,0.8798517085336746
R_5c06fK38GHTd6Ct,2025-03-18T19:23:05Z,2025-03-18T19:28:33Z,1,26,5,94118,7,6,7,8,6,New,5,exciting,5,far away,2,1,0,1,1,0,0,0,0,0,0,0,NA,4,2,7,7,7,NA,"I am interested in innovation and green energy, and not a NIMBY",NA,4,1,1,4,5,6,NA,50,50,20,80,8,8,6,7,8,8,6,2,8,8,5,7,7,2,5,5,5,7,5,5,4,4,7,2,5,5,5,4,3,5,5,2,7,5,5,6,2,1,10,NA,7,5,5,I strongly support it!,50,Lawrence Livermore National Laboratory,Post-graduate degree,Male,"$50,000 to under $75,000",Metropolitan,White,No,Independent,Neither,I voted,Someone else,South,California,Male,18-29,4-yr/post-graduate degree,White,South,Metropolitan,"> $50,000",Independent,3rd or didn't vote,1.9992389123731402
R_1iD6c7nWz8sQ9aP,2025-03-19T21:14:12Z,2025-03-19T21:25:53Z,1,27,43,77057,8,8,8,8,8,no clue,3,clueless,3,advanced,3,0,NA,NA,NA,NA,NA,NA,NA,NA,NA,NA,NA,NA,NA,4,4,4,NA,NA,"well... it all comes down to, will i and my home blow up?",3,1,1,0,2,4,NA,80,20,20,80,9,8,9,7,9,10,9,10,6,5,5,5,5,5,5,5,5,5,5,4,4,4,4,4,4,4,4,4,4,4,4,4,5,4,4,4,3,1,9,NA,9,2,2,"nope, i don't think this will ever come to fruition",50,US national laboratories for energy and security,Post-graduate degree,Female,"$50,000 to under $75,000",Metropolitan,Mixed race,Yes,Democrat,NA,I voted,Kamala Harris,South,Texas,Female,18-29,4-yr/post-graduate degree,Hispanic,South,Metropolitan,"> $50,000",Democrat,Kamala Harris,0.8914604914642591
R_3RXtsJihCnyYdnG,2025-03-19T19:42:27Z,2025-03-19T19:49:09Z,1,54,9,32259,7,4,10,7,4,Nothing,3,Nothing,3,Nothing,3,2,NA,NA,NA,NA,NA,NA,NA,NA,NA,NA,NA,NA,NA,3,4,4,NA,NA,Chernobyl,3,1,1,0,3,4,NA,60,40,50,50,8,8,8,8,3,5,3,5,3,8,7,6,8,7,8,7,9,5,4,5,5,4,3,3,5,4,3,4,4,4,4,6,5,4,4,7,2,1,4,NA,6,5,4,Mo,50,Lawrence Livermore National Laboratory,Post-graduate degree,Female,"$100,000 to under $150,000",Metropolitan,White,No,Republican,NA,I voted,Donald Trump,South,Florida,Female,50-64,4-yr/post-graduate degree,White,South,Metropolitan,"> $50,000",Republican,Donald Trump,0.8339644773056427
R_6c12Cr89FlGsGVr,2025-03-19T14:53:16Z,2025-03-20T06:28:47Z,1,43,5,92102,7,8,7,7,8,No idea,3,Confused,3,Nothing,3,0,NA,NA,NA,NA,NA,NA,NA,NA,NA,NA,NA,NA,NA,4,4,2,Sound risky,NA,NA,3,1,0,0,5,4,NA,20,80,60,40,5,5,5,5,5,5,5,5,5,NA,5,NA,NA,NA,5,NA,NA,5,4,5,5,5,1,2,4,2,5,5,NA,NA,3,4,NA,4,4,4,3,1,2,NA,8,3,0,NA,10,Lawrence Livermore National Laboratory,High school graduate or GED,Female,"$50,000 to under $75,000",Metropolitan,Some other race,Yes,Democrat,NA,I voted,Kamala Harris,West,California,Female,30-49,HS or less,Hispanic,West,Metropolitan,"> $50,000",Democrat,Kamala Harris,0.6910826239105347
R_5HIevjSizm9urpK,2025-03-22T01:42:02Z,2025-03-22T02:06:31Z,1,18,30,08844,5,7,7,7,10,cool,4,idk,3,what is it,2,0,NA,NA,NA,NA,NA,NA,NA,NA,NA,NA,NA,NA,NA,6,5,5,NA,NA,i dont really know anything about it tbh idk if a fusion energy facility would cause polution or anything. we also have overdevelopment/flooding problems in my area that have nothing to do with this so a new facility of any sort might not be great. probably would be fine though,3,1,1,0,1,NA,6,40,60,5,95,10,9,7,8,7,8,6,3,4,9,6,9,8,4,8,6,10,6,5,4,4,4,6,2,6,4,6,4,4,4,4,3,6,3,5,4,2,1,10,NA,10,1,1,It sounds decent but idk how feasible it is. Also you probably won't get this in time but tell the OU basketball team to lock in,10,US national laboratories for energy and security,Some high school or less,Male,"$100,000 to under $150,000",Metropolitan,White,No,Democrat,NA,I was too young to vote,NA,Northeast,New Jersey,Male,18-29,HS or less,White,Northeast,Metropolitan,"> $50,000",Democrat,3rd or didn't vote,1.9685358616021482
R_6o7pDgy5ZDeOaiN,2025-03-23T07:02:02Z,2025-03-23T07:11:19Z,1,31,33,27020,10,5,10,10,2,Nuclear,2,Atomic,1,Chernobyl,1,1,0,0,0,1,0,0,0,1,0,0,NA,0,2,3,2,1,Afraid of a meltdown or explosion,NA,NA,3,0,0,0,3,1,NA,90,10,0,100,1,1,1,1,10,10,10,10,5,8,2,8,8,2,4,5,1,0,4,2,4,4,2,4,4,2,1,4,6,4,4,6,3,4,6,7,3,0,NA,9,1,5,2,It's a bad idea and extremely unsafe,10,US national laboratories for energy and security,High school graduate or GED,Male,"Less than $15,000",Metropolitan,White,No,Independent,The Republican Party,I voted,Donald Trump,South,North Carolina,Male,30-49,HS or less,White,South,Metropolitan,"< $50,000",Independent,Donald Trump,0.5626171795235372
R_7cClfnWyNgwJ95L,2025-03-19T12:53:11Z,2025-03-19T13:04:18Z,1,25,43,77049,2,6,8,3,7,Nuclear Fusion,2,Hybrid,3,Forward thinking,5,0,NA,NA,NA,NA,NA,NA,NA,NA,NA,NA,NA,NA,NA,6,5,6,NA,NA,I'm worried about being exposed to the potential waste / byproducts of the fusion energy refinement / harnessing process.,3,1,1,0,3,NA,5,60,40,20,80,7,8,9,10,5,3,5,4,6,3,2,5,8,5,5,3,8,1,5,5,4,3,2,1,5,2,1,2,2,4,4,6,7,2,6,4,1,1,8,NA,10,2,2,N/A,10,Lawrence Livermore National Laboratory,"Some college, no degree",Male,"$150,000 to under $200,000",Metropolitan,Mixed race,Yes,Independent,The Democratic Party,I did not vote,NA,South,Texas,Male,18-29,Some college/2-yr degree,Hispanic,South,Metropolitan,"> $50,000",Independent,3rd or didn't vote,2.204159801099133
R_6fKaI45BeRdbbzJ,2025-03-19T16:09:42Z,2025-03-19T16:24:27Z,1,68,23,56340,10,9,9,8,7,Sounds better then gas,4,Clean energy,4,Good option,4,1,0,0,0,0,0,0,0,0,1,0,NA,1,3,5,6,7,NA,It's clean energy which is what I'm for,NA,2,1,1,0,3,6,NA,40,60,60,40,8,8,8,9,5,5,5,6,10,8,8,5,7,5,5,8,8,2,4,4,4,4,4,4,4,4,6,4,5,4,4,5,5,4,4,6,1,1,7,NA,7,4,7,It sounds like a great idea,50,Lawrence Livermore National Laboratory,2-year or associate degree,Female,"$75,000 to under $100,000",Metropolitan,White,No,Republican,NA,I voted,Donald Trump,Midwest,Minnesota,Female,65+,Some college/2-yr degree,White,Midwest,Metropolitan,"> $50,000",Republican,Donald Trump,1.028839679433728
R_1S39ZCb13eaUrKL,2025-03-19T22:09:17Z,2025-03-19T22:13:43Z,1,49,25,64772,5,6,5,6,5,Elon,3,Musk,3,Tesla,3,2,NA,NA,NA,NA,NA,NA,NA,NA,NA,NA,NA,NA,NA,4,4,4,NA,NA,I don't know much about it,6,0,0,4,5,4,NA,50,50,50,50,5,5,5,5,5,5,5,5,5,5,5,5,5,5,5,5,5,5,5,4,4,5,4,4,4,4,4,4,4,4,4,4,4,4,4,4,3,0,NA,5,4,4,5,No,10,Lawrence Livermore National Laboratory,High school graduate or GED,Female,"$15,000 to under $50,000",Non-metro,White,No,Independent,Neither,I did not vote,NA,Midwest,Missouri,Female,30-49,HS or less,White,Midwest,Non-metro,"< $50,000",Independent,3rd or didn't vote,1.483054792544887
R_5r2IWIu7mKxReoR,2025-03-20T14:31:15Z,2025-03-20T14:40:58Z,1,41,43,77014,5,9,10,8,5,Innovative,3,Future,4,Life changing,5,0,NA,NA,NA,NA,NA,NA,NA,NA,NA,NA,NA,NA,NA,4,4,1,Don't know side affects having so close,NA,NA,3,0,0,0,4,4,NA,50,50,50,50,3,5,4,5,4,4,10,5,8,2,8,7,7,7,3,5,3,0,6,6,5,6,5,7,6,4,4,3,7,4,4,4,4,4,4,1,3,1,5,NA,6,4,5,Very interesting,10,US national laboratories for energy and security,High school graduate or GED,Male,"$50,000 to under $75,000",Metropolitan,Black or African-American,No,Republican,NA,I did not vote,NA,South,Texas,Male,30-49,HS or less,Black,South,Metropolitan,"> $50,000",Republican,3rd or didn't vote,1.8714303031597803
R_3ZJmlKfRRwl4NxX,2025-03-22T10:45:11Z,2025-03-22T10:55:22Z,1,53,7,06468,4,10,10,5,0,Clueless,2,Confused,2,Trickery,2,0,NA,NA,NA,NA,NA,NA,NA,NA,NA,NA,NA,NA,NA,3,5,5,NA,NA,I don’t know anything about the risks involved with this type of energy,3,0,1,0,5,2,NA,60,40,0,100,3,6,3,3,10,10,10,10,0,3,5,5,5,3,5,5,6,5,4,3,4,4,6,4,4,4,6,4,4,4,4,5,4,4,4,7,4,1,4,NA,4,6,2,I don’t think it is save at all after doing this survey,50,Lawrence Livermore National Laboratory,2-year or associate degree,Female,"$50,000 to under $75,000",Metropolitan,White,No,Republican,NA,I voted,Donald Trump,Northeast,Connecticut,Female,50-64,Some college/2-yr degree,White,Northeast,Metropolitan,"> $50,000",Republican,Donald Trump,0.7687830447724778
R_3NL134yj8OQhuT2,2025-03-19T23:55:22Z,2025-03-20T00:01:22Z,1,18,30,07101,2,9,10,5,10,Clean,5,Energy,5,Solutions,5,2,NA,NA,NA,NA,NA,NA,NA,NA,NA,NA,NA,NA,NA,5,4,5,NA,NA,no,3,1,1,1,2,NA,7,60,40,50,50,9,8,9,7,9,9,7,6,7,9,10,10,10,10,9,9,10,8,7,4,7,7,4,7,7,4,7,4,4,1,7,4,4,6,4,4,2,1,10,NA,10,2,0,NA,10,US national laboratories for energy and security,High school graduate or GED,Other,"$15,000 to under $50,000",Metropolitan,Asian or Asian-American,No,Democrat,NA,I voted,Kamala Harris,Northeast,New Jersey,Female,18-29,HS or less,Other,Northeast,Metropolitan,"< $50,000",Democrat,Kamala Harris,0.5835043026119229
R_3MVOUCYSf0y1hyV,2025-03-18T20:12:45Z,2025-03-18T20:21:37Z,1,61,43,78212,10,10,10,10,10,Inventive,1,Disastrous,1,Expensive,1,0,NA,NA,NA,NA,NA,NA,NA,NA,NA,NA,NA,NA,NA,1,1,1,The World needs to stop investing,NA,NA,3,0,0,0,2,NA,1,100,0,0,100,1,1,10,1,10,1,1,1,0,0,0,0,0,0,0,0,0,0,1,7,1,1,1,1,1,1,1,7,7,4,7,4,7,7,7,4,5,1,0,NA,10,7,0,Something that doesn't even exist,10,Lawrence Livermore National Laboratory,High school graduate or GED,Male,"$15,000 to under $50,000",Metropolitan,White,Yes,Democrat,NA,I voted,Kamala Harris,South,Texas,Male,50-64,HS or less,Hispanic,South,Metropolitan,"< $50,000",Democrat,Kamala Harris,0.6426308910351065
R_7kkraAht6VMESxr,2025-03-20T17:31:36Z,2025-03-20T17:40:33Z,1,21,46,24060,9,7,10,8,7,nuclear,3,reaction,3,cells,3,2,NA,NA,NA,NA,NA,NA,NA,NA,NA,NA,NA,NA,NA,4,4,2,"I don't know much about fusion energy, but I have heard that nuclear energy can cause electricity costs to increase in the surrounding areas and cause water pollution.",NA,NA,2,1,1,0,5,4,NA,25,75,25,75,10,7,8,8,8,9,10,10,8,9,9,9,9,6,5,9,9,1,4,4,4,4,7,1,4,2,6,4,4,4,4,1,6,4,4,7,2,1,7,NA,7,4,3,NA,10,US national laboratories for energy and security,4-year or bachelor degree,Female,"$75,000 to under $100,000",Metropolitan,White,No,Other or none,The Republican Party,I voted,Donald Trump,South,Virginia,Female,18-29,4-yr/post-graduate degree,White,South,Metropolitan,"> $50,000",Independent,Donald Trump,0.7817776777779322
R_7EZSpYKcahHNEyJ,2025-03-18T20:49:16Z,2025-03-18T21:36:08Z,1,33,43,77074,7,10,9,4,4,Future,4,Science,4,dangerous,2,1,0,0,0,1,0,0,0,0,0,0,NA,7,3,5,5,1,What if it explodes?!,NA,NA,2,1,0,3,3,NA,4,20,80,80,20,7,7,7,4,2,2,5,5,7,3,6,2,7,7,8,8,7,7,5,7,6,5,4,6,5,5,6,5,6,2,6,7,6,6,2,6,4,1,9,NA,4,6,3,I'm more informed now,50,Lawrence Livermore National Laboratory,"Some college, no degree",Male,"$50,000 to under $75,000",Metropolitan,White,Yes,Democrat,NA,I did not vote,NA,South,Texas,Male,30-49,Some college/2-yr degree,Hispanic,South,Metropolitan,"> $50,000",Democrat,3rd or didn't vote,2.1819178672821455
R_73w3AuIWOnQj8GU,2025-03-20T12:59:31Z,2025-03-20T13:30:37Z,1,73,20,21801,10,9,8,8,7,nuclear energy,3,three mile island,2,Japan nuclear energy,1,1,1,0,0,1,0,0,0,1,0,0,NA,1,2,2,2,1,"We all ready have a nuclear power plant within 20-30 miles of our residence.  It seems that if there were a nuclear accident we are well inside the total destruction area.  That is a bit un-nerving.  I have personally observed the plant up close (we were waterside security), and having a LNG facility very close to this nuclear plant, it appears if one doesn't get us, the other will.  I realize it's necessary to produce electricity for the area (Washington DC/Baltimore MD), but there are some safe guards, but it's really unnerving having that plant as close to the chesapeake bay (terrible damage to the environment), not to mention the folks that live in the area.",NA,NA,3,1,1,0,3,NA,5,90,10,60,40,3,4,3,3,8,8,8,10,6,6,4,4,8,2,2,6,2,0,4,3,4,2,7,2,2,7,1,4,3,5,4,1,7,6,3,6,3,1,6,NA,9,6,3,"I think the theory of fusion energy is a great idea, however, I also believe the US (GOVT)maybe should fund, provide security but in the back of my mind, the govt has gotten so corrupt (all politicians), that they'll be politicians looking after themselves and their pocketbooks, and not the folks that they serve.  Heck, they can't even get the wind farms straight off the east coast, some folks think we need them, so say they will damage the environment, some say it will ruin the look of the ocean (and wind power is alot more safer than fusion energy.",10,US national laboratories for energy and security,"Some college, no degree",Male,"$50,000 to under $75,000",Metropolitan,White,No,Independent,The Republican Party,I voted,Someone else,South,Maryland,Male,65+,Some college/2-yr degree,White,South,Metropolitan,"> $50,000",Independent,3rd or didn't vote,1.9458619063773093
R_7onAo8BYRQl3Mk1,2025-03-19T17:44:49Z,2025-03-19T17:51:57Z,1,27,40,29206,3,7,8,3,7,Nuclear power plant,4,Renewable energy,4,Power,4,1,0,0,0,0,0,0,0,0,0,1,Education,4,2,4,5,3,NA,NA,I’m not sure I would choose to live by one,2,1,1,0,3,NA,4,80,20,50,50,8,8,5,6,8,6,7,4,6,7,6,7,7,6,6,6,8,3,5,3,5,5,3,5,5,5,3,4,4,4,4,3,4,4,4,2,2,1,9,NA,5,4,6,It sounds like a good energy to invest in,10,US national laboratories for energy and security,Post-graduate degree,Male,"$50,000 to under $75,000",Metropolitan,Asian or Asian-American,No,Republican,NA,I voted,Donald Trump,South,South Carolina,Male,18-29,4-yr/post-graduate degree,Other,South,Metropolitan,"> $50,000",Republican,Donald Trump,0.9759225878154264
R_507uWGZOnHH8iLx,2025-03-18T20:13:08Z,2025-03-18T20:19:06Z,1,25,48,26275,7,5,7,5,3,Fused,3,Energy,4,Saving,4,0,NA,NA,NA,NA,NA,NA,NA,NA,NA,NA,NA,NA,NA,4,5,4,NA,NA,I don't know much about fusion energy,4,0,0,2,3,4,NA,20,80,80,20,7,3,8,6,9,4,6,4,7,4,7,3,7,2,5,4,7,6,3,4,4,5,2,4,4,1,2,5,4,3,5,4,2,1,4,2,3,0,NA,6,4,4,4,Nope,50,US national laboratories for energy and security,High school graduate or GED,Male,"Less than $15,000",Non-metro,White,No,Independent,Neither,I did not vote,NA,South,West Virginia,Male,18-29,HS or less,White,South,Non-metro,"< $50,000",Independent,3rd or didn't vote,1.5597406574020785
R_3BaO7gVmMsuBp6v,2025-03-21T22:11:18Z,2025-03-21T22:26:14Z,1,67,19,04967,6,9,9,6,6,Nuclear,4,Efficient,4,new,4,1,0,0,0,1,0,0,0,0,0,0,NA,6,2,6,7,7,NA,"It is fairly new, but once developed it will save people money for energy needs.",NA,2,0,0,0,3,NA,6,50,50,50,50,10,8,7,8,9,8,7,7,8,7,8,8,5,7,7,7,6,9,7,5,4,5,4,5,7,6,5,4,6,5,6,5,4,7,6,5,4,1,6,NA,7,5,8,Looks promiising.,50,US national laboratories for energy and security,Post-graduate degree,Male,"$50,000 to under $75,000",Non-metro,White,No,Republican,NA,I voted,Donald Trump,Northeast,Maine,Male,65+,4-yr/post-graduate degree,White,Northeast,Non-metro,"> $50,000",Republican,Donald Trump,1.0323421442516716
R_68ZkQVC5u8mW3Rw,2025-03-18T21:18:06Z,2025-03-18T21:31:46Z,1,38,35,45656,7,8,8,8,6,Clean,5,Nuclear,3,Power,4,1,1,1,1,0,0,1,0,1,0,0,NA,7,3,3,7,5,NA,NA,Still not sure of the potential risks associated with said technology.,3,1,1,2,3,NA,7,80,20,50,50,10,10,10,10,4,6,6,5,7,7,6,6,10,6,6,6,9,5,4,6,4,4,6,1,4,2,6,4,5,4,4,3,7,3,6,5,2,1,6,NA,7,5,2,NA,50,Lawrence Livermore National Laboratory,"Some college, no degree",Male,"$50,000 to under $75,000",Non-metro,White,No,Other or none,The Republican Party,I was not registered to vote,NA,Midwest,Ohio,Male,30-49,Some college/2-yr degree,White,Midwest,Non-metro,"> $50,000",Independent,3rd or didn't vote,1.8002259937726137
R_7dN6G6TGOl3dbCn,2025-03-21T07:38:05Z,2025-03-21T07:50:11Z,1,28,17,42634,10,10,10,10,7,Heat,3,Electric,4,Nuclear,3,0,NA,NA,NA,NA,NA,NA,NA,NA,NA,NA,NA,NA,NA,7,5,7,NA,NA,Fusion energy will cut don’t cost it seems but we also don’t know much about it or what could happen,4,1,1,0,2,6,NA,0,100,50,50,10,6,6,6,6,6,6,6,10,5,5,3,5,5,5,6,7,3,7,7,4,4,1,4,4,1,7,7,5,5,6,4,5,6,6,7,1,1,10,NA,5,7,0,NA,50,Lawrence Livermore National Laboratory,High school graduate or GED,Female,"Less than $15,000",NA,White,No,Republican,NA,I voted,Donald Trump,NA,Kentucky,Female,18-29,HS or less,White,South,Metropolitan,"< $50,000",Republican,Donald Trump,0.7424412433694879
R_7GB7eoLinRb0L8l,2025-03-19T16:07:24Z,2025-03-19T16:13:57Z,1,55,36,74055,7,8,8,7,7,Confused,3,Curios,3,Interested,3,0,NA,NA,NA,NA,NA,NA,NA,NA,NA,NA,NA,NA,NA,4,4,4,NA,NA,I would like to learn more because it sounds like it could be scary if something malfunctions,2,1,1,0,5,NA,4,50,50,60,40,8,8,8,7,9,6,8,7,7,4,8,7,5,8,7,5,8,6,4,4,5,5,4,5,3,5,4,5,4,4,4,4,4,4,4,5,3,1,6,NA,8,5,6,No,50,US national laboratories for energy and security,High school graduate or GED,Female,"$50,000 to under $75,000",Metropolitan,White,No,Republican,NA,I voted,Donald Trump,South,Oklahoma,Female,50-64,HS or less,White,South,Metropolitan,"> $50,000",Republican,Donald Trump,0.7294759208506334
R_50Z8hoUzupeuwvI,2025-03-21T18:50:43Z,2025-03-21T19:16:11Z,1,32,21,02038,10,9,9,9,10,Atoms,2,Infinite,4,Messy,4,0,NA,NA,NA,NA,NA,NA,NA,NA,NA,NA,NA,NA,NA,3,2,3,"Without information about how this would impact the environment, I cannot commit to an idea I just learned about Especially what economic and environmental impacts would a facility create for a community in which it’s in.",NA,NA,3,1,0,0,2,5,NA,70,30,50,50,10,7,10,10,10,10,10,10,9,9,9,9,8,8,8,9,10,7,4,4,4,4,5,2,4,5,7,5,4,4,4,3,6,7,5,3,4,1,6,NA,8,2,2,NA,10,US national laboratories for energy and security,"Some college, no degree",Male,"$50,000 to under $75,000",Metropolitan,Black or African-American,No,Democrat,NA,I voted,Kamala Harris,Northeast,Massachusetts,Male,30-49,Some college/2-yr degree,Black,Northeast,Metropolitan,"> $50,000",Democrat,Kamala Harris,0.6303168990891728
R_5338nxtsR6vHpEJ,2025-03-18T19:19:56Z,2025-03-18T20:07:47Z,1,46,21,01757,8,6,9,3,8,energy from multiple sources,3,nuclear energy,2,non renewable sources,3,0,NA,NA,NA,NA,NA,NA,NA,NA,NA,NA,NA,NA,NA,5,5,3,NA,NA,I would want to do much more research before I could form an opinion on whether I'd want that so close,3,1,1,0,1,NA,5,10,90,35,65,9,7,8,8,7,4,7,9,1,9,8,7,9,4,6,9,9,3,4,4,4,4,6,3,4,4,6,4,4,4,4,2,6,4,4,2,2,1,7,NA,9,3,3,It's a very intriguing concept that I would like to know more about.  I'll be researching it!,10,US national laboratories for energy and security,4-year or bachelor degree,Female,"$150,000 to under $200,000",Metropolitan,White,No,Independent,The Democratic Party,I voted,Kamala Harris,Northeast,Massachusetts,Female,30-49,4-yr/post-graduate degree,White,Northeast,Metropolitan,"> $50,000",Independent,Kamala Harris,0.5853807631371157
R_5z78l16J3PRS7ba,2025-03-19T21:58:59Z,2025-03-19T22:14:31Z,1,19,9,32608,6,8,5,7,9,combination,4,hydrogen converting to helium,3,mix,4,0,NA,NA,NA,NA,NA,NA,NA,NA,NA,NA,NA,NA,NA,4,4,5,NA,NA,"I'm not too familiar with fusion energy. As with all forms of renewable energy, there are several pros and cons to consider, so I'm neutral on the matter.",3,1,1,0,3,NA,5,70,30,20,80,10,8,9,9,9,7,9,8,2,8,8,8,7,5,7,8,7,4,4,3,4,5,5,3,4,3,6,5,4,4,4,5,5,4,5,6,2,1,10,NA,10,2,4,Fusion energy seems like a promising alternative to fossil fuels. I'm curious to see its benefits and risks when it's implemented and developed further.,10,US national laboratories for energy and security,High school graduate or GED,Male,"$150,000 to under $200,000",Metropolitan,Black or African-American,No,Other or none,The Democratic Party,I voted,Kamala Harris,South,Florida,Male,18-29,HS or less,Black,South,Metropolitan,"> $50,000",Independent,Kamala Harris,0.6041861898493184
R_6fOyOXNOyyv0nr0,2025-03-19T17:22:08Z,2025-03-19T17:27:31Z,1,76,3,85338,10,10,10,10,0,three mile island,2,not good energy,1,atomic energy tragedy,1,2,NA,NA,NA,NA,NA,NA,NA,NA,NA,NA,NA,NA,NA,1,1,1,NA,NA,NA,6,0,0,0,5,NA,1,100,0,0,100,1,1,1,1,1,1,1,1,0,0,0,0,0,0,0,0,0,0,1,1,1,1,1,1,1,1,1,2,2,3,2,3,3,2,2,2,4,0,NA,10,0,7,0,NA,10,Lawrence Livermore National Laboratory,Post-graduate degree,Male,"$100,000 to under $150,000",Metropolitan,White,No,Republican,NA,I voted,Donald Trump,West,Arizona,Male,65+,4-yr/post-graduate degree,White,West,Metropolitan,"> $50,000",Republican,Donald Trump,1.043032711588698
R_339WiSlaUtn8OrZ,2025-03-18T22:58:14Z,2025-03-18T23:27:09Z,1,65,32,12180,9,9,7,8,9,radioactive,2,potentially dangerous for the public,2,Most likely a necessary evil,3,1,0,0,0,1,0,0,0,0,0,0,NA,4,4,3,4,2,"Having seen the meltdowns at Three Mile Island and Chernobyl, as well as the leaking of radioactive waste after the Fukushima disaster, I'm not entirely confident that the human race is ready for energy created by the use of radioactive substances. There are other, far less dangerous options that have not been developed or used efficiently, since there are many powerful and wealthy people investing in petroleum based energy production. I grew up in the Cancer Alley region of the South and have seen firsthand the disasters brought about by lack of care for the environment and the people who live in it. Why would I expect the development of fusion energy to be any different? So long as money runs the show, risks will be taken to ""save money"" - and callous indifference will be shown about the environment and those creatures that live in it, including humans.",NA,NA,6,0,1,1,2,NA,5,0,100,10,90,7,5,5,5,10,9,10,10,0,6,8,9,9,8,3,7,9,1,2,5,4,4,5,1,2,4,6,6,3,4,4,3,7,6,7,2,2,1,9,NA,8,2,0,"I honestly think that the funding and energy spent on developing fusion energy could be much better spent elsewhere. After all, Save The Children is now sponsoring children in West Virginia and the Mississippi River Delta area - if children in America are that badly off, why would we throw money at what may very well be a chimera, with no certainty as to it ever being possible? Fix the damage that's here, then come up with new projects.",10,Lawrence Livermore National Laboratory,4-year or bachelor degree,Female,"$15,000 to under $50,000",Metropolitan,White,No,Democrat,NA,I voted,Kamala Harris,Northeast,New York,Female,65+,4-yr/post-graduate degree,White,Northeast,Metropolitan,"< $50,000",Democrat,Kamala Harris,0.7092929626235588
R_7CdGGUAdetEUS7y,2025-03-19T23:04:16Z,2025-03-19T23:11:48Z,1,25,38,19130,0,7,5,3,8,Danger,1,Nuclear,3,Clean,5,1,0,0,0,0,0,0,0,0,1,0,NA,1,2,6,6,5,NA,NA,I live in the middle of a dense city and this would not be a good use for prime real estate. I have no qualms about the safety of it being near me,3,1,1,0,3,NA,5,0,100,25,75,10,10,6,4,5,1,1,1,0,10,10,10,10,5,0,10,10,0,4,4,4,4,4,2,4,4,5,4,4,4,4,4,5,4,4,2,1,1,10,NA,10,1,3,NA,10,US national laboratories for energy and security,Post-graduate degree,Female,"$100,000 to under $150,000",Metropolitan,White,No,Independent,The Democratic Party,I voted,Kamala Harris,Northeast,Pennsylvania,Female,18-29,4-yr/post-graduate degree,White,Northeast,Metropolitan,"> $50,000",Independent,Kamala Harris,0.6639135683387002
R_7qxbPFavGNITUhM,2025-03-20T05:19:08Z,2025-03-20T05:23:30Z,1,22,35,43130,8,7,8,7,7,Interesting,4,Cool,4,Costly,2,1,1,1,1,0,1,0,0,0,0,0,NA,5,2,5,4,4,NA,NA,I feel it is expensive and could create problems but also has many long term benefits.,3,1,1,1,3,5,NA,30,70,50,50,8,6,6,5,8,8,8,6,4,4,6,7,6,5,5,7,9,4,3,4,5,4,4,1,4,2,2,2,3,4,4,3,2,4,5,4,3,1,7,NA,7,3,7,NA,10,Lawrence Livermore National Laboratory,"Some college, no degree",Male,"$100,000 to under $150,000",Metropolitan,White,No,Independent,The Democratic Party,I voted,Kamala Harris,Midwest,Ohio,Male,18-29,Some college/2-yr degree,White,Midwest,Metropolitan,"> $50,000",Independent,Kamala Harris,0.70748183193865
R_5mwlVGFU2QbmobK,2025-03-19T16:41:16Z,2025-03-19T16:49:40Z,1,38,5,94587,9,9,9,8,9,I wonder how it will benefit me and my family,3,Neutral reaction to it,3,Still neutral reaction,3,2,NA,NA,NA,NA,NA,NA,NA,NA,NA,NA,NA,NA,NA,5,5,5,NA,NA,I just want to make there’s more pros and cons for the environment and people,2,1,1,0,2,NA,5,60,40,40,60,8,7,7,8,8,8,8,8,8,8,9,8,8,9,8,8,8,9,4,5,5,5,5,5,5,4,6,5,5,5,4,5,4,5,6,4,3,1,7,NA,8,3,8,I will pause my thoughts on fusion energy until we hear more about it and it actually comes to fruition,10,Lawrence Livermore National Laboratory,2-year or associate degree,Female,"$50,000 to under $75,000",Metropolitan,Asian or Asian-American,No,Democrat,NA,I voted,Kamala Harris,West,California,Female,30-49,Some college/2-yr degree,Other,West,Metropolitan,"> $50,000",Democrat,Kamala Harris,0.6031147414120587
R_3PR0icxcLQoecp3,2025-03-19T06:47:11Z,2025-03-19T07:26:56Z,1,25,5,91405,5,7,9,4,9,Limitless,5,Difficult,2,Science fiction,3,1,0,1,1,1,0,0,0,1,0,0,NA,7,2,5,7,7,NA,Doesn't have the waste of traditional nuclear plants and produces energy without carbon emissions,NA,3,1,1,1,3,7,NA,20,80,50,50,9,7,8,7,6,5,6,3,3,10,9,8,9,8,9,7,10,7,5,5,4,5,4,2,5,4,6,4,4,4,4,4,5,4,4,4,3,1,10,NA,10,1,1,Strongly support it's research and development and think it should replace fossil fuels,50,Lawrence Livermore National Laboratory,4-year or bachelor degree,Male,"$50,000 to under $75,000",Metropolitan,Mixed race,Yes,Independent,The Democratic Party,I voted,Someone else,West,California,Male,18-29,4-yr/post-graduate degree,Hispanic,West,Metropolitan,"> $50,000",Independent,3rd or didn't vote,2.4097456375672697
R_6G8Zsk60wkyZnDb,2025-03-19T05:24:38Z,2025-03-19T05:46:37Z,1,42,43,77004,0,10,10,10,5,Nothing,3,Pointless,3,Stupid,3,0,NA,NA,NA,NA,NA,NA,NA,NA,NA,NA,NA,NA,NA,4,4,4,NA,NA,Im nit sure what fusion energy is so I can't make a decisions on anything that I know nothing about,6,1,0,0,4,NA,4,0,100,50,50,4,6,5,7,6,6,7,6,0,0,0,0,0,0,0,0,0,0,6,6,3,4,3,3,5,4,3,3,4,5,3,4,5,5,4,3,4,1,4,NA,5,4,0,No I dont,50,Lawrence Livermore National Laboratory,"Some college, no degree",Female,"$75,000 to under $100,000",Metropolitan,Black or African-American,No,Democrat,NA,I did not vote,NA,South,Texas,Female,30-49,Some college/2-yr degree,Black,South,Metropolitan,"> $50,000",Democrat,3rd or didn't vote,1.7613630720199132
R_1e2MQfBIckknieF,2025-03-18T20:02:25Z,2025-03-18T20:15:22Z,1,42,4,72301,10,10,10,10,10,Quality,4,Brilliant,4,Great,4,0,NA,NA,NA,NA,NA,NA,NA,NA,NA,NA,NA,NA,NA,4,7,7,NA,Love to learn and understand how everything works with the company,NA,1,1,1,0,3,7,NA,50,50,75,25,10,10,10,10,10,1,10,10,10,10,10,10,10,10,10,10,10,10,4,4,4,4,4,4,4,4,4,4,4,4,4,4,4,4,4,4,1,0,NA,10,5,7,6,Very good company to learn and understand how everything works,50,US national laboratories for energy and security,High school graduate or GED,Male,"$50,000 to under $75,000",Metropolitan,Black or African-American,No,Democrat,NA,I voted,Kamala Harris,South,Arkansas,Male,30-49,HS or less,Black,South,Metropolitan,"> $50,000",Democrat,Kamala Harris,0.5980894135443222
R_7HwXxt1hBECDaHn,2025-03-22T00:00:23Z,2025-03-22T00:16:41Z,1,25,20,20742,7,6,10,9,10,nuclear,2,science,4,new,3,1,0,1,0,0,0,0,0,0,0,0,NA,3,2,3,4,1,safety,NA,NA,4,1,1,0,2,6,NA,20,80,40,60,9,8,5,3,2,2,3,7,5,6,6,5,8,5,6,6,8,7,4,4,4,4,4,3,4,4,6,4,4,4,4,4,5,4,4,4,2,1,10,NA,10,3,0,NA,10,Lawrence Livermore National Laboratory,"Some college, no degree",Female,"$75,000 to under $100,000",Metropolitan,Mixed race,No,Independent,The Democratic Party,I voted,Kamala Harris,South,Maryland,Female,18-29,Some college/2-yr degree,Other,South,Metropolitan,"> $50,000",Independent,Kamala Harris,0.6061317874034163
R_3D5u1dVh1Zj4Gho,2025-03-21T02:17:03Z,2025-03-21T02:23:02Z,1,41,46,23451,0,5,4,5,5,I have no clue,3,No idea,3,Couldn't tell you,3,0,NA,NA,NA,NA,NA,NA,NA,NA,NA,NA,NA,NA,NA,4,4,4,NA,NA,I have no idea,3,1,0,3,3,NA,4,50,50,50,50,4,5,5,5,5,5,5,5,5,5,5,5,5,5,5,5,5,5,3,4,4,4,4,4,4,4,5,3,4,3,3,4,3,4,4,5,3,1,4,NA,4,4,5,Nothing at all,10,Lawrence Livermore National Laboratory,"Some college, no degree",Male,"$15,000 to under $50,000",Metropolitan,White,No,Republican,NA,I did not vote,NA,South,Virginia,Male,30-49,Some college/2-yr degree,White,South,Metropolitan,"< $50,000",Republican,3rd or didn't vote,1.7596101169643614
R_16FSxS4gWwv0hVf,2025-03-22T05:00:01Z,2025-03-22T05:35:03Z,1,33,43,75217,4,6,5,4,4,Combined,3,Power,3,Kinetic,1,0,NA,NA,NA,NA,NA,NA,NA,NA,NA,NA,NA,NA,NA,2,4,6,NA,NA,I do have mixed feelings about what it really means need more education on it,3,0,1,0,2,5,NA,50,50,75,25,3,8,8,7,3,6,9,5,3,5,8,8,8,5,2,7,7,9,7,2,7,3,3,4,6,2,4,7,5,7,5,7,7,4,6,3,1,1,6,NA,10,4,1,NA,50,Lawrence Livermore National Laboratory,"Some college, no degree",Female,"$15,000 to under $50,000",Non-metro,White,Yes,Republican,NA,I did not vote,NA,South,Texas,Female,30-49,Some college/2-yr degree,Hispanic,South,Non-metro,"< $50,000",Republican,3rd or didn't vote,2.0168345388704187
R_3HiQNgbx0RWLsX2,2025-03-20T20:36:03Z,2025-03-20T20:46:44Z,1,64,38,19106,8,7,10,9,9,Sun,4,Temperature,4,Sustainable,4,1,0,0,0,0,0,0,0,0,1,0,NA,3,3,5,5,4,NA,NA,Don't know enough details,3,1,1,0,3,5,NA,75,25,50,50,9,9,10,7,9,7,7,7,7,8,5,4,8,2,8,6,10,1,5,5,4,4,4,4,5,4,4,3,5,2,4,6,5,4,4,2,2,1,9,NA,10,2,0,I am all for new advances in energy production.,10,Lawrence Livermore National Laboratory,4-year or bachelor degree,Male,"Less than $15,000",Metropolitan,White,Yes,Democrat,NA,I voted,Kamala Harris,Northeast,Pennsylvania,Male,50-64,4-yr/post-graduate degree,Hispanic,Northeast,Metropolitan,"< $50,000",Democrat,Kamala Harris,0.736622527922957
R_5nqsTR955jJDT2G,2025-03-18T19:25:05Z,2025-03-18T19:34:50Z,1,33,22,48238,10,9,8,9,9,Kenetic energry,4,Reusable energy,4,Light,4,1,1,0,0,0,1,0,0,0,0,0,NA,9,2,4,7,7,NA,It wouod be a perfect way to save energy,NA,3,1,1,3,3,4,NA,50,50,50,50,10,10,10,10,10,10,10,10,9,9,9,9,9,9,9,9,9,9,7,7,7,7,7,7,7,7,7,7,7,7,7,7,7,7,7,7,3,1,10,NA,7,3,9,None at all its perfect,10,Lawrence Livermore National Laboratory,High school graduate or GED,Male,"$75,000 to under $100,000",Metropolitan,Black or African-American,No,Democrat,NA,I voted,Donald Trump,Midwest,Michigan,Male,30-49,HS or less,Black,Midwest,Metropolitan,"> $50,000",Democrat,Donald Trump,0.7904859465622476
R_1QSeEKl4rhGpzAN,2025-03-22T02:01:50Z,2025-03-22T02:19:31Z,1,36,5,93550,9,6,9,8,5,Innovative,4,Amazing,4,Innovative,5,1,0,0,1,0,0,1,1,0,0,0,NA,6,2,6,7,6,NA,Clean substantial energy to power the world what would I be opposed to that the benefits outweigh the risks exponentially,NA,2,1,1,3,2,NA,7,25,75,80,20,9,8,7,7,4,6,6,3,10,4,3,5,5,5,5,7,4,2,7,6,5,6,7,3,6,5,7,2,3,3,4,2,3,3,5,2,2,0,NA,4,6,5,2,Way of the future without it we are doomed to a world of turmoil and strife,50,US national laboratories for energy and security,"Some college, no degree",Male,"$75,000 to under $100,000",Metropolitan,Mixed race,No,Independent,Neither,I voted,Donald Trump,West,California,Male,30-49,Some college/2-yr degree,Other,West,Metropolitan,"> $50,000",Independent,Donald Trump,0.658387627884204
R_5ZFzGSzyd7IRx6x,2025-03-19T23:51:49Z,2025-03-20T00:06:26Z,1,54,33,28092,6,6,7,7,5,"Energy using nuclear power, somehow...",3,Clean energy,4,Atoms smashing together,3,1,1,0,0,0,0,0,0,0,0,0,NA,2,2,2,3,4,NA,NA,"Even though fusion energy is cleaner energy (as opposed to coal), use of a nuclear reactor to develop this new energy scares me. I think of Chernobyl or Three Mile Island nuclear meltdowns.",4,1,0,0,1,3,NA,85,15,30,70,6,7,5,4,8,5,7,8,2,8,6,6,6,4,6,8,5,3,4,3,3,3,2,3,2,4,6,4,3,4,4,3,4,6,3,5,2,1,7,NA,6,6,6,I think using fusion as an energy source is too risky and would be quite.expensive to develop.,50,Lawrence Livermore National Laboratory,4-year or bachelor degree,Female,"$100,000 to under $150,000",Metropolitan,White,No,Republican,NA,I voted,Donald Trump,South,North Carolina,Female,50-64,4-yr/post-graduate degree,White,South,Metropolitan,"> $50,000",Republican,Donald Trump,0.8339644773056427
R_55nqolI4XUb5mNj,2025-03-19T04:31:44Z,2025-03-19T04:48:31Z,1,41,3,85607,10,10,10,10,10,Clean,4,Powerful,5,Economical,5,0,NA,NA,NA,NA,NA,NA,NA,NA,NA,NA,NA,NA,NA,6,7,7,NA,I support it because it would be clean and less dangerous to mother earth I feel more people would be able to afford it. It might make life easier.,NA,3,1,1,0,1,NA,6,75,25,60,40,10,7,10,10,7,8,4,10,10,7,10,7,10,3,8,10,10,0,4,5,6,5,7,2,4,5,7,6,6,7,6,7,5,4,5,7,1,0,NA,8,10,4,0,I hope there is a way to help the earth and not cause more harm.,50,US national laboratories for energy and security,High school graduate or GED,Female,"$15,000 to under $50,000",Metropolitan,White,Yes,Republican,NA,I voted,Donald Trump,West,Arizona,Female,30-49,HS or less,Hispanic,West,Metropolitan,"< $50,000",Republican,Donald Trump,0.7890336011051181
R_5ab8Notj0JZToxX,2025-03-21T18:24:16Z,2025-03-21T18:32:43Z,1,61,30,08107,9,8,10,8,9,What is it,3,Clueless,3,Nothing,3,0,NA,NA,NA,NA,NA,NA,NA,NA,NA,NA,NA,NA,NA,4,5,5,NA,NA,I really don't know what to say,2,1,1,0,2,4,NA,50,50,50,50,7,7,9,9,10,10,10,10,8,9,9,10,10,10,10,10,10,10,4,1,4,4,4,7,7,2,5,6,6,6,6,7,7,2,5,6,3,1,10,NA,8,6,10,No,10,US national laboratories for energy and security,High school graduate or GED,Female,"$50,000 to under $75,000",Metropolitan,Black or African-American,No,Independent,Neither,I voted,Kamala Harris,Northeast,New Jersey,Female,50-64,HS or less,Black,Northeast,Metropolitan,"> $50,000",Independent,Kamala Harris,0.5153979297646407
R_6V2vN8Rjzr0KOa7,2025-03-19T17:41:31Z,2025-03-19T17:46:18Z,1,24,35,43223,6,8,8,10,7,Fuse,4,Power,4,Outlet,4,0,NA,NA,NA,NA,NA,NA,NA,NA,NA,NA,NA,NA,NA,4,7,4,NA,NA,It might not be good for the environment,2,1,1,3,2,6,NA,45,55,50,50,8,7,8,7,8,8,7,8,10,3,8,5,7,3,5,5,9,8,4,4,3,4,5,6,4,5,4,4,3,3,4,6,2,6,3,4,2,1,10,NA,10,6,6,I think it is a really good idea and investment,10,Lawrence Livermore National Laboratory,High school graduate or GED,Female,"$50,000 to under $75,000",Metropolitan,Black or African-American,Yes,Democrat,NA,I voted,Kamala Harris,Midwest,Ohio,Female,18-29,HS or less,Hispanic,Midwest,Metropolitan,"> $50,000",Democrat,Kamala Harris,0.8729211549834569
R_7VCljHGP7LrF4D6,2025-03-22T06:43:47Z,2025-03-22T06:49:16Z,1,29,47,98387,10,10,10,10,10,Real,4,Team,5,Rock,5,0,NA,NA,NA,NA,NA,NA,NA,NA,NA,NA,NA,NA,NA,3,6,6,NA,i find it appealing due to the fact that it can be a good source of energy.,NA,4,1,1,0,4,6,NA,50,50,80,20,7,10,10,10,10,9,8,7,9,9,9,9,10,10,10,9,8,10,6,7,6,7,7,6,6,6,7,6,7,6,7,7,6,4,7,7,5,0,NA,9,6,5,8,i have a neutral stance on this.,50,US national laboratories for energy and security,High school graduate or GED,Male,"$50,000 to under $75,000",Metropolitan,White,No,Republican,NA,I voted,Donald Trump,West,Washington,Male,18-29,HS or less,White,West,Metropolitan,"> $50,000",Republican,Donald Trump,0.8618336655290333
R_1i4itzmDtikPMad,2025-03-19T01:10:14Z,2025-03-19T01:16:45Z,1,51,39,02889,10,7,10,10,5,New,3,Energy,3,Power,4,0,NA,NA,NA,NA,NA,NA,NA,NA,NA,NA,NA,NA,NA,4,5,1,To residential where I live and I think it would not work,NA,NA,3,1,1,0,3,NA,3,50,50,40,60,6,5,5,7,4,5,4,5,3,4,4,3,4,6,6,5,5,5,4,5,5,5,6,6,2,5,7,3,3,4,3,5,4,7,6,5,3,1,7,NA,6,4,7,NA,10,US national laboratories for energy and security,Post-graduate degree,Female,"$100,000 to under $150,000",Metropolitan,White,No,Independent,The Republican Party,I voted,Donald Trump,Northeast,Rhode Island,Female,50-64,4-yr/post-graduate degree,White,Northeast,Metropolitan,"> $50,000",Independent,Donald Trump,0.6922879132401624
R_7AWCt8Rb8vSGiDD,2025-03-19T02:27:17Z,2025-03-19T02:51:09Z,1,33,32,14901,8,6,10,6,10,Theoretical,4,Experimental,3,Challenging,4,1,0,0,0,1,0,0,0,0,0,0,NA,2,1,5,4,1,I do not know much about the science of it and would have radiation or explosion concerns. The unknowns,NA,NA,5,1,1,0,5,NA,6,15,85,25,75,10,10,10,10,8,5,8,10,10,6,6,6,6,6,6,5,8,6,2,4,3,3,3,2,5,2,5,5,4,3,5,5,7,3,4,3,3,1,10,NA,10,2,1,Open to learning more,50,US national laboratories for energy and security,4-year or bachelor degree,Male,"$100,000 to under $150,000",Metropolitan,White,No,Democrat,NA,I voted,Someone else,Northeast,New York,Male,30-49,4-yr/post-graduate degree,White,Northeast,Metropolitan,"> $50,000",Democrat,3rd or didn't vote,1.9842976789605402
R_7BY9lxmo7EOEXkJ,2025-03-19T19:01:25Z,2025-03-19T19:06:34Z,1,43,46,22033,3,2,5,5,2,Combined,3,Mixed,3,Don’t know,3,0,NA,NA,NA,NA,NA,NA,NA,NA,NA,NA,NA,NA,NA,1,1,1,Don’t care I don’t support it because the government is involved,NA,NA,4,0,0,0,2,NA,1,95,5,10,90,5,3,3,4,1,4,3,3,2,1,3,1,1,2,4,3,2,4,4,2,2,3,6,2,3,4,4,3,1,1,4,4,2,4,2,2,3,0,NA,0,1,5,0,Nope,10,US national laboratories for energy and security,"Some college, no degree",Male,"$100,000 to under $150,000",Metropolitan,Asian or Asian-American,No,Independent,The Republican Party,I voted,Someone else,South,Virginia,Male,30-49,Some college/2-yr degree,Other,South,Metropolitan,"> $50,000",Independent,3rd or didn't vote,1.6135927035446296
R_5t4Zv0eDeQolaPI,2025-03-18T19:23:08Z,2025-03-20T12:04:47Z,1,58,32,10038,7,9,10,9,7,Water,4,Sun,4,Gas,4,1,0,1,0,0,0,0,0,0,0,0,NA,5,1,3,7,7,NA,We should have our own energy,NA,2,1,1,1,3,NA,4,90,10,60,40,10,6,7,10,7,8,8,7,10,7,7,7,7,5,5,7,7,5,3,3,4,4,7,1,4,4,6,6,1,4,4,1,7,4,4,7,2,0,NA,5,5,4,4,We definitely need a better way for energy. If united states provide the land by taking national parks to give or provide to companies. The people should receive the savings.,10,US national laboratories for energy and security,"Some college, no degree",Male,"$100,000 to under $150,000",Metropolitan,Mixed race,Yes,Independent,The Democratic Party,I voted,Kamala Harris,Northeast,New York,Male,50-64,Some college/2-yr degree,Hispanic,Northeast,Metropolitan,"> $50,000",Independent,Kamala Harris,0.6710860482546216
R_1oNJ3K2SY7A1e3n,2025-03-20T18:12:17Z,2025-03-20T18:23:54Z,1,24,32,10035,3,8,10,6,10,atomic,3,nuclear,3,risky,2,0,NA,NA,NA,NA,NA,NA,NA,NA,NA,NA,NA,NA,NA,5,5,4,NA,NA,"I may be misunderstanding, but I believe that such facilities have the potential to cause extreme damage should there be a mishap. For that reason, I believe it would be most ideal to have them as isolated as possible from any area populated by humans (and animals as well, but that feels less realistic).",4,1,1,0,5,NA,5,35,65,35,65,7,7,7,2,5,2,5,7,0,1,1,1,1,8,7,1,7,1,5,5,5,4,3,2,5,4,7,2,5,2,4,4,5,2,4,2,2,1,8,NA,8,1,2,NA,10,US national laboratories for energy and security,4-year or bachelor degree,Female,"$50,000 to under $75,000",Metropolitan,White,No,Democrat,NA,I voted,Kamala Harris,Northeast,New York,Female,18-29,4-yr/post-graduate degree,White,Northeast,Metropolitan,"> $50,000",Democrat,Kamala Harris,0.7453838234683967
R_5hXNIXm2bMJH0ul,2025-03-19T18:38:29Z,2025-03-19T18:54:44Z,1,32,38,15701,10,9,9,8,10,renewable,4,green,4,stable,4,1,0,0,1,0,0,0,0,0,0,0,NA,3,1,4,3,4,NA,NA,i don't know enough about it,2,1,1,0,3,4,NA,10,90,85,15,5,4,8,6,5,7,8,5,8,3,8,4,7,8,3,8,3,2,3,7,5,6,2,3,7,4,6,6,4,6,6,3,6,3,3,3,2,0,NA,5,3,2,2,no,10,Lawrence Livermore National Laboratory,"Some college, no degree",Female,"$75,000 to under $100,000",Non-metro,White,No,Democrat,NA,I was not registered to vote,NA,Northeast,Pennsylvania,Female,30-49,Some college/2-yr degree,White,Northeast,Non-metro,"> $50,000",Democrat,3rd or didn't vote,1.7438179229036617
R_3YLXEbFfKfGDlu7,2025-03-19T00:41:11Z,2025-03-19T01:06:48Z,1,69,33,28081,10,8,8,7,0,Nuclear energy,3,Atomic energy,3,Bombs,2,2,NA,NA,NA,NA,NA,NA,NA,NA,NA,NA,NA,NA,NA,3,4,5,NA,NA,"I’m open to understanding more about fusion energy but when I think about Chernobyl, it kind of bothers me a little",5,0,1,0,3,4,NA,100,0,65,35,9,9,6,7,9,9,9,9,7,6,7,8,6,0,7,8,3,0,3,4,3,4,1,6,3,5,1,4,4,5,4,2,2,4,3,1,2,0,NA,8,8,6,7,You’ve made me stuck and think about this and I will be doing more research,10,Lawrence Livermore National Laboratory,High school graduate or GED,Female,"$50,000 to under $75,000",Metropolitan,White,No,Republican,NA,I voted,Donald Trump,South,North Carolina,Female,65+,HS or less,White,South,Metropolitan,"> $50,000",Republican,Donald Trump,0.8743637971718519
R_3B0BS29Xg01G6Kl,2025-03-19T14:00:01Z,2025-03-19T14:05:43Z,1,34,35,45342,10,6,10,10,10,Trust,4,Cool,4,Smart,4,0,NA,NA,NA,NA,NA,NA,NA,NA,NA,NA,NA,NA,NA,5,5,5,NA,NA,I have never heard of it before,4,0,0,0,1,5,NA,65,35,45,55,5,6,6,6,5,5,5,5,5,5,5,5,3,5,3,5,5,4,5,4,5,5,5,6,5,5,3,5,5,5,5,5,5,5,5,5,2,1,5,NA,5,2,5,Never heard of it before,50,Lawrence Livermore National Laboratory,Post-graduate degree,Female,"Less than $15,000",Metropolitan,Black or African-American,No,Democrat,NA,I voted,Someone else,Midwest,Ohio,Female,30-49,4-yr/post-graduate degree,Black,Midwest,Metropolitan,"< $50,000",Democrat,3rd or didn't vote,1.9277768647902158
R_3LSzOZuuszsuKz1,2025-03-21T04:15:30Z,2025-03-21T04:24:52Z,1,53,6,80922,5,5,5,5,5,Positive,3,Positive,3,Positive,3,2,NA,NA,NA,NA,NA,NA,NA,NA,NA,NA,NA,NA,NA,4,4,4,NA,NA,I don't know too much about the subjects I cannot wait in either way,3,1,0,0,5,NA,4,50,50,50,50,5,4,4,4,5,5,5,5,4,4,4,5,5,5,3,5,4,4,4,4,4,4,4,4,4,4,4,4,4,4,4,4,4,4,4,4,3,1,4,NA,5,6,0,NA,50,US national laboratories for energy and security,High school graduate or GED,Male,"Less than $15,000",Metropolitan,Black or African-American,Yes,Other or none,The Republican Party,I did not vote,NA,West,Colorado,Male,50-64,HS or less,Hispanic,West,Metropolitan,"< $50,000",Independent,3rd or didn't vote,1.6733974098447855
R_34e3OYwFoIkx5dv,2025-03-21T09:01:48Z,2025-03-21T09:06:44Z,1,31,20,21244,5,0,1,0,7,Plasma,3,Hot,3,Futuristic,3,0,NA,NA,NA,NA,NA,NA,NA,NA,NA,NA,NA,NA,NA,4,4,1,Doesn’t sound too safe,NA,NA,4,0,1,0,4,NA,4,25,75,25,75,10,1,1,1,1,8,1,7,0,3,3,2,5,5,0,6,5,2,3,3,3,1,3,1,3,2,2,4,5,1,6,3,4,3,4,4,1,0,NA,0,8,4,0,It’s certainly confusing,10,US national laboratories for energy and security,High school graduate or GED,Male,"$100,000 to under $150,000",Metropolitan,Black or African-American,No,Other or none,Neither,I did not vote,NA,South,Maryland,Male,30-49,HS or less,Black,South,Metropolitan,"> $50,000",Independent,3rd or didn't vote,1.5494089037662353
R_1neK0h12Djkpqpj,2025-03-19T17:48:28Z,2025-03-19T18:02:16Z,1,64,5,95815,9,9,9,10,5,Nuclear,3,Heat,3,Generate,3,2,NA,NA,NA,NA,NA,NA,NA,NA,NA,NA,NA,NA,NA,4,4,4,NA,NA,Don't know enough information,2,1,1,0,5,NA,4,50,50,25,75,5,5,5,5,5,4,4,3,7,3,5,4,3,3,3,5,3,2,3,3,3,3,4,3,3,3,5,3,3,3,3,3,3,3,3,3,2,0,NA,6,3,6,7,No,50,Lawrence Livermore National Laboratory,High school graduate or GED,Male,"$15,000 to under $50,000",Metropolitan,Mixed race,Yes,Republican,NA,I voted,Donald Trump,West,California,Male,50-64,HS or less,Hispanic,West,Metropolitan,"< $50,000",Republican,Donald Trump,0.8204589939958984
R_7QPwZoH0ClXncv7,2025-03-22T02:34:25Z,2025-03-22T02:57:28Z,1,61,47,99350,8,8,6,7,0,Complex,3,Expensive,2,Not likely to be realized in the near term,2,1,1,1,1,0,0,0,1,0,0,0,NA,3,2,7,7,7,NA,I'm in favor of any cost effective means of generating electricity that is reliable and doesn't require government subsidies to be profitable. If fusion can fulfill those requirements then I am in favor of it. Personally I feel we should fully exploit fission to generate electricity and transition to fusion after it has fully matured.,NA,4,1,1,0,3,NA,5,90,10,65,35,7,9,10,6,5,7,4,2,6,6,5,7,3,0,7,5,7,2,4,3,4,4,7,4,4,4,7,4,3,4,4,1,5,4,3,2,3,0,NA,8,2,6,4,No,50,Lawrence Livermore National Laboratory,4-year or bachelor degree,Male,"$50,000 to under $75,000",Metropolitan,Mixed race,Yes,Republican,NA,I voted,Donald Trump,West,Washington,Male,50-64,4-yr/post-graduate degree,Hispanic,West,Metropolitan,"> $50,000",Republican,Donald Trump,1.0434836935635816
R_70UwZ1SVNX5XSxu,2025-03-19T02:21:17Z,2025-03-19T02:30:48Z,1,31,5,90026,7,10,10,7,5,innovation,5,scary,3,war,1,1,1,1,1,0,1,0,0,0,0,0,NA,3,2,4,7,3,NA,NA,I am not sure what catastrophic event would look would happen for fusion energy reactors. I have seen what nuclear meltdowns do and that isn't something i wouldnt want to be near me.,4,1,1,0,3,7,NA,30,70,60,40,10,10,10,8,9,10,10,10,4,7,7,3,3,5,0,7,4,3,7,5,5,6,7,2,4,6,3,7,7,5,7,6,7,5,7,7,1,1,7,NA,6,4,3,"My views is that it is very promising but knowing America, it will be used as a weapon of war by us rather than benefiting mankind",50,Lawrence Livermore National Laboratory,Post-graduate degree,Male,"$100,000 to under $150,000",Metropolitan,Asian or Asian-American,No,Independent,The Democratic Party,I did not vote,NA,West,California,Male,30-49,4-yr/post-graduate degree,Other,West,Metropolitan,"> $50,000",Independent,3rd or didn't vote,1.7640953147943599
R_6MZoRoz2Mc3LkEN,2025-03-18T21:50:40Z,2025-03-18T21:56:08Z,1,27,32,11101,8,5,10,8,7,Combination,4,Nuclear,4,Clean,4,1,0,1,1,0,0,0,0,0,0,0,NA,2,1,6,5,3,NA,NA,Worries about a potential reaction,4,1,1,0,3,NA,6,50,50,30,70,10,8,10,9,5,3,3,7,2,8,8,7,6,3,5,8,8,2,4,4,4,4,4,2,4,3,7,4,4,6,4,5,7,4,6,3,2,1,9,NA,10,3,3,I’m still learning about fusion energy,10,US national laboratories for energy and security,4-year or bachelor degree,Male,"$150,000 to under $200,000",Metropolitan,Asian or Asian-American,No,Democrat,NA,I voted,Kamala Harris,Northeast,New York,Male,18-29,4-yr/post-graduate degree,Other,Northeast,Metropolitan,"> $50,000",Democrat,Kamala Harris,0.7703790382360263
R_6kHLdE8S88lL71D,2025-03-18T19:42:10Z,2025-03-18T19:51:17Z,1,30,5,92530,6,7,10,10,9,Physics,3,Energy source,4,The future,5,1,1,0,1,0,0,0,0,1,0,0,NA,4,2,1,4,3,NA,NA,It would be risky what if it overreacted and we get something like Chernobyl,3,1,0,1,1,NA,4,60,40,35,65,9,8,7,8,6,3,7,7,6,7,10,8,7,10,9,6,8,3,1,4,7,1,3,1,3,3,1,3,4,6,6,7,7,4,1,7,2,1,10,NA,10,1,0,I feel like we don't really need it in this time period,50,US national laboratories for energy and security,"Some college, no degree",Female,"Less than $15,000",Non-metro,Native American or American Indian,No,Independent,The Democratic Party,I did not vote,NA,West,California,Female,30-49,Some college/2-yr degree,Other,West,Non-metro,"< $50,000",Independent,3rd or didn't vote,1.3935551606615013
R_1WChZBwW8eUez21,2025-03-19T17:16:53Z,2025-03-19T17:40:33Z,1,60,5,92691,5,8,9,5,10,nuclear power plant,2,cleaner than coal,4,more environmentaly friendly,4,1,0,0,0,0,0,0,0,0,1,0,NA,3,2,5,5,5,NA,NA,I want to understand the risks and safety issues first,3,1,1,0,2,6,NA,70,30,50,50,8,8,8,8,6,7,6,7,7,8,8,8,8,8,8,8,8,5,4,4,4,4,3,2,5,3,6,4,4,4,4,5,5,4,4,3,2,1,10,NA,10,2,3,nothing more,10,US national laboratories for energy and security,Post-graduate degree,Male,"$150,000 to under $200,000",Metropolitan,White,No,Independent,The Democratic Party,I voted,Kamala Harris,West,California,Male,50-64,4-yr/post-graduate degree,White,West,Metropolitan,"> $50,000",Independent,Kamala Harris,0.6102258256364981
R_6KGlm1qejFPN2pP,2025-03-19T20:00:56Z,2025-03-19T20:49:43Z,1,42,22,48192,9,6,6,4,7,"Combined,",4,Efficient,4,Eco friendly,4,2,NA,NA,NA,NA,NA,NA,NA,NA,NA,NA,NA,NA,NA,7,4,3,NA,NA,Sounds like a really way of harnessing energy. Having a fusion energy plant nearby sounds like a potentially can be very dangerous especially if the process of turning fusion energy into electricity consists of splitting atoms which is also the way they made the atom bomb. So basically would mean there's a factory down the street making atom bombs all day long that sounds scary but to be able to run our vehicles on fusion energy rather than gas or power our homes that way would be world changing,2,1,1,0,2,5,NA,100,0,75,25,4,5,4,8,4,4,7,6,10,0,2,3,7,4,5,2,6,0,5,7,7,1,4,4,4,4,7,5,1,4,4,1,4,1,6,1,1,1,8,NA,6,5,2,I believe she's an energy is just like anything else that the US government works on they're hiring private companies so that way it's kept secretive on what it is they're developing in the background. I think you should be a great thing if harnessed and created correctly I think it will change the world so like everything else I believe she's an energy will come with instead of problems .,10,US national laboratories for energy and security,Some high school or less,Male,"$15,000 to under $50,000",Metropolitan,White,No,Independent,The Democratic Party,I was not registered to vote,NA,Midwest,Michigan,Male,30-49,HS or less,White,Midwest,Metropolitan,"< $50,000",Independent,3rd or didn't vote,1.5515733844367452
R_12ipckapKT1DB05,2025-03-21T02:14:16Z,2025-03-21T02:24:44Z,1,30,36,73013,7,10,9,8,10,good,4,Innovation,5,Future,4,1,0,1,1,1,0,0,1,1,0,0,NA,7,3,6,7,6,NA,I am all for the innovation. There are some risks but they are out-weighted by the benefits.,NA,2,1,1,1,2,7,NA,40,60,40,60,10,10,9,9,2,1,1,3,9,8,7,10,9,8,8,7,10,6,6,5,4,4,5,3,5,4,6,2,2,4,4,3,5,2,4,3,2,1,10,NA,10,2,2,I think it is one of the ways we can move towards sustainable energy.,50,Lawrence Livermore National Laboratory,4-year or bachelor degree,Male,"$75,000 to under $100,000",Metropolitan,Asian or Asian-American,No,Independent,The Democratic Party,I voted,Kamala Harris,South,Oklahoma,Male,30-49,4-yr/post-graduate degree,Other,South,Metropolitan,"> $50,000",Independent,Kamala Harris,0.6034150435595131
R_3fiBazCvDBqkU3v,2025-03-19T21:00:15Z,2025-03-19T21:17:54Z,1,46,32,10456,9,5,9,8,9,Unlimited Energy,4,Light for a thousand Years,4,Positive Energy,4,0,NA,NA,NA,NA,NA,NA,NA,NA,NA,NA,NA,NA,NA,6,7,7,NA,That in the future Fusion Energy will power up a major city for many years.,NA,4,1,1,1,2,6,NA,50,50,50,50,8,9,9,9,9,8,9,8,9,9,8,9,9,9,9,10,9,8,7,7,6,7,7,7,6,7,7,7,7,6,7,6,7,6,7,7,2,1,9,NA,9,2,9,I would like to see Fusion Energy for Time Travel. I know it sounds silly but I feel that the future can and will be open to anything including Time Travel.,10,US national laboratories for energy and security,Some high school or less,Male,"$75,000 to under $100,000",Metropolitan,Black or African-American,No,Democrat,NA,I did not vote,NA,Northeast,New York,Male,30-49,HS or less,Black,Northeast,Metropolitan,"> $50,000",Democrat,3rd or didn't vote,1.7441397236557057
R_5cZ6aUKs0zIkjHr,2025-03-22T20:42:24Z,2025-03-22T20:48:03Z,1,24,3,86021,5,2,2,0,1,Lots of energy,2,Fire,1,NA,NA,1,0,1,0,0,0,0,0,0,0,0,NA,5,2,6,1,7,It not good energy you infusing the air which means populating community,NA,NA,3,NA,0,1,1,4,NA,80,20,50,50,5,3,1,1,7,2,3,1,5,1,5,4,6,2,0,7,NA,NA,1,3,6,3,2,1,7,1,2,1,4,1,1,1,1,4,2,1,2,0,NA,6,3,4,1,NA,50,US national laboratories for energy and security,High school graduate or GED,Female,"Less than $15,000",Metropolitan,Black or African-American,No,Other or none,Neither,I did not vote,NA,West,Arizona,Female,18-29,HS or less,Black,West,Metropolitan,"< $50,000",Independent,3rd or didn't vote,1.5295120552941124
R_12fE6mBXybbeP1A,2025-03-22T17:36:50Z,2025-03-22T17:57:28Z,1,55,38,18360,10,10,10,10,4,Never heard of it,3,Not sure,3,NA,3,0,NA,NA,NA,NA,NA,NA,NA,NA,NA,NA,NA,NA,NA,5,5,5,NA,NA,Don't really know much about it,1,1,1,0,5,NA,3,50,50,25,75,7,7,5,8,3,2,1,7,7,2,2,3,2,4,4,5,2,3,3,2,3,5,5,5,5,3,6,4,3,4,4,5,3,4,4,6,2,1,5,NA,8,3,0,NA,10,US national laboratories for energy and security,"Some college, no degree",Female,"$75,000 to under $100,000",Metropolitan,Some other race,Yes,Independent,Neither,I voted,Donald Trump,Northeast,Pennsylvania,Female,50-64,Some college/2-yr degree,Hispanic,Northeast,Metropolitan,"> $50,000",Independent,Donald Trump,0.7632470435159138
R_34IVnHOBMVsbhOg,2025-03-19T16:49:51Z,2025-03-19T16:55:23Z,1,27,12,83274,7,5,5,7,5,Mass,3,Time,3,Electricity,4,0,NA,NA,NA,NA,NA,NA,NA,NA,NA,NA,NA,NA,NA,4,5,5,NA,NA,To be honest I’m mutual about this fusion energy or any kind of energy I really have no mixed feelings,1,0,0,0,3,4,NA,30,70,40,60,5,5,4,4,4,5,5,5,3,6,6,5,5,5,5,4,4,5,5,4,5,5,3,4,5,5,4,3,5,5,5,5,5,5,5,5,3,0,NA,6,5,4,6,No,10,US national laboratories for energy and security,High school graduate or GED,Male,"$15,000 to under $50,000",Non-metro,White,No,Independent,The Republican Party,I did not vote,NA,West,Idaho,Male,18-29,HS or less,White,West,Non-metro,"< $50,000",Independent,3rd or didn't vote,1.5677974553641754
R_6pm8TG5dAUOV1X1,2025-03-19T01:56:16Z,2025-03-19T02:11:14Z,1,72,20,20878,10,10,10,10,10,promising,4,future,5,safe,3,1,0,0,0,0,0,0,0,0,1,0,NA,1,2,4,2,4,I meant to indicate that I support fusion energy. I could not go back to correct my error. I'd prefer a plant to be further away than 50 miles.,NA,NA,2,1,1,0,5,5,NA,50,50,50,50,10,10,8,10,3,6,3,2,6,8,8,9,9,5,8,5,8,5,4,4,4,4,5,2,4,4,4,4,4,4,4,4,5,4,4,4,2,1,10,NA,10,2,2,overall support R&D.,50,US national laboratories for energy and security,Post-graduate degree,Male,"$100,000 to under $150,000",Metropolitan,White,No,Democrat,NA,I voted,Kamala Harris,South,Maryland,Male,65+,4-yr/post-graduate degree,White,South,Metropolitan,"> $50,000",Democrat,Kamala Harris,0.8169634871847828
R_3VBxP3Y4V4gtMHk,2025-03-19T21:26:20Z,2025-03-19T21:30:54Z,1,39,32,11804,6,8,7,7,8,innovative,4,reliable,5,forthcoming,4,1,0,1,0,1,0,0,0,0,0,0,NA,7,2,6,6,6,NA,find that it will have a much better impact on environment,NA,2,1,1,3,3,5,NA,50,50,60,40,6,9,9,7,6,8,5,3,8,7,8,7,8,9,6,8,9,6,4,4,5,6,4,2,3,4,5,5,6,5,4,3,5,4,3,4,2,1,7,NA,7,5,7,NA,10,Lawrence Livermore National Laboratory,4-year or bachelor degree,Male,"More than $200,000",Metropolitan,White,No,Republican,NA,I voted,Donald Trump,Northeast,New York,Male,30-49,4-yr/post-graduate degree,White,Northeast,Metropolitan,"> $50,000",Republican,Donald Trump,0.8665551211076793
R_56i3924oC7OmpyJ,2025-03-18T22:43:47Z,2025-03-18T22:57:51Z,1,44,17,40219,9,7,7,8,6,Cost,3,How,3,What do we do,3,0,NA,NA,NA,NA,NA,NA,NA,NA,NA,NA,NA,NA,NA,4,5,4,NA,NA,"I’m not much of a host , but I would go to a party about it",2,1,1,0,2,5,NA,30,70,50,50,7,6,6,5,4,5,6,5,7,5,7,7,7,7,5,8,5,7,5,5,5,5,5,4,5,5,3,4,4,4,5,4,5,4,5,4,4,1,6,NA,7,4,3,Nothing,50,US national laboratories for energy and security,High school graduate or GED,Female,"$50,000 to under $75,000",Metropolitan,White,No,Republican,NA,I voted,Donald Trump,South,Kentucky,Female,30-49,HS or less,White,South,Metropolitan,"> $50,000",Republican,Donald Trump,0.7282511627872658
R_3Ow1S14PU5VhMLK,2025-03-23T23:46:03Z,2025-03-24T03:02:37Z,1,21,5,92701,4,7,10,8,10,Energy Fast Combined,3,"Together , fused , useful",3,"Together , combine , a lot",3,0,NA,NA,NA,NA,NA,NA,NA,NA,NA,NA,NA,NA,NA,4,5,3,NA,NA,I don’t know i guess it’s good?,4,0,0,0,4,5,NA,60,40,75,25,6,6,2,3,8,6,10,1,6,2,10,7,10,10,7,7,5,5,7,4,3,1,7,6,4,2,7,4,1,7,4,4,7,6,7,7,4,1,10,NA,10,4,1,I believe people are over exaggerating the risks and benifets of fusion energy.,10,Lawrence Livermore National Laboratory,High school graduate or GED,Male,"$50,000 to under $75,000",Metropolitan,White,Yes,Other or none,Neither,I did not vote,NA,West,California,Male,18-29,HS or less,Hispanic,West,Metropolitan,"> $50,000",Independent,3rd or didn't vote,2.107825292102866
R_1isPQzASH8ESP0C,2025-03-20T02:53:02Z,2025-03-20T03:00:09Z,1,24,20,21234,7,7,8,8,7,Clean energy,4,Cheaper energy,4,The pollutants,2,0,NA,NA,NA,NA,NA,NA,NA,NA,NA,NA,NA,NA,NA,3,3,1,"The direct impact it would bring to the communities. Including children, wildlife, nature, and more.",NA,NA,4,1,0,0,4,NA,3,50,50,10,90,4,3,3,8,9,7,8,10,0,0,0,0,0,0,0,0,0,0,1,4,1,1,4,1,1,1,1,4,7,7,7,4,7,7,1,1,4,1,10,NA,7,7,0,NA,10,US national laboratories for energy and security,High school graduate or GED,Male,"$50,000 to under $75,000",Metropolitan,Some other race,No,Republican,NA,I voted,Donald Trump,South,Maryland,Male,18-29,HS or less,Other,South,Metropolitan,"> $50,000",Republican,Donald Trump,0.8536479044354787
R_35NWVrI8AjG0Xi9,2025-03-18T20:16:48Z,2025-03-18T20:26:31Z,1,52,3,85324,10,10,10,10,10,Disaster,4,Not good,4,Fear,4,0,NA,NA,NA,NA,NA,NA,NA,NA,NA,NA,NA,NA,NA,2,3,1,Don't want it,NA,NA,4,1,0,0,5,5,NA,20,80,40,60,5,6,3,5,9,9,9,9,3,3,3,3,3,3,4,3,3,3,2,2,2,2,2,2,2,2,2,6,6,6,6,6,6,6,6,6,4,0,NA,7,7,4,1,No,50,US national laboratories for energy and security,High school graduate or GED,Female,"$75,000 to under $100,000",Metropolitan,White,No,Independent,Neither,I did not vote,NA,West,Arizona,Female,50-64,HS or less,White,West,Metropolitan,"> $50,000",Independent,3rd or didn't vote,1.4955148694042766
R_5QM9VDv5s0SO5d8,2025-03-20T18:59:17Z,2025-03-20T19:07:04Z,1,50,38,19104,10,10,10,10,10,Eletrical put together worldwide,4,In a sequence together,4,Words grouped together,NA,1,1,0,0,1,1,0,0,0,0,0,NA,2,4,4,7,4,NA,NA,Doesn't sound safe,1,1,1,0,5,2,NA,90,10,90,10,3,3,3,3,3,3,3,3,10,5,5,5,5,5,5,5,5,5,4,4,4,4,4,4,4,4,4,3,3,3,3,3,3,3,3,3,2,0,NA,4,5,4,3,NA,50,US national laboratories for energy and security,High school graduate or GED,Male,"Less than $15,000",Metropolitan,Black or African-American,No,Democrat,NA,I voted,Kamala Harris,Northeast,Pennsylvania,Male,50-64,HS or less,Black,Northeast,Metropolitan,"< $50,000",Democrat,Kamala Harris,0.5399462153200297
R_7oN1fHmPaWa5BmE,2025-03-19T20:25:01Z,2025-03-19T20:31:10Z,1,33,17,41042,5,7,4,7,4,Heat infused energy,4,Resourceful,4,Innovated,4,0,NA,NA,NA,NA,NA,NA,NA,NA,NA,NA,NA,NA,NA,4,4,5,NA,NA,It seems like a great idea but how effectively can we produce this?,3,1,1,0,2,4,NA,60,40,50,50,5,5,5,7,5,6,7,7,7,7,4,6,8,4,6,7,4,8,5,4,5,6,4,4,3,4,1,5,6,5,5,4,6,5,5,4,3,0,NA,5,6,4,7,Seem it could be effective but is it possibly to produce it in masses?,10,US national laboratories for energy and security,4-year or bachelor degree,Male,"$75,000 to under $100,000",Metropolitan,White,No,Republican,NA,I voted,Donald Trump,South,Kentucky,Male,30-49,4-yr/post-graduate degree,White,South,Metropolitan,"> $50,000",Republican,Donald Trump,0.8642698958997601
R_1His3j8k8CDmWyk,2025-03-19T01:48:49Z,2025-03-19T02:07:17Z,1,54,43,78228,7,7,10,10,10,Powerful,4,Longer,4,Cost,2,2,NA,NA,NA,NA,NA,NA,NA,NA,NA,NA,NA,NA,NA,4,5,5,NA,NA,"Not sure on it, so it leaves me wondering",3,1,1,4,5,NA,5,20,80,70,30,8,9,6,9,5,5,6,7,7,6,8,3,9,7,7,9,8,2,1,4,3,3,4,4,5,3,2,4,2,5,3,5,6,4,4,2,2,1,2,NA,4,3,5,NA,10,US national laboratories for energy and security,High school graduate or GED,Male,"$50,000 to under $75,000",Metropolitan,White,Yes,Democrat,NA,I voted,Kamala Harris,South,Texas,Male,50-64,HS or less,Hispanic,South,Metropolitan,"> $50,000",Democrat,Kamala Harris,0.7149139859906197
R_1BqStMoWC7CVeh3,2025-03-19T16:03:03Z,2025-03-19T16:26:32Z,1,24,11,96706,10,10,10,10,10,A mix between two or more different types of cells.,3,A mix of energy,5,A lot of things,5,1,1,1,1,1,1,1,1,1,0,0,NA,10,1,4,7,7,NA,It is a new and very important project that is very interesting to see and learn from the team.,NA,1,1,1,3,3,7,NA,50,50,50,50,10,10,10,10,10,10,10,10,10,10,10,10,10,10,10,10,10,10,7,7,7,7,7,7,7,7,7,7,7,7,7,7,7,7,7,7,1,1,10,NA,10,7,10,NA,10,US national laboratories for energy and security,Some high school or less,Male,"Less than $15,000",Metropolitan,Asian or Asian-American,Yes,Independent,The Democratic Party,I voted,Donald Trump,West,Hawaii,Male,18-29,HS or less,Hispanic,West,Metropolitan,"< $50,000",Independent,Donald Trump,0.7691173239301624
R_6W1Dv36e3RvDVjX,2025-03-22T14:32:24Z,2025-03-22T14:38:25Z,1,41,45,05458,10,8,10,8,10,I’m not sure,3,Still unsure honestly,3,Nothing to report,3,1,0,1,1,1,0,0,0,1,0,0,NA,5,2,3,4,4,NA,NA,I’m just not sure we are at the point in technological know how to sustain such a powerful source of energy.,2,1,1,2,1,NA,4,100,0,100,0,6,6,6,7,6,7,6,6,5,5,5,5,6,5,5,5,6,3,4,4,4,4,4,4,4,4,4,4,4,5,4,4,4,4,4,4,3,1,7,NA,9,1,0,No thing I can think of,10,US national laboratories for energy and security,High school graduate or GED,Male,"$50,000 to under $75,000",Metropolitan,White,No,Democrat,NA,I did not vote,NA,Northeast,Vermont,Male,30-49,HS or less,White,Northeast,Metropolitan,"> $50,000",Democrat,3rd or didn't vote,1.7356822934210143
R_7lJb3iH2z8qmZRn,2025-03-20T01:55:06Z,2025-03-20T02:06:25Z,1,25,21,01610,8,8,9,6,10,Nuclear,3,New,3,Renewable,5,0,NA,NA,NA,NA,NA,NA,NA,NA,NA,NA,NA,NA,NA,5,4,1,"I’m not aware of the downsides, but it sounds dangerous. Nothing good has ever come from living near an energy facility. Perhaps nobody should be living within 50 miles",NA,NA,6,1,1,0,3,5,NA,65,35,50,50,10,9,6,8,10,6,7,10,0,7,8,6,7,8,3,6,8,4,4,3,5,5,2,1,5,4,7,3,4,4,4,4,7,4,4,3,4,1,5,NA,10,3,1,"I hope they’re able to develop it in a safe and efficient manner. I hope the waste is disposed of properly in a manner that doesn’t put Americans at risk, but I’m sure it won’t be.",50,US national laboratories for energy and security,4-year or bachelor degree,Female,"$15,000 to under $50,000",Metropolitan,White,No,Independent,Neither,I did not vote,NA,Northeast,Massachusetts,Female,18-29,4-yr/post-graduate degree,White,Northeast,Metropolitan,"< $50,000",Independent,3rd or didn't vote,1.7357521032377656
R_3fTEWAwWw6C9H2h,2025-03-18T21:28:18Z,2025-03-18T21:52:48Z,1,70,9,32225,10,9,9,10,9,Atomic,4,Future,4,Electricity,4,1,0,1,0,0,0,0,0,0,0,0,NA,2,2,5,5,4,NA,NA,"I believe fusion energy is safe but irregardless, it still makes me a bit nervous thinking about it.",4,1,1,1,1,6,NA,75,25,50,50,5,7,8,5,7,7,8,5,9,8,4,7,8,4,7,7,9,2,4,5,4,4,5,4,4,3,3,4,3,4,4,3,4,4,3,5,2,1,8,NA,8,4,2,No thank you. That was an interesting study.,10,US national laboratories for energy and security,4-year or bachelor degree,Female,"$50,000 to under $75,000",Metropolitan,White,No,Democrat,NA,I voted,Kamala Harris,South,Florida,Female,65+,4-yr/post-graduate degree,White,South,Metropolitan,"> $50,000",Democrat,Kamala Harris,0.7869933071620695
R_6Jz6ctEVweVd4vn,2025-03-20T02:00:43Z,2025-03-20T02:30:02Z,1,37,5,93230,6,6,10,10,8,Science,4,Power,3,Control,2,1,0,0,1,0,0,1,0,0,0,0,NA,3,2,3,4,1,I would concerned about the potential reaction like blowing up,NA,NA,3,1,1,0,2,4,NA,69,31,20,80,7,5,5,7,6,9,6,8,5,4,3,4,4,4,7,5,5,3,6,7,4,2,2,3,2,2,6,2,2,3,2,4,2,4,3,2,3,1,5,NA,6,4,4,NA,50,Lawrence Livermore National Laboratory,High school graduate or GED,Female,"$15,000 to under $50,000",Metropolitan,Mixed race,Yes,Democrat,NA,I did not vote,NA,West,California,Female,30-49,HS or less,Hispanic,West,Metropolitan,"< $50,000",Democrat,3rd or didn't vote,1.8067835561267305
R_57dqECz9zkv0jn3,2025-03-20T00:00:29Z,2025-03-20T00:33:55Z,1,46,46,20111,8,7,8,7,8,Science innovation,4,Innovative,4,A new technology,4,0,NA,NA,NA,NA,NA,NA,NA,NA,NA,NA,NA,NA,NA,4,4,5,NA,NA,I would want to know the negative effects or outcomes from fusion energy,3,1,1,0,3,4,NA,40,60,40,60,7,7,8,7,6,7,7,8,6,5,6,7,7,6,6,6,6,5,5,6,4,5,5,4,6,6,4,5,5,5,5,5,4,5,5,4,2,1,8,NA,8,3,7,Not at this time,50,US national laboratories for energy and security,Post-graduate degree,Male,"$100,000 to under $150,000",Metropolitan,White,Yes,Democrat,NA,I voted,Kamala Harris,South,Virginia,Male,30-49,4-yr/post-graduate degree,Hispanic,South,Metropolitan,"> $50,000",Democrat,Kamala Harris,0.8159444834109093
R_7xXCh9SEhVaWt6S,2025-03-20T16:07:23Z,2025-03-20T16:15:18Z,1,20,20,21797,4,7,8,7,10,Tokomak,5,Hydrogen,5,H-bomb,1,1,0,1,0,1,0,1,0,0,0,0,NA,6,2,7,7,7,NA,"From my understanding, unlike fission energy, there is no risk of radiation. A fusion facility would only bring jobs, investment, and technology to my community. All amazing things",NA,4,1,1,3,1,NA,7,20,80,65,35,10,10,9,10,8,7,3,2,8,10,10,10,10,5,2,10,10,4,4,4,4,4,1,1,4,4,7,4,4,4,4,4,7,4,4,1,1,1,10,NA,8,1,2,"I am extremely excited by the possibility of fusion, it will be extremely powerful clean energy, and if implemented properly will remove all need for fossil fuels",50,Lawrence Livermore National Laboratory,"Some college, no degree",Male,"$150,000 to under $200,000",Metropolitan,Mixed race,No,Other or none,The Democratic Party,I voted,Kamala Harris,South,Maryland,Male,18-29,Some college/2-yr degree,Other,South,Metropolitan,"> $50,000",Independent,Kamala Harris,0.6292144218053228
R_30eFmAVR8TRGOrZ,2025-03-21T19:07:42Z,2025-03-21T19:11:46Z,1,19,5,95076,8,6,7,4,6,Dangerous,4,Lucky,1,Hard,1,1,0,0,0,1,0,0,0,0,0,0,NA,7,2,6,4,3,NA,NA,I just feel it’s dangerous.,2,1,0,1,4,NA,5,60,40,70,30,7,8,7,8,8,8,3,6,8,8,9,9,8,9,7,9,9,5,5,6,5,5,7,5,6,6,6,6,6,5,6,5,7,5,7,7,3,1,8,NA,8,5,8,No I do not.,10,Lawrence Livermore National Laboratory,"Some college, no degree",Male,"Less than $15,000",Metropolitan,Some other race,Yes,Other or none,The Democratic Party,I was too young to vote,NA,West,California,Male,18-29,Some college/2-yr degree,Hispanic,West,Metropolitan,"< $50,000",Independent,3rd or didn't vote,1.9915372989834417
R_1a2kiqjgSg5w7HX,2025-03-20T00:25:57Z,2025-03-20T00:33:06Z,1,32,43,75204,5,6,9,6,5,Neculer,4,Sustainable power,4,Radioactive,3,1,0,0,0,0,0,0,0,1,0,0,NA,7,2,5,5,5,NA,NA,No I'm on board with a fusion energy plant,2,1,1,3,3,NA,6,40,60,70,30,8,8,7,7,8,9,8,9,8,7,9,8,8,6,8,7,8,6,5,5,5,7,6,5,6,7,5,5,6,5,6,6,5,5,6,6,3,1,8,NA,7,5,7,NA,10,Lawrence Livermore National Laboratory,High school graduate or GED,Male,"$50,000 to under $75,000",Metropolitan,White,Yes,Republican,NA,I was not registered to vote,NA,South,Texas,Male,30-49,HS or less,Hispanic,South,Metropolitan,"> $50,000",Republican,3rd or didn't vote,2.2332202715053815
R_5I2szpHhOgnZWBH,2025-03-19T16:51:06Z,2025-03-19T16:59:30Z,1,54,25,65803,10,10,10,10,10,atomic,4,safe,5,science,5,0,NA,NA,NA,NA,NA,NA,NA,NA,NA,NA,NA,NA,NA,5,6,5,NA,NA,I have mixed feeling about fusion energy because I am not knowlegable about the subject.,3,1,1,0,3,7,NA,50,50,50,50,6,6,6,6,5,6,7,6,9,6,10,5,6,5,6,8,5,7,4,4,4,4,4,4,4,4,4,4,4,4,4,4,4,4,4,4,1,1,10,NA,10,2,7,NA,10,Lawrence Livermore National Laboratory,Post-graduate degree,Female,"$50,000 to under $75,000",Metropolitan,White,No,Democrat,NA,I voted,Kamala Harris,Midwest,Missouri,Female,50-64,4-yr/post-graduate degree,White,Midwest,Metropolitan,"> $50,000",Democrat,Kamala Harris,0.7350203139189642
R_3luIKYmeMW4VnsR,2025-03-18T19:28:06Z,2025-03-18T19:32:26Z,1,31,13,60659,5,5,5,5,5,I’m not sure,3,I’m not sure,3,I’m not sure,3,0,NA,NA,NA,NA,NA,NA,NA,NA,NA,NA,NA,NA,NA,4,4,4,NA,NA,I’m not sure about it,3,1,1,0,3,4,NA,70,30,50,50,5,5,5,5,5,5,5,5,5,5,5,5,5,5,5,5,5,5,4,4,4,4,4,4,4,4,4,4,4,4,4,4,4,4,4,4,3,1,5,NA,5,3,5,I would like to do my own research,50,US national laboratories for energy and security,"Some college, no degree",Male,"$50,000 to under $75,000",Metropolitan,Some other race,Yes,Independent,The Democratic Party,I voted,Kamala Harris,Midwest,Illinois,Male,30-49,Some college/2-yr degree,Hispanic,Midwest,Metropolitan,"> $50,000",Independent,Kamala Harris,0.7480164317249988
R_7M7gIdXD8S97ukF,2025-03-18T19:21:48Z,2025-03-18T19:31:48Z,1,74,9,33715,5,8,10,8,8,Atomic,3,Power,4,Fission,3,1,0,0,0,1,0,0,0,0,0,0,NA,4,2,3,5,3,NA,NA,It is too early to tell and I don't know enough,2,1,1,0,3,6,NA,50,50,50,50,4,5,5,8,4,3,3,7,8,7,6,5,7,5,6,7,7,4,3,5,NA,4,3,2,4,3,4,4,4,3,4,4,6,4,4,6,2,1,9,NA,10,4,1,No,50,Lawrence Livermore National Laboratory,Post-graduate degree,Male,"$75,000 to under $100,000",Metropolitan,White,No,Independent,The Democratic Party,I voted,Kamala Harris,South,Florida,Male,65+,4-yr/post-graduate degree,White,South,Metropolitan,"> $50,000",Independent,Kamala Harris,0.7276695937073471
R_7Vf64VrFRcscv0Q,2025-03-18T19:35:57Z,2025-03-18T19:46:22Z,1,59,25,65201,8,8,10,10,10,Don't know much about,3,Unsure,3,Is it sustainable?,3,0,NA,NA,NA,NA,NA,NA,NA,NA,NA,NA,NA,NA,NA,4,4,4,NA,NA,I would need more information. There are two nuclear power plants within 35 miles of my house. And one coal power plant.,3,0,1,0,4,4,NA,50,50,30,70,7,7,7,7,5,5,5,5,5,0,0,0,5,7,5,0,2,2,2,2,2,2,2,2,2,2,2,3,2,2,4,2,2,2,2,2,4,1,10,NA,10,2,0,NA,10,US national laboratories for energy and security,4-year or bachelor degree,Female,"$15,000 to under $50,000",Metropolitan,White,No,Democrat,NA,I voted,Kamala Harris,Midwest,Missouri,Female,50-64,4-yr/post-graduate degree,White,Midwest,Metropolitan,"< $50,000",Democrat,Kamala Harris,0.6607043204059588
R_1ezzcn8OrYDzMjA,2025-03-19T18:05:24Z,2025-03-19T18:20:51Z,1,26,46,22815,5,6,9,6,6,Unsafe,1,Very hot,2,Nuclear,1,0,NA,NA,NA,NA,NA,NA,NA,NA,NA,NA,NA,NA,NA,1,1,1,"Radioactive waste doesn’t need to be anywhere near my home..the returns doesn’t support the amount of space, time and money that would have to be spent to achieve what they are trying to achieve. No matter how you shape it, it’s not good for the environment and I’m not buying it.",NA,NA,5,1,0,1,3,4,NA,75,25,33.5,66.5,7,3,6,5,9,9,9,9,6,6,9,1,4,3,2,6,6,0,6,6,4,4,4,3,5,4,7,4,4,4,4,4,6,5,4,7,4,1,8,NA,6,2,0,I don’t get my hopes up or even care enough to worry about things I’m probably not going to see in my life time. I just don’t see it as beneficial for something that may never even happen.,50,US national laboratories for energy and security,High school graduate or GED,Male,"$15,000 to under $50,000",Metropolitan,White,No,Democrat,NA,I voted,Kamala Harris,South,Virginia,Male,18-29,HS or less,White,South,Metropolitan,"< $50,000",Democrat,Kamala Harris,0.6067865944326459
R_7TrTPsOj1zNdBNn,2025-03-19T05:37:01Z,2025-03-19T05:47:39Z,1,70,11,96746,3,5,3,9,6,Concern for the future,3,Power,3,Spacex,5,0,NA,NA,NA,NA,NA,NA,NA,NA,NA,NA,NA,NA,NA,5,5,6,NA,NA,Need more info,3,1,1,0,3,1,NA,100,0,50,50,3,5,4,4,6,4,8,5,5,5,2,5,0,1,2,2,1,0,1,2,1,1,1,4,1,4,1,1,1,4,1,2,2,1,2,1,3,1,8,NA,7,5,10,O would like to hear more about Trumps thoughts on it.,10,US national laboratories for energy and security,"Some college, no degree",Female,"$100,000 to under $150,000",Non-metro,White,No,Republican,NA,I voted,Donald Trump,West,Hawaii,Female,65+,Some college/2-yr degree,White,West,Non-metro,"> $50,000",Republican,Donald Trump,0.9166261473409424
R_6xWP84Oz6AtD31V,2025-03-20T21:08:02Z,2025-03-20T21:12:56Z,1,22,1,35217,10,10,10,10,10,Sun,3,Solar,4,Nuclear,1,0,NA,NA,NA,NA,NA,NA,NA,NA,NA,NA,NA,NA,NA,1,1,1,"The events of it going nuclear, outweigh the benefits of having it. Trying to combine atoms, is very sensitive, and it can blow up.",NA,NA,1,0,0,0,1,NA,7,90,10,30,70,10,9,6,10,1,1,1,1,10,7,10,0,10,10,6,0,9,0,1,2,1,2,1,1,1,2,1,7,7,4,7,7,7,7,7,7,5,0,NA,10,0,4,0,It’s dangerous,50,US national laboratories for energy and security,"Some college, no degree",Female,"Less than $15,000",Metropolitan,White,Yes,Independent,The Democratic Party,I voted,Kamala Harris,South,Alabama,Female,18-29,Some college/2-yr degree,Hispanic,South,Metropolitan,"< $50,000",Independent,Kamala Harris,0.6562222074405932
R_1dmcZnvgQftQzRX,2025-03-20T20:21:21Z,2025-03-20T20:28:21Z,1,72,22,48230,10,10,10,10,10,renewable nuclear energy,4,enviormentally friendly,4,Saves money,4,1,1,1,0,1,0,1,0,0,0,0,NA,6,1,7,6,7,NA,"We need more affordable, renewable energy for a bright future.",NA,3,1,1,1,1,NA,7,0,100,50,50,5,5,5,5,6,6,6,6,10,7,6,7,7,7,7,6,6,7,5,5,5,5,5,5,5,5,5,4,4,4,4,4,4,4,4,4,1,1,10,NA,10,3,3,It is a big part of a sustainable energy future.,10,Lawrence Livermore National Laboratory,4-year or bachelor degree,Male,"$50,000 to under $75,000",Metropolitan,White,No,Independent,The Democratic Party,I voted,Kamala Harris,Midwest,Michigan,Male,65+,4-yr/post-graduate degree,White,Midwest,Metropolitan,"> $50,000",Independent,Kamala Harris,0.81459874642719
R_1nMChhpYi54xD87,2025-03-19T00:28:02Z,2025-03-19T00:34:24Z,1,50,5,92308,5,5,6,6,7,Energy,3,Power,3,Limitless,1,2,NA,NA,NA,NA,NA,NA,NA,NA,NA,NA,NA,NA,NA,4,5,5,NA,NA,I think it could be used for a bomb,3,1,1,1,2,NA,4,100,0,100,0,7,7,7,5,7,5,5,6,5,5,7,5,7,8,7,7,6,5,4,4,5,5,5,5,6,5,5,4,5,5,4,4,5,6,5,5,3,0,NA,7,7,6,7,No,50,US national laboratories for energy and security,High school graduate or GED,Male,"$50,000 to under $75,000",Metropolitan,White,Yes,Republican,NA,I voted,Donald Trump,West,California,Male,50-64,HS or less,Hispanic,West,Metropolitan,"> $50,000",Republican,Donald Trump,0.9127441863161515
R_7K3vcdMcQYjxVkJ,2025-03-20T20:41:38Z,2025-03-20T20:52:58Z,1,26,5,93030,7,8,8,7,8,Effective,4,Economic,4,Future,4,1,0,1,1,1,0,0,1,0,0,0,NA,8,2,7,6,6,NA,Fusion energy is amazing in all ways holds immense potential an virtually endless and  safe energy source it’s very promising and the future,NA,3,1,0,1,3,NA,7,70,30,35,65,7,9,9,9,6,7,8,8,8,7,7,9,9,9,8,8,8,9,5,6,5,5,6,6,3,6,6,6,6,4,6,6,7,6,6,6,2,0,NA,8,10,5,9,I think this is the future.,50,Lawrence Livermore National Laboratory,2-year or associate degree,Male,"$75,000 to under $100,000",Metropolitan,White,Yes,Republican,NA,I voted,Donald Trump,West,California,Male,18-29,Some college/2-yr degree,Hispanic,West,Metropolitan,"> $50,000",Republican,Donald Trump,1.0862716057672834
R_7kczKuEEQAmXzQ3,2025-03-20T02:43:32Z,2025-03-20T02:49:21Z,1,38,14,46032,4,4,8,4,6,Smart,3,Tech,3,Confused,3,0,NA,NA,NA,NA,NA,NA,NA,NA,NA,NA,NA,NA,NA,4,4,2,Risk,NA,NA,4,1,1,0,2,NA,6,30,70,30,70,8,7,8,6,7,7,4,9,8,5,5,6,6,6,5,5,6,2,4,4,4,4,4,4,4,4,7,4,3,4,4,4,5,4,4,4,2,1,10,NA,10,1,0,NA,10,US national laboratories for energy and security,4-year or bachelor degree,Female,"More than $200,000",Metropolitan,White,No,Democrat,NA,I voted,Kamala Harris,Midwest,Indiana,Female,30-49,4-yr/post-graduate degree,White,Midwest,Metropolitan,"> $50,000",Democrat,Kamala Harris,0.7337862470629105
R_7LhSe6oGpWVeRvk,2025-03-23T07:27:35Z,2025-03-24T02:50:39Z,1,28,25,64093,10,10,10,10,NA,NA,5,NA,5,NA,5,1,0,0,1,0,0,0,0,0,0,0,NA,8,3,5,6,6,NA,It has potential to decrease the negative effects if combined sometimes,NA,2,1,1,3,3,6,NA,65,35,45,55,10,7,10,6,8,7,10,10,10,10,10,4,7,10,10,10,10,7,1,1,1,4,1,4,4,2,1,1,4,4,5,1,4,4,4,1,4,1,10,NA,10,4,10,I think it may have some good benefits and some bad buy I think in the end it we will be better off,50,US national laboratories for energy and security,High school graduate or GED,Male,"$15,000 to under $50,000",Non-metro,Native American or American Indian,No,Republican,NA,I voted,Donald Trump,Midwest,Missouri,Male,18-29,HS or less,Other,Midwest,Non-metro,"< $50,000",Republican,Donald Trump,0.8523394230228428
R_1o5xGxbfhjpmq1V,2025-03-19T19:00:31Z,2025-03-19T19:18:07Z,1,50,42,37743,10,10,10,10,5,Science,3,Future,3,Technology,3,1,0,1,0,0,0,0,0,0,0,0,NA,0,4,1,7,4,NA,NA,There is not enough information about it,4,1,1,0,3,NA,4,50,50,30,70,10,10,10,4,10,1,1,1,10,5,5,7,7,4,5,6,5,0,7,7,4,4,7,1,4,4,7,4,4,7,4,7,7,4,7,7,4,1,5,NA,5,6,5,Need more information about it out to the people,50,US national laboratories for energy and security,"Some college, no degree",Female,"$50,000 to under $75,000",NA,White,No,Republican,NA,I voted,Donald Trump,NA,Tennessee,Female,50-64,Some college/2-yr degree,White,South,Metropolitan,"> $50,000",Republican,Donald Trump,0.7667556579963318
R_3z6DYGPcPo8nOQ5,2025-03-19T17:32:59Z,2025-03-19T17:38:36Z,1,21,10,30331,0,0,0,0,0,NA,1,NA,1,NA,1,1,0,0,0,0,0,0,0,0,1,0,NA,0,1,1,1,1,I have to be honest with,NA,NA,1,0,0,0,5,NA,1,25,75,50,50,1,1,1,1,NA,NA,NA,NA,0,0,0,0,0,0,0,0,0,0,1,1,1,1,1,1,1,1,1,1,1,1,1,1,1,1,1,1,1,1,0,NA,0,1,0,The only way you will ever know,50,Lawrence Livermore National Laboratory,Some high school or less,Male,"Less than $15,000",Metropolitan,Black or African-American,No,Democrat,NA,I voted,Kamala Harris,South,Georgia,Male,18-29,HS or less,Black,South,Metropolitan,"< $50,000",Democrat,Kamala Harris,0.6097432733762592
R_70Gm53GxUB9USjd,2025-03-22T23:12:22Z,2025-03-22T23:25:51Z,1,61,43,78641,10,8,8,8,10,Atoms,3,Temperature,3,Plasma,3,1,1,0,0,0,0,0,0,0,0,0,NA,1,3,1,1,1,Not enough knowledge.  Too risky.,NA,NA,3,1,1,0,4,4,NA,70,30,40,60,3,4,4,3,10,10,10,10,5,5,2,2,2,7,8,2,7,6,1,1,1,4,4,NA,NA,4,6,1,2,1,4,4,6,2,4,1,2,1,10,NA,10,1,2,NA,50,US national laboratories for energy and security,High school graduate or GED,Female,"$50,000 to under $75,000",Metropolitan,White,Yes,Democrat,NA,I voted,Kamala Harris,South,Texas,Female,50-64,HS or less,Hispanic,South,Metropolitan,"> $50,000",Democrat,Kamala Harris,0.6886874762420292
R_5OC4t10ipGkTuZe,2025-03-23T17:19:53Z,2025-03-24T00:19:41Z,1,41,10,30067,9,8,9,8,7,Environmental,3,NA,NA,NA,NA,1,0,1,1,0,0,0,0,0,0,0,NA,3,3,5,4,3,NA,NA,I need more information to make a sound decision,2,1,1,0,5,5,NA,60,40,50,50,7,5,5,5,5,5,4,5,5,5,5,5,5,5,5,5,5,5,4,4,4,4,4,4,4,4,4,4,4,4,4,4,4,4,4,4,3,1,8,NA,8,4,3,There is still a lot to oearn,50,US national laboratories for energy and security,Post-graduate degree,Female,"$100,000 to under $150,000",Metropolitan,White,No,Independent,The Democratic Party,I voted,Someone else,South,Georgia,Female,30-49,4-yr/post-graduate degree,White,South,Metropolitan,"> $50,000",Independent,3rd or didn't vote,1.6980872078865323
R_6q4Ug4tKvasx3Dm,2025-03-24T04:20:06Z,2025-03-24T04:27:27Z,1,21,5,94704,7,6,10,9,9,physics,2,nuclear,3,energy,3,0,NA,NA,NA,NA,NA,NA,NA,NA,NA,NA,NA,NA,NA,5,6,3,NA,NA,there might be some potential disruption and i’m worried if something goes wrong with the power plant like in chernobyl,4,1,1,0,3,NA,4,80,20,50,50,9,6,6,9,9,7,9,7,7,7,9,10,9,8,9,8,9,6,3,3,4,4,5,2,3,4,6,5,4,4,4,3,6,6,4,2,2,1,10,NA,10,4,3,NA,50,Lawrence Livermore National Laboratory,"Some college, no degree",Female,"$150,000 to under $200,000",Metropolitan,Asian or Asian-American,No,Independent,Neither,I voted,Kamala Harris,West,California,Female,18-29,Some college/2-yr degree,Other,West,Metropolitan,"> $50,000",Independent,Kamala Harris,0.6092627446727158
R_1OsNmj1V2uyrLX3,2025-03-19T16:40:02Z,2025-03-19T16:45:16Z,1,22,10,30534,5,10,10,6,9,chemistry,2,ions,3,electricity,4,1,0,0,0,0,0,0,0,0,0,1,school,1,2,3,2,1,Sounds dangerous and I dont fully know the impact on the environment it would have,NA,NA,6,1,0,0,5,5,NA,30,70,50,50,10,10,10,10,7,9,9,9,2,5,7,3,5,2,5,8,6,0,5,6,4,4,5,6,4,5,4,5,4,4,4,5,5,6,4,2,3,1,0,NA,10,2,4,I dont know much about it but I would love to learn more,50,US national laboratories for energy and security,4-year or bachelor degree,Other,"$100,000 to under $150,000",Metropolitan,Asian or Asian-American,No,Democrat,NA,I voted,Kamala Harris,South,Georgia,Female,18-29,4-yr/post-graduate degree,Other,South,Metropolitan,"> $50,000",Democrat,Kamala Harris,0.7401607347094219
R_6xFpa3UCHCz1wJ3,2025-03-22T06:06:07Z,2025-03-22T06:17:43Z,1,24,3,85209,7,4,10,4,9,Nuclear,2,Power,5,New-age,5,1,0,0,0,0,0,1,0,0,0,0,NA,3,2,5,6,1,I'm worried it would turn out to be unsafe after learning more information in the future,NA,NA,3,1,1,0,2,NA,7,10,90,50,50,7,8,6,4,6,5,9,6,10,0,5,1,1,9,6,0,6,0,3,7,4,4,5,2,4,3,7,1,4,6,4,5,7,2,5,3,1,1,10,NA,8,3,0,NA,10,Lawrence Livermore National Laboratory,"Some college, no degree",Female,"$50,000 to under $75,000",Metropolitan,White,Yes,Independent,The Democratic Party,I voted,Kamala Harris,West,Arizona,Female,18-29,Some college/2-yr degree,Hispanic,West,Metropolitan,"> $50,000",Independent,Kamala Harris,0.7338050241344272
R_1JCqcPGllafssPf,2025-03-19T21:07:20Z,2025-03-19T21:12:57Z,1,20,17,40291,7,8,8,6,8,Nothing,3,Energy,5,Together,4,1,0,0,1,0,0,0,0,0,0,0,NA,2,4,4,6,4,NA,NA,Id be open to it but i dont know enough about it yet,3,1,1,3,2,NA,5,60,40,80,20,10,9,10,7,9,4,9,10,10,2,7,5,7,2,8,9,7,5,4,6,4,4,7,4,4,4,7,4,7,4,4,4,4,4,4,2,1,1,7,NA,6,6,3,Its energy that's created by combining two different types of energies,10,Lawrence Livermore National Laboratory,High school graduate or GED,Female,"$15,000 to under $50,000",Metropolitan,White,Yes,Republican,NA,I voted,Donald Trump,South,Kentucky,Female,18-29,HS or less,Hispanic,South,Metropolitan,"< $50,000",Republican,Donald Trump,0.8902890537989062
R_1CvAceYSxPISdeQ,2025-03-19T20:32:03Z,2025-03-19T20:51:12Z,1,32,38,19132,8,6,7,8,7,Hdhdbdc,4,Vfhfhdhd,4,Bcucudhc,4,1,0,0,1,0,1,1,1,0,0,0,NA,8,2,5,5,5,NA,NA,The only thing I can do is to get a new phone for my computer,3,1,0,2,2,NA,5,20,80,50,50,7,5,7,8,7,6,8,7,8,8,7,8,6,7,6,8,8,8,5,6,6,6,5,5,6,5,6,6,6,3,6,6,5,6,5,6,2,0,NA,8,8,3,8,The only thing I can do is to get a new phone for my computer,10,Lawrence Livermore National Laboratory,4-year or bachelor degree,Male,"$75,000 to under $100,000",Metropolitan,Black or African-American,No,Democrat,NA,I voted,Kamala Harris,Northeast,Pennsylvania,Male,30-49,4-yr/post-graduate degree,Black,Northeast,Metropolitan,"> $50,000",Democrat,Kamala Harris,0.685566383245821
R_7ObrLip7vLB9EiJ,2025-03-19T16:07:28Z,2025-03-19T16:19:54Z,1,65,15,50036,8,9,4,6,10,combination,3,power,4,????,3,0,NA,NA,NA,NA,NA,NA,NA,NA,NA,NA,NA,NA,NA,5,4,5,NA,NA,I do not know what the drawbacks are of fusion energy but it may save us from our reliance on fossil fuels.,2,1,1,0,2,4,NA,60,40,20,80,6,7,9,3,8,10,10,7,0,3,1,8,10,9,8,5,9,9,2,1,4,6,6,4,3,6,6,3,2,6,6,6,4,4,7,6,2,1,9,NA,10,3,1,It has potential but needs to be researched alot more,50,US national laboratories for energy and security,4-year or bachelor degree,Male,"$75,000 to under $100,000",Non-metro,White,No,Independent,The Democratic Party,I voted,Kamala Harris,Midwest,Iowa,Male,65+,4-yr/post-graduate degree,White,Midwest,Non-metro,"> $50,000",Independent,Kamala Harris,0.8082769999429431
R_3ya5Ar0hK1KclUl,2025-03-19T16:18:50Z,2025-03-19T16:33:36Z,1,54,43,75149,10,8,10,10,9,I think it would be amazing.,5,Is it possible?,4,I didn't think cold fusion was thats far along.,3,1,0,1,0,0,0,0,1,0,0,0,NA,8,2,6,5,4,NA,NA,"I don't know enough about the process to make an informed decision.  It sounds wonderful, though.",3,1,1,0,5,7,NA,25,75,40,60,10,10,10,10,4,5,5,7,8,7,7,7,8,6,6,5,6,7,4,5,4,4,5,3,5,3,4,4,4,4,4,3,6,5,4,4,3,0,NA,0,10,3,2,N/A,50,US national laboratories for energy and security,Post-graduate degree,Male,"$100,000 to under $150,000",Metropolitan,White,No,Democrat,NA,I voted,Kamala Harris,South,Texas,Male,50-64,4-yr/post-graduate degree,White,South,Metropolitan,"> $50,000",Democrat,Kamala Harris,0.6815872226676049
R_7GD1bQgRuiQLxl5,2025-03-24T08:02:44Z,2025-03-24T08:29:35Z,1,29,17,40962,5,5,4,5,3,Bad,2,Low,2,Negative,1,0,NA,NA,NA,NA,NA,NA,NA,NA,NA,NA,NA,NA,NA,1,1,1,I find it all concerning I’ve never heard of this before.,NA,NA,2,0,0,0,3,NA,2,90,10,90,10,4,5,3,3,2,1,5,4,4,0,0,0,0,0,0,0,0,0,1,1,1,1,1,1,1,1,1,1,1,1,1,1,1,1,1,1,1,1,0,NA,0,2,0,No,50,Lawrence Livermore National Laboratory,High school graduate or GED,Female,"Less than $15,000",Non-metro,White,No,Independent,Neither,I did not vote,NA,South,Kentucky,Female,18-29,HS or less,White,South,Non-metro,"< $50,000",Independent,3rd or didn't vote,1.5025218109978542
R_7qKjXixWTApWm2O,2025-03-19T19:38:55Z,2025-03-19T19:47:31Z,1,18,38,19801,4,3,4,0,4,Nuclear,2,Industrial,2,Innovative,4,1,1,1,0,1,1,1,1,1,0,0,NA,4,2,3,3,2,"Risk of accidents, drawbacks in terms of scenery",NA,NA,4,1,0,0,2,NA,4,60,40,30,70,5,8,5,8,4,7,4,6,3,8,9,9,8,7,4,8,6,5,4,5,3,4,6,2,4,4,7,4,3,4,4,2,4,4,4,5,2,1,10,NA,10,2,3,No,10,US national laboratories for energy and security,High school graduate or GED,Female,"$75,000 to under $100,000",Metropolitan,Asian or Asian-American,No,Democrat,NA,I was too young to vote,NA,South,Pennsylvania,Female,18-29,HS or less,Other,South,Metropolitan,"> $50,000",Democrat,3rd or didn't vote,1.8830324398126235
R_3qrFeycbunmrKPX,2025-03-20T12:32:29Z,2025-03-20T12:47:47Z,1,25,26,59601,10,8,9,7,8,Collaboration,3,Energy,5,Sustainable,2,0,NA,NA,NA,NA,NA,NA,NA,NA,NA,NA,NA,NA,NA,5,7,7,NA,Innovation and technology advancement near me is exciting.,NA,1,1,1,0,3,NA,7,90,10,70,30,10,10,8,10,7,6,4,10,10,7,6,8,6,7,8,7,9,6,6,6,5,5,5,5,5,4,6,3,3,5,3,6,6,3,5,2,1,1,9,NA,7,4,4,I support the advancement and development of fusion energy and I will learn more about fusion energy.,10,Lawrence Livermore National Laboratory,High school graduate or GED,Male,"$15,000 to under $50,000",Non-metro,White,No,Independent,Neither,I did not vote,NA,West,Montana,Male,18-29,HS or less,White,West,Non-metro,"< $50,000",Independent,3rd or didn't vote,1.5677974553641754
R_52E9XpNjFi0PLdY,2025-03-20T04:20:30Z,2025-03-20T04:58:41Z,1,26,37,97761,3,5,5,5,5,Energy balls,3,Electricity,3,Blue,3,0,NA,NA,NA,NA,NA,NA,NA,NA,NA,NA,NA,NA,NA,4,4,3,NA,NA,"It sounds like it could really benefit the economy, but what will happen if they create something really catastrophic in the process of trying to perfect this energy source",3,1,0,0,3,5,NA,40,60,35,65,9,9,9,6,10,8,7,6,6,8,8,4,6,3,6,8,8,0,3,5,4,4,4,4,4,4,5,3,3,3,3,7,5,5,5,7,2,1,5,NA,8,4,4,Not really,10,US national laboratories for energy and security,High school graduate or GED,Female,"Less than $15,000",Non-metro,Native American or American Indian,No,Other or none,Neither,I did not vote,NA,West,Oregon,Female,18-29,HS or less,Other,West,Non-metro,"< $50,000",Independent,3rd or didn't vote,1.503665492825291
