start_date,end_date,recorded_date,progress,duration,finished,response_id,external_ref,confirm,exp_sml_grp,primary_emp_acad,primary_emp_gov,primary_emp_lab,primary_emp_np,primary_emp_ind,primary_emp_oth,primary_emp_oth_spec,primary_field_comp,primary_field_econ,primary_field_elec,primary_field_sys,primary_field_diag,primary_field_invest,primary_field_mat,primary_field_mech,primary_field_nuc,primary_field_plasma,primary_field_pol,primary_field_safe,primary_field_oth,primary_field_oth_spec,primary_role_startup,primary_role_ops,primary_role_res,primary_role_pol,primary_role_sys,primary_role_tech,primary_role_edu,primary_role_oth,primary_role_oth_spec,exp_years,exp_comm_edu,exp_comm_pub,exp_comm_ind,exp_comm_invest,exp_comm_media,exp_comm_pol,exp_comm_none,exp_comm_oth,exp_comm_oth_spec,fusion_time,fusion_chal_few_react,fusion_chal_few_mat,fusion_chal_few_fuel,fusion_chal_few_cost,fusion_chal_few_reg,fusion_chal_few_infra,fusion_chal_few_pub,fusion_chal_few_oth,fusion_chal_few_oth_spec,fusion_chal_dec_react,fusion_chal_dec_mat,fusion_chal_dec_fuel,fusion_chal_dec_cost,fusion_chal_dec_reg,fusion_chal_dec_infra,fusion_chal_dec_pub,fusion_chal_dec_oth,fusion_chal_dec_oth_spec,fusion_risk,fusion_cost,fusion_ben,fusion_risk_ben,fusion_risk_environ,fusion_risk_health,fusion_risk_waste,fusion_risk_security,fusion_risk_tech,fusion_risk_oth,fusion_risk_oth_spec,fusion_cost_research,fusion_cost_constru,fusion_cost_infra,fusion_cost_opera,fusion_cost_decomm,fusion_cost_oth,fusion_cost_oth_spec,fusion_ben_clean,fusion_ben_energysec,fusion_ben_grid,fusion_ben_econ,fusion_ben_safe,fusion_ben_oth,fusion_ben_oth_spec,fusion_mis,fusion_change_dis,fusion_pub_conf,fusion_pub_word_1,fusion_pub_word_2,fusion_pub_word_3,fusion_pub_feel,fusion_pub_know,fusion_pub_opp,fusion_pub_mid,fusion_pub_sup,fusion_pub_time,fusion_pub_rb_risk,fusion_pub_rb_mid,fusion_pub_rb_ben,fusion_argue_for_clean,fusion_argue_for_fuel,fusion_argue_for_sec,fusion_argue_for_econ,fusion_argue_ag_cost,fusion_argue_ag_time,fusion_argue_ag_tech,fusion_argue_ag_waste,fusion_trust_nrc,fusion_trust_epa,fusion_trust_lab,fusion_trust_nas,fusion_trust_env,fusion_trust_comp,fusion_trust_doe,fusion_trust_univ,fusion_trust_media,fusion_sup_cor_age,fusion_sup_cor_educ,fusion_sup_cor_gender,fusion_sup_cor_income,fusion_sup_cor_race,fusion_sup_cor_party,fusion_sup_cor_aware,fusion_sup_cor_trust,fusion_sup_cor_fission,fusion_sup_cor_climate
2026-03-18T11:42:00Z,2026-03-18T12:01:00Z,2026-03-18T12:01:00Z,100,1189,1,R_6cADFDUZqsJzlam,22573,2,2,1,0,0,0,0,0,NA,0,0,0,0,0,0,0,0,0,1,0,0,0,NA,1,1,1,0,0,0,1,0,NA,3,1,1,1,0,1,1,0,0,NA,4,1,1,0,0,0,0,0,0,NA,0,0,1,1,0,0,0,0,NA,2,4,5,6,0,1,0,0,1,0,NA,1,1,0,0,0,0,NA,1,0,0,1,0,0,NA,"The technological and R&D challenges are significant and will require significant investment to overcome. 
Risks associated with public safety and security and minimal compared to fission.","I would hope it could be less of a ""when will the experts figure it out"" discussion and more of a ""how can our community get involved"" discussion. Energy justice should be integrated in to the fusion discussion at all levels.",2,Futuristic,Complicated,Clean,4,3,20,30,50,3,10,50,40,2,3,1,4,2,4,3,1,1,8,4,6,9,3,2,5,7,0,1,0,0,0,0,0,1,0,1
2026-03-19T14:37:00Z,2026-03-19T16:05:00Z,2026-03-19T16:05:00Z,100,5302,1,R_80SdcHFCSU62kW3,88934,2,2,0,0,0,0,1,0,NA,0,1,1,0,0,1,1,0,0,0,0,1,0,NA,1,0,0,1,0,0,1,0,NA,1,1,1,1,1,1,1,0,0,NA,3,1,1,1,1,1,1,1,0,NA,0,1,1,1,0,1,1,0,NA,3,5,5,7,1,1,0,0,0,0,NA,1,1,0,0,0,0,NA,1,1,0,0,0,0,NA,"The main confusion I've experienced is the lack of separation for fission and fusion. When we talk about nuclear, both often get lumped together which is a big mistake. Additionally, people don't understand how much more difficult stable commercial fusion is versus fission.","I would change how the government has funded fusion to date. Just like any other major breakthrough in science and technology, it normally lead by government research and then commercialized by private industry afterwards. Private companies and investors leading this endeavor is more time consuming and at risk to investor swings. This was seen in NASA, CHIPS, Fission, computing, etc.",2,tritium,nuclear,NRC,4,2,10,60,30,4,20,45,35,1,4,2,3,2,1,3,4,1,7,3,4,9,2,5,6,8,0,0,0,0,1,0,0,0,1,1
2026-04-09T11:55:00Z,2026-04-09T12:11:00Z,2026-04-16T12:11:00Z,86,997,0,R_7QFzszWaaWEUG0s,38148,2,2,1,0,0,0,0,0,NA,0,0,0,0,0,0,0,0,0,1,0,0,0,NA,0,0,1,0,0,0,0,0,NA,6,1,0,0,0,1,0,0,0,NA,4,1,1,0,0,0,0,0,0,NA,0,0,1,0,0,1,0,0,NA,2,4,4,7,0,0,0,1,1,0,NA,0,1,0,1,0,0,NA,0,0,0,1,1,0,NA,Commercial availability -- general notion seems to be that fusion energy is always 20-25 years away.,The perception that progress towards viable fusion energy is slow.,3,cold fusion energy,always energy source of the future,captial costs,2,3,15,35,50,4,20,40,40,NA,NA,NA,NA,NA,NA,NA,NA,NA,NA,NA,NA,NA,NA,NA,NA,NA,NA,NA,NA,NA,NA,NA,NA,NA,NA,NA
2026-03-27T04:31:00Z,2026-03-27T04:54:00Z,2026-03-27T04:54:00Z,100,1340,1,R_9GXkYm0P1m5EdKF,10458,2,2,1,0,0,0,0,0,NA,0,1,0,1,0,1,0,0,0,0,1,0,1,competitive landscape,0,0,0,0,0,0,0,1,role in energy strategy,NA,1,1,1,1,1,1,0,0,NA,6,1,0,0,1,0,0,0,0,NA,0,0,0,1,0,0,1,0,NA,5,5,1,1,0,0,0,1,0,1,huge misallocation of capital,1,1,0,0,0,0,NA,1,0,0,0,0,1,supports nuclear weapons (if you think those are desirable),"Whether it holds any prospects of competitiveness—i.e. whether it might have a business case (if technically successful) and whether it has any operational need. As with fission, I'm skeptical on both counts.","Both inside and outside the expert community, fusion should be considered in the context of its competitive landscape and the needs of modern grids. It's not at all clear to me that your research team has a sound grasp of these issues.",3,"durable (""eternal"")",safer than fission,unproven,3,3,30,40,30,3,30,40,30,1,3,2,4,1,2,3,4,6,8,4,3,1,7,5,2,9,0,0,0,0,0,1,0,0,1,1
2026-03-17T16:31:00Z,2026-03-17T19:04:00Z,2026-03-17T19:04:00Z,100,9150,1,R_6X7LbncvMZzyFej,79932,2,2,1,0,0,0,0,0,NA,1,0,0,0,0,0,0,0,0,1,0,0,0,NA,0,0,1,0,0,0,0,0,NA,2,0,1,0,1,0,1,0,0,NA,4,1,1,0,0,0,0,0,0,NA,0,0,0,1,0,1,0,0,NA,1,4,5,7,1,1,0,0,0,0,NA,1,0,0,1,0,0,NA,1,0,0,0,1,0,NA,"I regularly see the public get confused (rightfully so) about the differences between fusion and fission. Fusion is 4x as energy productive and even safer than fission in terms of byproducts-- both points that the public misses/ is unaware of.
Investors I've met are often uninformed about the severity of the materials and energy conversion problems we still need to solve at the fundamental research level.","I would further emphasize that fusion is a fundamentally DIFFERENT energy source than fission. Emphasis should be made on the fact that the fuel (deuterium) for most fusion machines comes from seawater, and that one tablespoon of seawater has the same energy output potential as a whole barrel of oil.",3,nuclear,clean energy,NA,3,1,20,45,35,3,25,35,40,1,2,4,3,1,4,3,2,2,1,7,3,5,9,4,6,8,0,0,0,0,0,0,1,0,1,1
2026-03-26T15:41:00Z,2026-03-26T19:01:00Z,2026-04-02T19:01:00Z,66,11990,0,R_57KymOEjXiyB9jm,61747,2,2,1,0,0,0,0,0,NA,0,1,0,1,0,0,0,0,1,0,0,0,0,NA,0,0,0,0,1,0,0,0,NA,2,1,1,1,0,1,1,0,0,NA,4,0,1,1,0,0,0,0,0,NA,0,0,0,0,1,0,1,0,NA,3,4,4,4,0,0,0,1,1,0,NA,0,0,1,0,1,0,NA,0,1,0,0,1,0,NA,NA,NA,4,NA,NA,NA,NA,NA,NA,NA,NA,NA,NA,NA,NA,NA,NA,NA,NA,NA,NA,NA,NA,NA,NA,NA,NA,NA,NA,NA,NA,NA,NA,NA,NA,NA,NA,NA,NA,NA,NA,NA
2026-03-26T14:40:00Z,2026-03-26T14:57:00Z,2026-03-26T14:57:00Z,100,1041,1,R_3atzta56HvAXMY1,64928,2,2,0,0,0,1,0,0,NA,0,0,0,0,0,0,0,0,0,0,1,0,0,NA,1,0,0,1,0,0,1,0,NA,3,1,1,1,1,1,1,0,1,Whoever asks,2,1,0,0,1,0,0,0,0,NA,0,1,1,0,0,0,0,0,NA,1,4,5,7,0,0,0,0,1,1,(They need to understand that the safety risks are low and not similar to fission),0,0,0,1,0,1,"Nobody knows these costs now, so it’s not right to say that the public needs to know them!",0,1,1,0,0,0,NA,"That it is the same as nuclear fission, and should be treated the same.","I wouldn’t change how it is currently discussed, I would just change how often it is discussed. Most people do not know about fusion, do not hear about it, and don’t care about it.",2,Science,Clean,Nuclear,4,3,10,25,65,2,5,25,70,1,4,3,2,1,3,4,2,6,7,2,3,9,5,4,1,8,0,1,0,1,0,0,1,0,0,0
2026-03-17T14:25:00Z,2026-03-17T14:45:00Z,2026-03-17T14:45:00Z,100,1206,1,R_6rZAESDTOvNnVOT,35516,2,2,0,0,0,0,1,0,NA,0,0,0,0,0,1,0,0,0,0,0,0,0,NA,1,0,0,0,0,0,0,0,NA,1,1,1,1,1,1,1,0,0,NA,2,1,1,0,0,0,0,0,0,NA,0,0,1,1,0,1,0,0,NA,3,3,5,6,1,0,0,0,1,0,NA,1,1,0,0,0,0,NA,0,1,1,0,0,0,NA,"1. Confused with fission. 
2. Believe magnetic confinement is the only approach
3. Think it will happen very soon",If China beats the US to fusion it will wreak havoc on the US dollar and change geopolitics significantly,4,Science fiction,Holy grail,Game changer,4,1,10,25,65,3,20,30,50,1,3,2,4,3,2,1,4,6,7,2,1,9,5,4,3,8,0,1,0,0,0,0,1,1,0,0
2026-03-19T19:34:00Z,2026-03-19T19:59:00Z,2026-03-26T19:59:00Z,98,1521,0,R_5gY3eeqwW2kscoI,88143,2,2,1,0,0,0,0,0,NA,0,0,0,1,0,0,0,0,1,0,0,1,0,NA,0,0,0,1,0,0,1,0,NA,6,1,1,1,1,1,1,0,0,NA,4,1,0,0,0,1,0,0,0,NA,1,1,1,1,1,1,0,0,NA,4,5,5,4,0,0,1,0,1,0,NA,1,1,0,0,0,0,NA,1,1,0,0,0,0,NA,"The true difficulty of creating, sustaining and maintaining large scale plasma operations and the conversion of the energy generated by fusion systems into economically distributable electricity and any other products.",A clear understanding of the difficulties in converting fusion generated energy into useable products and the difficulties of maintaining usable and reliable systems at the extreme ends of the temperature scale (plasmas being some of the hottest temperatures in the universe being held within a meter or two of the magnets that are held at near absolute zero.,5,Limitless energy,Boundless opportunities,Fourty years away,3,1,10,70,20,4,20,20,60,4,2,1,3,2,3,4,1,8,6,3,2,5,4,9,1,7,0,0,0,0,0,0,1,1,0,1
2026-04-07T06:11:00Z,2026-04-07T06:37:00Z,2026-04-07T06:37:00Z,100,1580,1,R_3CkZ56i2x0R1NJm,68232,2,2,0,0,0,1,0,0,NA,0,0,0,1,0,0,1,0,1,0,1,1,1,Utility/owner-operator requirements,0,0,0,1,1,1,0,0,NA,2,0,0,1,0,1,1,0,0,NA,3,1,0,0,0,1,0,0,0,NA,0,1,1,0,0,0,0,0,NA,5,5,5,7,0,0,0,0,1,1,"public acceptance (perception, NOT actual health risks)",1,0,1,0,0,0,NA,0,1,0,0,1,0,NA,"The fundamental differences between fission and fusion energy systems that impact radiological risks. Also, the public sector investment needed (and justified) to bring a new energy generation technology to commercial status beyond just proof of concept or demonstration of an integrated systems…a lot of derisking is needed to support supply chain, workforce, and adequate testing infrastructure — including to support an operating commercial fleet.","The nuances of demonstration, pilot, first commercial, and true commercialization. The timeline to achieve true commercial fleet deployment is likely much longer than the public has the patience for and the private sector companies are willing (and able, given their source of funding) to admit or even understand.  In my informed view, a true commercial fusion plant is one that can be procured and constructed under normal commercial arrangement and contractural conditions, that has predictable cost and construction duration, and can be commissioned and operated reliably from the start.  PIlot plants are not this.  And “first of a kind plants” are also usually not this either.",4,radiation,weapons,nuclear,2,2,40,20,40,3,40,20,40,2,1,3,4,2,4,3,1,6,9,5,3,2,7,8,4,1,0,1,0,0,0,0,1,0,0,1
2026-03-19T21:17:00Z,2026-03-19T21:37:00Z,2026-03-19T21:37:00Z,100,1194,1,R_7JQ4dXLTEIgOvdC,70631,2,2,0,0,1,0,0,0,NA,1,0,0,0,0,0,0,0,1,0,1,0,0,NA,0,0,1,1,0,1,1,0,NA,2,1,0,1,0,0,1,0,0,NA,4,1,0,0,1,0,0,0,0,NA,1,0,0,0,1,0,0,0,NA,4,5,2,2,0,0,0,1,1,0,NA,1,1,0,0,0,0,NA,1,0,0,1,0,0,NA,"That there are multiple types of fusion energy, only one type has actually produced experimental results that indicate energy gain is possible (NIF), and that this energy gain is only theoretical.  Additionally, that this technology was developed by NNSA and that NIF's primary mission is not energy (electrical) production.","DOE laboratories are not all the same.  DIfferent labs have different missions and different rules associated with those missions. People who claim to be experts think they know all aspects of fusion technology and how to handle it appropriately.  In my experience, very few people have considered the full picture, and non-experts are relying on the wrong people to provide the necessary context.",1,clean,science fiction,unlimited,5,3,10,10,80,3,5,20,75,1,4,3,2,2,3,4,1,6,7,9,2,5,3,8,1,4,0,0,0,1,0,0,1,0,0,1
2026-04-06T14:40:00Z,2026-04-06T14:56:00Z,2026-04-06T14:56:00Z,100,970,1,R_1wAd0nmaVsCc4sj,67781,2,2,0,0,1,0,0,0,NA,1,0,1,0,0,0,0,0,0,1,0,0,0,NA,0,0,1,0,0,0,0,0,NA,5,1,1,1,0,0,1,0,0,NA,4,1,0,1,0,0,0,0,0,NA,0,1,0,1,0,0,0,0,NA,4,4,3,3,0,1,0,1,0,0,NA,1,0,0,1,0,0,NA,1,0,0,1,0,0,NA,"The topline billing: that fusion energy as ""safe, reliable, limitless, cheap, clean"" energy. This is at best a gross exaggeration.",I would impress upon people the economics of the fusion energy problem: engineering safeguards of the types required places severe demands on complexity and cost. Fusion energy may well not be a viable energy option and we should be honest about this.,1,cheap,clean,abundant,5,2,40,15,45,2,60,25,15,2,3,1,4,2,3,1,4,4,5,7,2,9,3,1,6,8,0,1,0,0,0,0,1,1,0,0
2026-04-09T12:46:00Z,2026-04-11T14:41:00Z,2026-04-18T14:41:00Z,98,179706,0,R_23UM5OKUXCY1qX7,25733,2,1,1,0,0,0,0,0,NA,1,0,0,0,0,0,1,0,0,0,0,0,0,NA,0,0,1,0,0,0,0,0,NA,2,0,0,0,0,0,0,1,0,NA,3,0,1,0,0,0,0,0,0,NA,1,0,0,0,0,0,0,0,NA,2,3,5,7,0,1,0,0,1,0,NA,1,1,0,0,0,0,NA,1,1,0,0,0,0,NA,NA,NA,3,Dangerous,Radiation,Expensive,2,1,50,30,20,2,50,30,20,3,2,1,4,2,4,3,1,7,4,5,6,2,8,1,9,3,0,1,0,0,0,0,0,0,1,1
2026-03-28T21:51:00Z,2026-03-28T22:14:00Z,2026-03-28T22:14:00Z,100,1410,1,R_6h0iAKLqB63iPAE,73087,2,1,1,0,0,1,1,0,NA,1,0,1,1,0,0,1,0,1,1,0,1,0,NA,0,1,1,0,0,1,0,0,NA,6,1,0,1,0,0,0,0,0,NA,4,1,1,0,0,0,0,0,0,NA,0,1,1,0,0,0,0,0,NA,5,5,5,7,0,0,1,0,1,0,NA,1,0,0,1,0,0,NA,0,1,0,1,0,0,NA,"It's a nuclear technology.  The anti-nuclear community will challenge it on the basis of waste disposal and potential accidents.  The public has limited scientific knowledge (e.g., no difference between tritium and plutonium or high-level and low-level waste)/",Be realistic in describing its risks and benefits.  Acknowledge accidents are possible and discuss the difference between a fission product/actinide release and a tritium /.activation product release. This will not be easy.  See the previous response.,3,clean,cheap,safe,3,3,35,35,35,5,35,30,35,1,2,3,4,2,1,3,4,9,3,6,4,1,7,8,2,5,0,1,0,0,0,0,1,0,0,1
2026-03-26T07:50:00Z,2026-03-26T08:28:00Z,2026-04-02T08:28:00Z,98,2282,0,R_5L3MAaOxOvskIDL,74390,2,2,0,0,1,0,0,0,NA,0,0,0,0,0,0,1,0,0,0,0,0,0,NA,0,0,0,0,0,1,0,0,NA,5,1,1,1,0,0,0,0,0,NA,3,1,1,0,1,0,0,0,0,NA,0,0,1,0,1,1,1,0,NA,4,4,5,2,0,1,0,1,0,0,NA,1,0,0,1,0,0,NA,1,1,0,0,0,0,NA,The word nuclear is linked to fear and danger,Benefits of concentrated clean energy,4,clean energy,no hazardous waste,needed for future energy needs,4,1,30,50,20,4,25,50,25,NA,NA,NA,NA,3,2,1,4,7,9,2,3,6,4,1,5,8,0,1,0,0,0,0,0,1,0,1
2026-03-26T15:35:00Z,2026-03-26T15:44:00Z,2026-03-26T15:44:00Z,100,544,1,R_7vIfFmB3F2W5Os9,64798,2,2,0,0,1,0,0,0,NA,0,0,0,0,1,0,1,0,0,1,1,0,0,NA,0,0,1,0,0,1,1,0,NA,5,1,1,1,1,1,1,0,0,NA,4,0,0,0,0,1,1,1,0,NA,0,0,0,1,1,1,1,0,NA,5,5,5,7,0,1,0,1,0,0,NA,1,0,1,0,0,0,NA,0,1,0,1,0,0,NA,How easy it will be to acheive,How early we are on our path to overcoming the technical challenges,4,clean,limitless,Cool,5,2,20,50,30,2,20,50,30,3,4,2,1,4,3,1,2,4,7,1,3,8,6,5,2,9,0,1,0,0,0,0,1,1,0,0
2026-03-24T13:28:00Z,2026-03-24T13:37:00Z,2026-03-24T13:37:00Z,100,523,1,R_1sZUsUqqG9IS1fy,20563,2,2,0,0,1,0,0,0,NA,0,0,0,0,0,0,0,0,0,0,0,0,1,Communications,0,0,0,0,0,0,0,1,Communications,2,1,1,0,0,1,1,0,0,NA,3,1,1,0,0,0,0,0,0,NA,0,1,0,0,0,1,0,0,NA,1,5,5,7,0,1,0,1,0,0,NA,1,1,0,0,0,0,NA,0,1,1,0,0,0,NA,Confusion with fission; scientific advances still needed - lots to be done before energy on the grid,That it is essential that the US prioritize this - energy security is national security,3,clean,reliable,cheap,4,2,40,35,25,2,45,25,30,4,2,1,3,3,1,2,4,4,6,1,3,9,8,5,2,7,0,0,0,0,0,0,1,1,0,1
2026-04-09T13:18:00Z,2026-04-09T13:43:00Z,2026-04-09T13:43:00Z,100,1510,1,R_50hGNHJlcQUq36F,66501,2,2,1,0,0,0,0,0,NA,0,0,1,0,1,0,0,0,0,0,0,0,0,NA,0,1,0,0,0,1,1,0,NA,6,1,0,0,0,0,0,0,0,NA,3,1,0,0,0,1,0,0,0,NA,0,1,1,0,0,0,0,0,NA,2,4,5,6,0,0,0,0,1,1,Supply Chain Issues,0,0,1,1,0,0,NA,1,0,0,1,0,0,NA,Fuel issues: The breeding of tritium is more complicated than extracting heavy hydrogen from seawater.  The risks associated with rare earths and helium requirements.,It would be great if the the public could understand the fundamental and very practical differences between fission and fusion.,3,nuclear waste,seawater,melt down,2,2,50,30,20,4,50,30,20,NA,NA,NA,NA,NA,NA,NA,NA,2,7,5,1,9,8,3,4,6,0,1,0,0,0,0,1,1,0,0
2026-03-17T16:13:00Z,2026-03-17T19:50:00Z,2026-03-17T19:50:00Z,100,13036,1,R_7K0HSivZK8aMs8h,80564,2,2,0,0,1,0,0,0,NA,0,0,0,0,0,0,0,0,0,1,1,0,0,NA,0,1,1,1,0,1,1,0,NA,6,1,1,1,1,1,1,0,0,NA,3,1,0,0,0,1,0,0,0,NA,0,1,1,0,0,0,0,0,NA,4,4,5,5,0,0,0,1,1,0,NA,1,0,1,0,0,0,NA,0,1,0,1,0,0,NA,"Relationship to/differences with fission.  
","Better understanding of progress, potential and remaining challenges.",3,30 years away,Science Fiction,Power of the stars,2,3,35,30,35,4,30,40,30,3,4,2,1,3,2,4,1,4,7,3,5,9,8,2,6,1,1,0,0,0,0,0,1,1,0,0
2026-03-19T10:32:00Z,2026-03-19T10:52:00Z,2026-03-19T10:53:00Z,100,1258,1,R_1Zxu2CmV5F0VvSF,30911,2,2,1,0,0,0,0,0,NA,0,0,0,0,0,0,0,0,0,0,0,0,1,Executive leadership of integrated program,0,0,0,0,0,0,0,1,Executive leadership,1,1,1,1,1,1,1,0,0,NA,3,1,1,0,0,0,0,0,0,NA,0,0,0,1,0,0,1,0,NA,1,3,4,6,0,0,0,1,0,1,https://yaledailynews.com/articles/judged-for-approach-to-trump-mcinnis-denies-credit-for-yale-s-sparing,0,0,1,1,0,0,NA,0,1,0,0,1,0,NA,The speed which which this will happen; confusion of fusion and fission nuclear energy.,"Less hype, more realistic understanding of what needs to be done to succeed.  Policy makers say a lot, ""we have been hearing this is a decade away for a very long time.""",2,safety,unrealistic,unknown,3,1,30,40,30,3,30,40,30,1,2,3,4,2,4,3,1,5,6,3,7,9,8,4,1,2,0,1,0,0,0,1,0,1,0,0
2026-04-02T14:42:00Z,2026-04-02T15:00:00Z,2026-04-02T15:00:00Z,100,1105,1,R_3cY5tlIYfCVUEip,53463,2,2,1,0,0,0,0,0,NA,1,0,0,0,1,0,1,0,1,1,0,0,0,NA,0,0,1,0,0,1,1,0,NA,6,1,1,0,0,0,0,1,0,NA,4,1,0,0,0,0,0,0,0,NA,0,1,0,0,0,0,0,0,NA,5,2,5,7,0,0,0,0,1,1,We need massive investment and political will. Fusion will NOT be economically competitive anytime soon. Still we need investment similar to the Manhattan project or Apolo program to make it work,1,1,0,0,0,0,NA,1,1,0,0,0,0,NA,"We need a lot more investment in fusion. ALSO, there will not be an immediate economic benefit. Do NOT make fusion compete with current tech.",Fusion is NOT at the point to economically compete. It requires massive investment at the level of an Apollo project or Manhattan project. We are NOT investing at the level needed. Fusion needs to be taken seriously and spend on it seriously. Billions per week level. Not billions per year.,1,future,energy,clean,5,3,20,40,30,5,10,40,50,NA,NA,NA,NA,NA,NA,NA,NA,NA,NA,NA,NA,NA,NA,NA,NA,NA,0,1,0,0,0,0,1,0,0,1
2026-04-06T14:34:00Z,2026-04-06T14:51:00Z,2026-04-06T14:51:00Z,100,1013,1,R_7rVIxXeVPBZkaKZ,64528,2,2,0,0,1,0,0,0,NA,1,0,0,0,1,0,0,0,0,0,0,0,0,NA,0,0,1,0,0,0,0,0,NA,5,1,0,0,0,0,0,1,0,NA,3,1,0,0,0,0,1,0,0,NA,0,1,1,0,0,0,0,0,NA,4,4,4,7,0,0,0,1,1,0,NA,1,1,0,0,0,0,NA,1,1,0,0,0,0,NA,How fusion energy differs from fission energy generation.,The sometimes wild hyperbole associated with many fusion schemes.,1,Sun power,Nuclear power,Clean green energy,4,2,10,60,30,3,20,40,20,2,3,1,4,1,2,4,3,2,5,4,9,3,8,6,7,1,0,1,0,1,0,0,0,1,0,0
2026-03-26T15:39:00Z,2026-03-26T15:50:00Z,2026-03-26T15:50:00Z,100,661,1,R_12SJUegA45FF3Vf,65349,2,2,1,0,0,0,0,0,NA,0,0,0,0,0,0,0,0,0,0,0,0,1,Journalism,0,0,0,0,0,0,0,1,Journalism,6,1,1,1,0,1,1,0,0,NA,5,1,0,0,1,0,0,0,0,NA,1,0,0,1,0,0,0,0,NA,2,5,3,3,0,0,1,0,1,0,NA,0,1,0,1,0,0,NA,1,0,1,0,0,0,NA,"The belief that we are close to having a viable fusion energy plant -- within a decade, on the grid -- and that it will be cost-competitive with other forms of energy production.",Kill the hype cycle.,4,clean,radiation,future,4,2,10,20,70,2,5,15,80,1,2,3,4,1,3,4,2,6,7,4,2,9,1,3,5,8,0,0,0,0,0,0,1,1,1,0
2026-03-26T15:25:00Z,2026-03-26T15:47:00Z,2026-03-26T15:47:00Z,100,1331,1,R_5QAZDhmpn9bzdyg,26303,2,2,1,0,0,0,0,0,NA,1,0,0,0,0,0,0,0,0,1,0,0,0,NA,0,0,1,0,0,0,0,0,NA,5,1,1,1,0,1,1,0,0,NA,4,1,1,0,0,0,0,0,0,NA,0,0,1,0,1,0,0,0,NA,1,5,4,6,0,0,1,0,1,0,NA,1,1,0,0,0,0,NA,0,0,1,0,1,0,NA,"The differences between ""cold"" and ""hot"" fusion, between fusion and fission, and the mismatches between the scale and duration of investment still needed to bring fusion to reality and what can plausible be sustained by US public program or private capital.","To think of developing the needed science and technology as an extremely expensive and technically challenging but feasible goal on the decadal time scale for the US, which would provide significant (but not infinite) long-term benefits to our economy. That its neither something so far-fetched as to be indistinguishable from science fiction, or that its so close that some startup with private funding will be able to quickly solve it and deploy at scale to the grid as a near-term climate change solution.",2,expensive,impractical,science fiction,3,2,30,50,20,5,30,30,40,4,3,1,2,2,3,4,1,4,6,3,2,8,5,7,1,9,0,0,0,1,0,0,0,1,1,0
2026-04-09T11:25:00Z,2026-04-09T11:38:00Z,2026-04-16T11:38:00Z,98,786,0,R_7XL9bfckbiPgbSx,78562,2,2,1,0,0,0,0,0,NA,0,0,0,0,0,0,1,0,0,1,0,0,0,NA,1,0,1,0,0,0,0,0,NA,5,1,0,0,0,0,0,0,0,NA,3,1,1,1,0,0,0,0,0,NA,1,1,1,1,0,1,1,0,NA,4,5,5,7,0,0,1,0,1,0,NA,1,1,0,0,0,0,NA,0,1,0,1,0,0,NA,"That all the Fusion science challenges have been worked out, and all we need is some AI/ML optimization.",NA,2,star trek,impossible,futuristic,4,2,30,30,40,2,30,30,40,2,3,1,4,4,1,2,3,6,9,7,4,3,8,2,1,5,0,0,0,0,0,0,1,1,0,1
2026-03-26T15:01:00Z,2026-03-26T15:26:00Z,2026-04-02T15:26:00Z,98,1524,0,R_5HSMO5xzRRT6g9D,84044,2,1,0,0,0,0,1,0,NA,0,0,0,0,0,1,0,0,0,0,1,1,1,Manufacturing,1,0,0,1,0,0,0,0,NA,4,1,1,1,1,1,1,0,0,NA,3,1,1,0,0,0,0,0,0,NA,0,0,1,1,0,0,0,0,NA,4,4,5,7,1,1,0,0,0,0,NA,1,1,0,0,0,0,NA,0,1,0,0,1,0,NA,The difference between fusion and fission.,That magnetic confinement fusion is not the only approach to achieving fusion energy.,4,Nuclear meltdown,Holy grail,fission,2,1,40,20,40,4,40,20,40,2,1,3,4,1,2,3,4,4,9,3,6,7,2,8,5,1,0,1,0,0,0,1,0,0,0,1
2026-04-09T11:35:00Z,2026-04-09T15:17:00Z,2026-04-09T15:17:00Z,100,13272,1,R_717LVjBxBbb5BcT,38813,2,2,1,0,0,0,0,0,NA,1,0,0,0,0,0,0,0,0,1,0,0,0,NA,0,0,1,0,0,0,0,0,NA,4,1,1,1,1,1,1,0,0,NA,3,1,1,1,1,1,1,1,0,NA,1,1,1,1,0,1,1,0,NA,5,4,5,6,0,1,1,0,0,0,NA,0,1,0,1,0,0,NA,0,0,0,1,1,0,NA,"Relationship to existing fission-based nuclear technology, Viability of different approaches",Improved realism and consistency in evaluating/supporting different approaches,3,Nuclear,Energy,Technology,4,2,30,30,40,2,30,30,40,2,4,1,3,3,1,4,2,7,8,4,1,9,6,3,2,5,0,0,0,0,0,0,0,1,1,1
2026-03-19T09:42:00Z,2026-03-19T09:53:00Z,2026-03-19T09:53:00Z,100,706,1,R_8zCjRWSruOwn1up,44483,2,2,0,0,0,0,1,0,NA,0,0,0,0,1,0,0,0,0,1,0,0,0,NA,1,1,1,0,0,1,0,0,NA,3,1,1,0,0,0,0,0,0,NA,3,1,1,0,0,0,0,0,0,NA,0,0,0,0,1,1,0,0,NA,3,3,5,6,0,0,0,1,1,0,NA,1,1,0,0,0,0,NA,1,1,0,0,0,0,NA,NA,NA,2,nuclear,radiation,cost,2,1,50,10,40,2,50,30,20,1,3,4,2,2,4,3,1,8,5,7,3,2,9,6,1,4,0,0,0,0,0,0,1,1,0,1
2026-04-07T05:54:00Z,2026-04-07T06:22:00Z,2026-04-07T06:22:00Z,100,1708,1,R_608XtlkrcO9clTO,57489,2,1,1,0,0,0,0,0,NA,0,0,0,0,0,0,0,0,0,1,0,0,0,NA,0,0,1,0,0,0,0,0,NA,6,1,1,0,0,1,1,0,0,NA,3,1,1,0,0,0,0,0,0,NA,0,0,0,0,1,1,0,0,NA,2,3,5,7,0,1,1,0,0,0,NA,1,1,0,0,0,0,NA,0,1,1,0,0,0,NA,NA,NA,4,limitless supply,carbon free,a sun on earth,4,2,20,30,50,3,20,30,50,NA,NA,NA,NA,NA,NA,NA,NA,8,6,4,1,9,7,3,2,5,0,1,0,0,0,0,1,1,0,0
2026-04-02T17:52:00Z,2026-04-02T18:14:00Z,2026-04-02T18:14:00Z,100,1305,1,R_1Knu6Qub0Csur6x,52045,2,2,0,0,1,0,0,0,NA,0,0,0,0,1,0,0,0,0,1,0,0,0,NA,0,0,1,0,0,0,0,0,NA,5,0,1,1,0,0,0,0,0,NA,3,1,0,1,0,0,0,0,0,NA,1,0,0,0,0,1,0,0,NA,2,4,5,6,0,1,1,0,0,0,NA,0,1,1,0,0,0,NA,0,1,1,0,0,0,NA,"Fusion energy IS a form of nuclear energy, but is very different than fission energy. We have made substantial progress with regulatory bodies recognizing the differences, but the general public still has misconceptions. I have also found that even highly educated people have serious risk misperceptions with the concept of radiation hazards. While I firmly believe in the concept of ALARA, for example, I also understand why there is talk today about eliminating ALARA as the standard, because in my ~25-year history of fusion research dealing with radiation, I have frequently found people are not Reasonable about the risks.","While we tend to focus on the risks and technology barriers, the reality is that our credibility is not very high. The idea that ""fusion is 10 or 30 years in the future and always will be"" has permeated into the culture. I find that non experts are cautiously excited and think fusion is really cool, but at the same time they are skeptical about it powering the grid within the next ten years. Fusion energy needs a clearly demonstrated win that goes beyond the achievement of ignition on the National Ignition Facility (though that did give the field a tremendous boost!)",3,clean energy,nuclear physics,"future energy source (i.e., not ready now)",4,2,15,45,40,3,15,60,25,3,2,1,4,3,1,4,2,7,8,1,3,9,5,6,2,4,1,0,0,1,0,0,0,0,1,0
2026-03-19T21:23:00Z,2026-03-19T21:43:00Z,2026-03-19T21:43:00Z,100,1209,1,R_1YCHR0FoDUz5beV,26450,2,1,1,0,0,0,0,0,NA,1,0,0,0,0,0,1,0,0,0,0,0,0,NA,0,0,1,0,0,1,0,0,NA,2,1,1,0,0,0,0,0,0,NA,3,0,1,0,0,0,1,0,0,NA,1,0,1,0,0,0,0,0,NA,3,4,5,5,1,1,0,0,0,0,NA,1,0,1,0,0,0,NA,1,1,0,0,0,0,NA,NA,NA,2,NA,NA,NA,3,2,35,50,15,2,55,35,10,3,1,2,4,NA,NA,NA,NA,2,8,4,3,7,9,1,6,5,0,0,0,0,0,0,0,1,1,1
2026-03-19T11:37:00Z,2026-03-19T14:40:00Z,2026-03-19T14:40:00Z,100,11030,1,R_3nwJ9SKk1BQspZe,45476,2,2,1,0,0,0,0,0,NA,1,0,0,1,1,0,1,0,1,0,0,0,0,NA,0,0,1,0,0,1,1,0,NA,1,0,0,0,0,0,0,1,0,NA,4,1,1,0,0,0,0,1,0,NA,0,0,0,1,0,0,0,0,NA,3,4,4,4,0,0,1,0,1,0,NA,1,1,0,0,0,0,NA,0,1,0,1,0,0,NA,NA,NA,3,clean,reliable,future,4,4,10,25,55,3,35,35,30,2,1,4,3,NA,NA,NA,NA,6,5,4,1,7,8,3,2,9,0,1,0,0,0,0,0,1,1,0
2026-03-27T14:30:00Z,2026-03-27T14:46:00Z,2026-03-27T14:46:00Z,100,940,1,R_1EnqSvUr2ERhN5H,53822,2,1,0,0,1,0,0,0,NA,1,0,0,0,0,0,0,0,0,0,0,0,0,NA,0,0,0,0,0,1,0,0,NA,6,0,1,1,0,1,1,0,0,NA,3,0,0,0,1,0,0,1,0,NA,0,1,0,0,1,1,0,0,NA,1,4,5,2,1,1,0,0,0,0,NA,0,1,0,1,0,0,NA,1,0,0,1,0,0,NA,Human health and environmental risks,Educate further the younger generation at high-school and college level on the importance of this topic,3,Tchernobyl,Three miles island,Fukushima,1,1,50,25,25,4,60,20,20,2,3,1,4,2,4,3,1,7,6,5,1,9,3,2,8,4,0,1,0,1,0,0,0,0,0,1
2026-04-06T17:18:00Z,2026-04-06T17:30:00Z,2026-04-13T17:30:00Z,98,718,0,R_1WI0XZIqOTAuMIG,13320,2,2,1,0,0,0,0,0,NA,0,0,1,0,0,0,1,0,0,0,0,0,0,NA,0,0,0,0,0,1,1,0,NA,6,1,1,1,1,1,1,0,0,NA,3,1,1,1,1,1,1,1,0,NA,1,1,1,1,1,1,1,0,NA,4,4,4,5,0,1,0,0,1,0,NA,0,1,0,1,0,0,NA,0,0,1,0,1,0,NA,NA,NA,3,Nuclear,Always 30 years away,Not fission but so what,3,1,25,50,25,3,30,50,20,2,3,1,4,NA,NA,NA,NA,NA,NA,NA,NA,NA,NA,NA,NA,NA,0,1,0,0,0,0,0,1,0,1
2026-03-19T17:44:00Z,2026-03-19T19:19:00Z,2026-03-26T19:19:00Z,95,5685,0,R_50OwsXLjS16cvAr,36209,2,2,1,0,0,0,0,0,NA,0,1,0,1,1,0,0,0,1,1,0,0,0,NA,0,0,0,0,0,1,0,0,NA,6,1,0,0,0,0,0,0,0,NA,4,1,1,0,0,0,0,0,0,NA,1,0,0,1,0,0,0,0,NA,3,4,5,4,1,0,0,0,1,0,NA,1,1,0,0,0,0,NA,1,0,1,0,0,0,NA,technical issues,"more widespread public info K-12, magazines, TV  documentaries",2,d,NA,NA,3,2,NA,NA,NA,NA,NA,NA,NA,NA,NA,NA,NA,NA,NA,NA,NA,NA,NA,NA,NA,NA,NA,NA,NA,NA,NA,NA,NA,NA,NA,NA,NA,NA,NA,NA
2026-03-26T14:47:00Z,2026-03-26T15:20:00Z,2026-03-26T15:20:00Z,100,2033,1,R_1YnPsUNtTNBIzRv,56642,2,2,1,0,1,0,0,0,NA,1,0,0,0,0,0,1,0,0,0,1,0,0,NA,0,0,1,1,0,0,1,0,NA,4,1,1,1,1,1,1,0,0,NA,3,1,1,0,0,0,0,0,0,NA,1,1,0,0,0,0,0,0,NA,4,5,4,4,1,1,0,0,0,0,NA,1,1,0,0,0,0,NA,1,1,0,0,0,0,NA,"1) How close we are to commercialization - we are not close - too many unsolved technical problems. 
2) The safety profile of fusion compared to fission.
3) That fusion power will solve the climate change problem. Not fast enough. We need to do all the other mitigations. Fusion will be needed to meet future energy demand but not fast enough to limit the harms we are already starting to feel from climate change.","I would make sure that all fusion companies were required to be honest and transparent about their technology pros/cons, where they are on the TRL scale, and provide realistic timelines to commercialization.",3,science fiction,bombs,power,3,1,25,25,50,3,50,20,30,3,2,1,4,2,3,4,1,5,7,3,2,6,9,4,1,8,0,0,0,0,0,0,1,0,1,1
2026-04-06T14:24:00Z,2026-04-06T14:43:00Z,2026-04-06T14:43:00Z,100,1143,1,R_5tyDQnd4XRrFtpt,44225,2,1,0,0,1,0,0,0,NA,0,0,0,0,1,0,0,0,0,0,0,0,0,NA,0,0,1,0,1,1,1,0,NA,2,1,0,0,0,0,1,1,0,NA,5,1,1,0,0,0,0,0,0,NA,1,0,0,0,0,1,0,0,NA,2,5,5,7,0,0,1,0,1,0,NA,1,0,0,1,0,0,NA,1,0,1,0,0,0,NA,"The required development and associated timelines required to reach important milestones prior to viable energy production.  If realism about technical challenges aren't properly conveyed, then we risk losing public trust and interest.",NA,2,cold fusion,limitless energy,sun,4,2,10,70,20,3,10,60,30,1,3,2,4,2,3,4,1,1,7,4,3,9,6,2,5,8,0,1,0,0,0,0,0,1,0,1
2026-03-18T02:18:00Z,2026-03-18T02:30:00Z,2026-03-18T02:30:00Z,100,773,1,R_2MLsfA3CiFTTAG5,41874,2,1,1,0,0,0,0,0,NA,1,0,0,0,0,0,0,0,0,1,0,0,0,NA,0,0,1,0,0,0,0,0,NA,2,1,1,0,0,0,0,0,0,NA,4,1,0,0,0,0,0,0,0,NA,0,1,1,1,0,0,0,0,NA,1,4,5,6,0,1,0,1,0,0,NA,1,1,0,0,0,0,NA,1,1,0,0,0,0,NA,NA,NA,3,Bomb,Sun,Nuclear,2,3,40,30,30,6,30,40,30,3,2,1,4,2,3,4,1,8,7,3,2,9,4,6,1,5,0,1,0,0,0,0,1,0,1,0
2026-03-19T10:21:00Z,2026-03-19T10:44:00Z,2026-03-19T10:44:00Z,100,1363,1,R_6L0kdosuZLyB0Ni,56066,2,2,0,0,1,0,0,0,NA,1,0,0,0,1,0,0,0,0,1,1,0,0,NA,0,0,0,1,1,0,0,0,NA,6,1,1,1,1,1,1,0,0,NA,3,0,1,0,1,1,0,1,0,NA,1,1,1,1,1,1,1,0,NA,2,5,5,7,1,1,0,0,0,0,NA,0,0,1,0,1,0,NA,0,1,0,1,0,0,NA,The implications of an adversary deploying fusion way ahead of the US with additional consequence of capturing the market,"Raise the overall level of education in all areas. The level of discussion is very varied.  More unbiased factual based media, focus events etc. And more frequent stream of information.  We have traditionally seen private entities make ""promises"" that don't come to fruition.  There are some very prominent relationships that have been established recently with very bold claims.  It's great to see people taking risk, but it should be clear that that is exactly what they are doing.",2,nuclear,dangerous,lasers,3,2,20,60,20,4,20,60,20,1,3,2,4,1,3,4,2,7,6,1,3,5,8,4,2,9,1,1,0,0,0,0,1,0,0,0
2026-04-06T15:16:00Z,2026-04-06T15:32:00Z,2026-04-06T15:32:00Z,100,998,1,R_7PqahYDEiLhRyEW,90182,2,2,1,0,0,0,0,0,NA,0,0,0,0,1,0,1,0,0,1,0,0,0,NA,0,0,1,0,0,0,0,0,NA,5,1,1,1,1,0,0,0,0,NA,5,1,1,0,0,0,0,0,0,NA,0,1,1,0,0,0,0,0,NA,2,4,4,6,0,0,1,0,1,0,NA,1,1,0,0,0,0,NA,1,0,1,0,0,0,NA,The present state of technological readiness of fusion energy research seems to be frequently misunderstood (overestimated) by non-experts.,"I would be nice to have a more realistic presentation of the challenges and status of different fusion energy concepts to the general public. Especially in the last few years, there have been many articles in non-scientific journals making unrealistic claims. I don't think this approach will benefit fusion energy research in the long term.",3,nuclear power,science fiction,Dr. Octopus,3,2,50,25,25,4,25,50,25,3,1,4,2,1,4,3,2,NA,NA,NA,NA,NA,NA,NA,NA,NA,NA,NA,NA,NA,NA,NA,NA,NA,NA,NA
2026-04-09T11:37:00Z,2026-04-09T11:42:00Z,2026-04-16T11:42:00Z,98,297,0,R_1JPFjS1lOHZgpQi,35070,2,1,1,0,0,0,0,0,NA,0,0,0,0,0,0,1,0,1,0,0,0,0,NA,0,0,1,0,0,0,1,0,NA,2,1,1,1,0,0,0,0,0,NA,4,1,1,1,1,0,1,0,0,NA,0,1,1,1,0,1,0,0,NA,3,4,4,6,0,0,1,0,1,0,NA,0,1,1,0,0,0,NA,1,0,0,0,1,0,NA,NA,NA,3,NA,NA,NA,4,4,30,15,60,1,15,40,50,2,3,1,4,NA,NA,NA,NA,4,6,3,2,8,7,5,1,9,0,1,0,0,0,0,1,0,1,0
2026-03-17T19:00:00Z,2026-03-17T19:20:00Z,2026-03-17T19:20:00Z,100,1225,1,R_7HJpSAJnHko4xVv,31285,2,2,0,0,0,0,1,0,NA,0,0,0,0,0,1,0,0,0,0,0,0,1,Supply chain development; isotopic enrichment,1,0,0,0,0,0,0,0,NA,2,1,1,1,1,1,1,0,0,NA,3,1,0,0,0,1,0,0,0,NA,1,0,0,1,0,0,0,0,NA,3,4,5,6,1,1,0,0,0,0,NA,1,0,0,0,0,1,I’d rank the other costs equally important.,0,0,0,1,1,0,NA,"The difference between fusion and fission. Specifically, how fusion differs and stands out from the US’s complex nuclear legacy tied to fission.","The perception that it is science fiction. Fusion is a realistic future. It should be spoken of like solar, natural gas, or wind.",4,Nuclear,Different,I don’t know,2,2,20,60,20,4,30,50,20,4,3,2,1,2,3,4,1,3,5,4,7,9,2,1,6,8,0,0,0,1,0,0,0,1,1,0
2026-03-23T13:34:00Z,2026-03-23T14:04:00Z,2026-03-30T14:05:00Z,98,1848,0,R_61RhFvCkV7zbnoJ,80299,2,2,0,0,0,1,0,0,NA,0,0,0,0,0,0,0,0,1,0,0,1,0,NA,0,0,0,1,0,0,0,0,NA,6,0,1,0,0,1,0,0,0,NA,5,0,1,0,1,0,0,0,0,NA,1,0,1,0,0,0,0,0,NA,4,5,1,1,0,1,1,0,0,0,NA,1,1,0,0,0,0,NA,1,0,1,0,0,0,NA,NA,"I think that the expert community misleads the public by making misleading claims about the safety, reliability, and waste management aspects of fusion. For example, the severe accident risks are considerably greater than advertised. A more honest discussion of the risks can only improve the quality of the public discourse.",1,50 years away,limitless,clean,4,2,20,50,30,5,10,50,40,4,2,1,3,1,4,3,2,9,7,2,4,5,1,6,8,3,0,0,0,0,0,0,1,1,0,1
2026-03-19T15:20:00Z,2026-03-19T15:39:00Z,2026-03-19T15:39:00Z,100,1135,1,R_6DvsUTRgC7GpwQ1,22973,2,2,1,0,0,0,0,0,NA,1,0,0,0,0,0,1,1,1,0,0,0,0,NA,0,0,1,0,0,0,1,0,NA,3,0,0,0,0,0,0,1,0,NA,4,1,0,0,1,0,0,0,0,NA,0,1,0,0,1,0,0,0,NA,3,4,5,7,1,1,0,0,0,0,NA,1,1,0,0,0,0,NA,1,1,0,0,0,0,NA,Amount of radioactive waste,I don't know,2,safety,cost,benefits,2,3,40,30,30,3,40,30,30,3,2,1,4,1,4,3,2,6,5,7,3,4,8,2,1,9,0,1,0,0,0,0,0,1,0,1
2026-03-19T16:05:00Z,2026-03-19T16:43:00Z,2026-03-19T16:43:00Z,100,2272,1,R_1EFQxxs6FJAcxTj,37902,2,2,0,0,0,0,1,0,NA,0,0,0,0,0,1,0,0,0,0,0,0,0,NA,1,0,0,0,0,0,0,0,NA,4,0,1,0,1,0,0,0,0,NA,3,1,0,0,0,0,0,1,0,NA,1,0,0,0,0,0,1,0,NA,1,1,5,1,1,0,0,0,0,1,"HB11 Fusion should be introduced so public can relax regarding the risks.  While DT fusion will producde RA waste, HB11 will not.  Introcuding all fusion approaches will lift hopes and love.  Otherwise NO Meltdowns MUST be explained - because most people run for the hills when the word ""nuclear"" is mentioned.  Avoid that word, use ""fusion"".  Talk about ROI, and fusion energy reliability compared to fossil fuels...",1,1,0,0,0,0,NA,0,0,1,0,1,0,NA,"They think it's nuclear and radioactive, toxic and deadly.  They have no clue what fusion is.  Most don't even know that ""nuclear"" refers to fission.  They do not know what ENERGY DENSITY is or why they should know.  Talk about MCT oil - and keto diet to make analogy.  Dumbed down entertainment from cartoons to skits / dialogs should flood socials to rival grim future outlook.  Create content that is edutainment and make  ""fusion"" a buzz word that people associate with clean energy, not fusion dance, fusion drink, Asian fusion foods etc.","I would find enthusiastic educators, esp females that would cast economic analyses of quality of life in the first decades of fusion replacing oil and gas.  Female population is much much more behind male population and is holding on to unfounded fears.  Perhaps, a makeup artist talking about fusion, yoga retreats - in all of my 15 years females have been looking on fusion as some dirty secret not worth talking about and I can not blame them... but 99% of funding in private sector is males. We need pro-fusion ""Jane Fonda"" personality.  Hard core science and facts do not work.  The fastest way to persuade the public would be to have a working prototype.  Until that happens narratives explaining the why and the how should be made for 7year olds to 100 year olds.  Entertainment style - not dry science.",3,nuclear,waste,radioactive,1,1,60,25,15,4,55,25,20,1,2,3,4,3,2,4,1,2,6,4,9,3,1,7,5,8,0,1,1,0,0,0,1,0,0,0
2026-03-26T14:41:00Z,2026-03-26T14:49:00Z,2026-03-26T14:49:00Z,100,496,1,R_754ndqwjTJWyyMV,92466,2,2,0,0,1,0,0,0,NA,1,0,0,0,0,0,0,0,0,1,0,0,0,NA,0,0,1,0,0,0,0,0,NA,3,0,0,0,0,0,0,1,0,NA,4,NA,NA,NA,NA,NA,NA,NA,NA,NA,1,0,0,0,0,1,0,0,NA,4,4,3,2,0,0,0,1,1,0,NA,1,0,1,0,0,0,NA,0,1,0,0,0,1,Benefits to national security,They don't appreciate how difficult it is,Understanding the benefits of this type of research that go beyond trying to build a power plant,1,Wasteful,Innovative,Hard,3,3,20,30,50,2,30,30,30,1,2,3,4,3,2,4,1,NA,NA,NA,NA,NA,NA,NA,NA,NA,0,1,0,1,0,0,0,0,1,0
2026-03-24T15:38:00Z,2026-03-24T15:51:00Z,2026-03-24T15:51:00Z,100,810,1,R_6R930sxXYh33IId,45206,2,2,1,0,1,1,0,0,NA,1,0,1,0,0,0,0,1,0,1,0,0,0,NA,0,0,1,0,0,1,0,0,NA,2,1,0,0,0,0,0,0,0,NA,4,0,1,0,1,0,0,0,0,NA,0,0,0,0,1,0,1,0,NA,1,5,5,7,1,0,0,0,1,0,NA,1,1,0,0,0,0,NA,1,0,0,1,0,0,NA,"Nuclear waste management, risk of malfunction due to reactor flaws",I would stop claiming that in less than 10 years fusion energy would be in the electrical grid,3,Steady,Clean,Renewable,5,4,5,20,75,4,5,5,90,1,2,3,4,2,3,4,1,1,8,3,4,7,9,5,2,6,0,0,0,0,0,0,1,0,1,1
2026-03-17T15:02:00Z,2026-03-17T15:16:00Z,2026-03-17T15:16:00Z,100,851,1,R_5gBj0z4bLir9hR4,54951,2,2,0,0,1,0,0,0,NA,0,0,0,0,1,0,0,0,0,1,0,0,0,NA,0,0,1,0,0,1,1,0,NA,3,1,1,0,0,1,1,0,0,NA,3,1,1,0,0,0,0,0,0,NA,0,0,0,1,0,0,1,0,NA,2,3,5,7,0,0,1,0,1,0,NA,1,1,0,0,0,0,NA,1,0,0,0,1,0,NA,"People that are in-the-know tend to be doubtful about fusion's success in the medium term (10-20 years), since they have seen waves of optimism followed by crashes at several points over the last decades. These people may not know what is ""different now,"" especially the significant sum of so much incremental progress over the past decades, and the wild investment environment that has helped fusion companies boom through venture capital.

People that are still unaware often have conflations with fission and meltdowns; it is hard to accurately convey to these people that fusion is radically safer, while not being entirely safe -- there are some proliferation concerns, and the disposal of reactor materials post-irradiation is a topic that still requires substantial engineering effort to address.","People should be discussing fusion as a technological inevitability -- which I believe it is, likely over the next 20 years but certainly over the next 50 -- which we need to plan for and mitigate risks of deployment for in the present.",4,Nuclear,Clean,Radioactive,2,2,30,35,35,3,35,20,45,3,1,2,4,4,2,3,1,9,7,6,5,1,3,8,2,4,0,0,0,0,0,0,0,1,1,1
2026-03-19T11:23:00Z,2026-03-19T12:44:00Z,2026-03-26T12:44:00Z,98,4839,0,R_61Gg4V8xJvMOsNu,97110,2,1,1,0,0,0,0,0,NA,0,0,0,0,0,0,0,0,0,1,0,0,0,NA,0,0,1,0,0,0,0,0,NA,6,1,1,1,1,1,1,0,0,NA,4,0,0,0,0,0,0,0,1,Meeting ITER construction timetable,1,0,0,0,0,0,0,0,NA,5,5,5,7,0,0,1,0,0,1,Climate change,0,1,0,0,1,0,NA,1,1,0,0,0,0,NA,The astonishing amount of progress that has been and continues to be achieved.,The pessimism about the future of fusion,3,The US needs to outcompete China,Too expensive,30 years away and always will be,3,2,15,45,40,3,15,50,35,2,3,4,1,1,2,3,4,3,4,5,1,9,8,2,6,7,0,0,0,0,0,0,0,1,1,1
2026-03-22T21:12:00Z,2026-03-22T21:27:00Z,2026-03-22T21:27:00Z,100,923,1,R_50uQ9Tpp3gSKo0j,30996,2,2,1,0,0,0,1,0,NA,1,0,0,0,0,0,0,0,0,1,0,0,0,NA,0,1,1,0,0,0,0,0,NA,4,1,1,1,0,0,0,0,0,NA,3,0,1,1,0,0,0,0,0,NA,0,1,0,0,1,1,0,0,NA,1,4,5,1,1,0,0,0,1,0,NA,1,1,0,0,0,0,NA,1,1,0,0,0,0,NA,"The cost, compared to the development of all other energy sources, as well as compared to other basic government expenses: fusion is NOT more expensive than other energy sources during the development phase, it actually receives far less funds than wind and solar did. And it still costs far less than space applications that have no direct benefits to society.","I would change the obsession with the single pilot plan cost. Every first of a kind plant, from fission to coal, had a very large cost. That is unavoidable, and it is NOT the metric that should be used. The cost of electricity AFTER the development has taken place can be a good metric, but mostly the necessity of having an abundant and global clean energy source will likely be a need, not a choice, for life on the planet. At that point we need to have fusion well developed, no matter the cost",2,NA,NA,NA,4,2,10,35,55,3,10,25,65,1,4,2,3,1,3,2,4,5,4,3,2,8,9,6,1,7,0,0,0,0,0,0,1,1,0,1
2026-04-11T13:28:00Z,2026-04-11T14:01:00Z,2026-04-18T14:01:00Z,98,1925,0,R_32raKqEWGGy9TY6,60276,2,2,0,0,0,1,0,0,NA,NA,NA,NA,NA,NA,NA,NA,NA,NA,NA,NA,NA,NA,NA,0,0,0,1,0,0,0,0,NA,6,1,1,1,1,1,1,0,0,NA,5,1,0,0,1,0,0,0,0,NA,1,0,0,1,0,0,0,0,NA,3,4,4,4,0,0,0,0,1,1,Competition against other enargy options,0,1,0,1,0,0,NA,1,1,0,0,0,0,NA,Current stage of the science and technology.,Stop promising unrealistic times for deployment.,5,Do not know what fusion is,Do not know difference between fusion and fission,Why don’t we have it already,3,1,10,70,20,3,20,20,60,NA,NA,NA,NA,1,3,2,4,8,9,3,7,5,2,6,4,1,0,1,0,0,0,0,0,0,1,1
2026-03-17T22:36:00Z,2026-03-17T23:02:00Z,2026-03-17T23:02:00Z,100,1574,1,R_70H05MxrMSjdopk,55583,2,2,1,0,0,0,0,0,NA,0,0,0,0,1,0,0,0,0,1,0,0,0,NA,0,0,1,0,0,1,1,0,NA,1,1,0,0,0,0,0,0,0,NA,4,1,1,0,0,0,0,0,0,NA,0,0,0,0,1,1,0,0,NA,3,5,5,6,0,1,0,0,1,0,NA,1,1,0,0,0,0,NA,1,0,0,1,0,0,NA,"Whether fusion is worth it. For the longest time it's been only the realm of science and the future that is always on the horizon. When something keeps getting pushed off, people become jaded. And in the current international and national turmoil, it can be hard to see the point of pouring money into fusion. Human beings also often can't see the long view because we are shortlived creatures who are also selfish.","That's it's not all just hype and rich people playing games. With the large amount of VC funding for over a dozen companies and concepts, it can seem a bit like silicon valley of the 2000's when stupid ideas got tons of money. And then the bubble burst.",3,always 50 years away,radiation,cool idea,2,2,30,60,10,5,40,30,30,1,4,3,2,1,2,4,3,5,6,3,2,7,8,1,4,9,0,0,0,1,0,1,0,0,0,1
2026-03-17T18:52:00Z,2026-03-17T19:03:00Z,2026-03-17T19:03:00Z,100,635,1,R_5csNRRK05EkIncJ,30490,2,2,1,0,0,0,0,0,NA,0,0,0,0,1,0,0,0,0,1,0,0,0,NA,0,0,1,0,0,0,1,0,NA,5,1,1,0,0,1,1,0,0,NA,3,1,1,0,0,0,0,0,0,NA,0,0,1,0,0,1,0,0,NA,4,3,5,7,0,0,1,0,1,0,NA,1,1,0,0,0,0,NA,1,0,0,0,1,0,NA,"The readiness level. There is significant remaining basic research required to bring fusion energy to the grid. Also, general understanding about low safety risks and long-term benefits of fusion.","""Fusion is 50 years in the future, always has been and always will be""",1,What is fusion?,Is that nuclear?,How dangerous is it?,2,2,5,80,15,4,5,50,45,NA,NA,NA,NA,4,3,2,1,2,3,5,8,1,6,9,4,7,0,1,0,0,0,0,1,0,0,1
2026-04-08T09:48:00Z,2026-04-08T10:13:00Z,2026-04-08T10:13:00Z,100,1458,1,R_37NDb7NV85IjOLL,38874,1,1,1,1,0,0,0,0,NA,1,0,0,0,0,0,1,0,1,1,0,0,0,NA,0,0,1,0,0,0,1,0,NA,6,1,1,1,0,1,1,0,0,NA,5,1,0,0,1,0,0,0,0,NA,1,0,0,1,0,0,0,0,NA,5,5,4,3,0,1,0,0,1,0,NA,1,1,0,0,0,0,NA,0,1,0,0,1,0,NA,"There is no demonstrated scalable plasma confinement scheme to reach a sustainable, burning plasma regime for fusion.",Too much speculation on plasma performance without scientific data.,2,far in future,ultimate source of energy,environmentally benign,3,2,10,20,70,4,10,10,80,4,1,2,3,3,2,1,4,5,9,3,4,6,7,1,2,8,0,0,0,0,0,0,0,1,1,1
2026-03-27T08:02:00Z,2026-03-27T08:33:00Z,2026-03-27T08:33:00Z,100,1915,1,R_1FbQvqXErst1TnR,63240,2,2,0,0,1,0,0,0,NA,0,0,0,0,0,0,1,0,1,0,1,0,0,NA,0,0,1,0,0,1,0,0,NA,3,1,1,1,1,0,1,0,0,NA,4,0,1,1,0,0,0,0,0,NA,0,1,0,1,1,1,0,0,NA,3,4,5,5,0,0,0,0,1,1,Integration issues (systems are developed by SME but are independent of the other research areas),1,0,0,1,0,0,NA,0,1,0,1,0,0,NA,"I believe most people underestimate the current situation of using substitute experiments, as we do not have 14.1 MeV neutrons and tritium in neutron environments.",I believe we need to be honest about the low TRL of a lot of technologies and make sure industry and national labs and universities are on the same page regarding the most critical gaps to close.,4,NA,NA,NA,3,3,25,45,30,4,30,20,50,4,2,1,3,1,2,3,4,6,8,3,4,9,2,7,5,1,0,1,1,0,0,0,0,0,1,0
2026-04-09T11:48:00Z,2026-04-09T12:14:00Z,2026-04-09T12:14:00Z,100,1553,1,R_5S2ZcVYhIs9bsJS,39189,2,2,0,0,1,0,0,0,NA,0,0,0,0,0,0,0,0,0,1,0,0,1,My experience is pretty broad but my expertise is mainly in plasma physics.,0,0,1,0,0,0,0,0,NA,6,1,1,1,0,0,1,0,0,NA,3,0,1,1,0,0,0,0,0,NA,0,0,0,0,0,1,1,0,NA,2,5,5,7,0,0,1,0,0,1,The press is full of overpromising from pilot plant developers; when it becomes clear that some of these promises lead nowhere there's a huge risk to public acceptance.,1,0,1,0,0,0,NA,1,1,0,0,0,0,NA,"Most of the input on fusion energy the public receives comes in the form of press releases that tend to overpromise or exaggerate. The real story may not be as favorable as it applies to some individual performers, but I think the entire ecosystem including public and private entities has a very good story to tell. 

There is also little understanding of the fact that progress has always been constrained by resources. ""Fusion is 30 years away and always will be"" is a little unfair.","Get rid of all the PR people and be completely open an honest about what we do, why we do it, and what the prospects are for the future.",3,Not needed,It'll never work,Coming soon,2,3,20,40,40,2,20,45,35,2,3,1,4,1,2,4,3,7,8,3,2,5,4,6,1,9,0,0,0,0,0,0,1,1,1,0
2026-03-19T10:39:00Z,2026-03-19T10:52:00Z,2026-03-19T10:52:00Z,100,808,1,R_3WND8nrsuGgMW9M,40092,2,2,1,0,0,0,0,0,NA,0,0,0,1,0,0,1,0,1,1,0,0,0,NA,0,1,1,0,0,1,1,0,NA,6,1,1,1,1,1,1,0,0,NA,2,1,1,0,0,0,0,0,0,NA,0,1,1,0,0,0,0,0,NA,3,4,4,7,0,1,0,0,1,0,NA,1,1,0,0,0,0,NA,0,0,1,1,0,0,NA,That there will be no radioactive waste stream produced.  There will most certainly be radioactive waste.   But the reactor materials can be engineered to not be long lived rad waste.,"There are still significant technical issues (high gain burning plasma, better materials, scale
Up of Tritium handling technology) that must be resolved for practical fusion energy and there should be a strong jointly funded public-private partnership in the USA to solve
These problems.   Neither private sector, nor public sector, acting alone, can do it.",2,Impractical,Novel and radically new,Intriguing,3,2,25,25,40,3,25,25,40,2,3,1,4,1,4,3,2,4,6,5,1,8,3,9,2,7,0,1,0,0,0,1,0,1,0,0
2026-04-06T17:35:00Z,2026-04-06T17:53:00Z,2026-04-06T17:53:00Z,100,1057,1,R_6oSoxulR5NvLGSW,10184,2,1,1,0,0,0,1,0,NA,0,0,0,0,1,0,0,0,0,0,0,0,0,NA,0,0,0,0,0,1,0,0,NA,3,1,0,0,0,0,0,0,0,NA,3,1,1,0,0,0,0,0,0,NA,0,0,0,1,0,0,1,0,NA,3,4,5,6,1,1,0,0,0,0,NA,1,0,0,1,0,0,NA,0,1,0,0,1,0,NA,NA,NA,3,Sun/Stars,Holy grail of energy,Limitless power,5,2,5,10,85,6,50,20,30,3,1,2,4,2,1,3,4,5,6,2,1,7,8,3,4,9,0,0,0,0,0,0,0,1,0,0
2026-03-19T12:33:00Z,2026-03-19T13:30:00Z,2026-03-26T13:31:00Z,98,3461,0,R_6ly0Pf67e99TMxs,22556,2,2,0,0,0,1,0,0,NA,0,1,0,0,0,0,0,0,0,0,1,0,0,NA,0,0,0,1,0,0,0,0,NA,1,0,0,0,0,0,1,0,0,NA,3,1,1,0,0,0,0,0,0,NA,0,0,0,1,0,1,0,0,NA,1,4,5,7,0,0,0,1,1,0,NA,1,1,0,0,0,0,NA,0,1,0,1,0,0,NA,Readiness level,Appreciation for the various approaches,4,Science,Infinite,Radiation,3,3,15,30,65,4,15,30,60,3,4,1,2,1,4,3,2,3,7,1,8,6,4,5,2,9,0,0,0,0,0,0,1,0,0,0
2026-03-27T13:53:00Z,2026-03-27T14:21:00Z,2026-03-27T14:21:00Z,100,1650,1,R_1QSg7JpUbgSNA5I,36270,2,2,0,0,1,0,0,0,NA,0,0,0,0,0,0,0,0,0,1,0,0,0,NA,0,0,1,0,0,0,0,0,NA,4,1,1,0,0,1,0,0,0,NA,4,1,1,0,0,0,0,0,0,NA,1,1,1,0,0,1,0,0,NA,4,5,5,6,0,1,1,0,0,0,NA,0,1,1,0,0,0,NA,0,0,0,1,1,0,NA,"I think the infrastructure needed to support a fusion power plant is severely underestimated. As an example, there are maybe tens of kg of tritium worldwide right now, which is roughly what a single fusion reactor would need every day. So it's not just the powerplant, it's the whole infrastructure to generate and store the fuel. And that's just one example. Then you have whatever you need to build the power plant, etc., etc., ...",remove all the hype around fusion startups promising to bring power to the grid in ten years.,2,science fiction,hype,future,3,3,35,35,30,6,40,40,20,2,3,1,4,1,4,3,2,6,3,1,2,8,9,4,5,7,0,0,0,0,0,0,0,1,1,1
2026-04-06T14:52:00Z,2026-04-06T17:03:00Z,2026-04-13T17:03:00Z,80,7868,0,R_65FyEs9P5RyL26c,16103,2,1,0,0,1,0,0,0,NA,0,0,0,0,1,0,0,0,0,1,1,0,0,NA,0,0,1,0,0,0,0,0,NA,5,1,1,0,0,0,1,0,0,NA,3,1,1,0,0,0,0,0,0,NA,0,0,1,1,0,0,0,0,NA,3,4,5,7,0,1,0,0,1,0,NA,1,1,0,0,0,0,NA,1,1,0,0,0,0,NA,"Non-experts misunderstand the differences between Q_fusion, fusion gain, and Q_plant, the whole power plant producing more energy than it consumes. Demonstration of Q_fusion>1 is a necessary but not sufficient condition for providing a solution that will result in an economical fusion power plant.",NA,3,Difficult,Always 30 years away,Unlimited,3,2,20,30,50,4,NA,NA,NA,NA,NA,NA,NA,NA,NA,NA,NA,NA,NA,NA,NA,NA,NA,NA,NA,NA,NA,NA,NA,NA,NA,NA,NA,NA,NA,NA
2026-04-06T15:52:00Z,2026-04-06T16:32:00Z,2026-04-06T16:32:00Z,100,2441,1,R_1EyuVdJEQ3evacI,11096,2,1,1,0,0,0,0,0,NA,0,0,0,0,0,0,0,0,0,1,0,0,0,NA,0,0,1,0,0,0,0,0,NA,4,1,0,0,0,0,0,0,0,NA,4,1,0,0,0,0,1,0,0,NA,0,0,1,0,0,0,0,1,Better understanding of fusion schemes to achieve scientific gains,3,4,5,5,0,0,1,0,1,0,NA,1,1,0,0,0,0,NA,1,0,0,0,1,0,NA,NA,NA,1,clean,abundand,gain,3,3,5,65,30,4,5,70,25,2,4,3,1,3,2,1,4,7,9,3,1,8,5,4,2,6,0,0,0,0,0,0,1,0,1,1
2026-03-30T12:02:00Z,2026-03-30T13:30:00Z,2026-04-06T13:31:00Z,50,5296,0,R_5kKIvSK0tQ6dPFv,44038,2,2,0,0,1,0,0,0,NA,1,0,0,0,0,0,0,0,1,1,0,0,0,NA,0,0,1,0,0,0,0,0,NA,2,1,1,1,0,1,1,0,0,NA,4,1,0,1,0,1,0,0,0,NA,0,1,0,1,1,1,1,0,NA,3,4,5,6,0,1,1,0,0,0,NA,0,1,1,0,0,0,NA,1,1,0,0,0,0,NA,NA,NA,NA,NA,NA,NA,NA,NA,NA,NA,NA,NA,NA,NA,NA,NA,NA,NA,NA,NA,NA,NA,NA,NA,NA,NA,NA,NA,NA,NA,NA,NA,NA,NA,NA,NA,NA,NA,NA,NA,NA,NA
2026-04-07T16:05:00Z,2026-04-07T16:20:00Z,2026-04-07T16:20:00Z,100,912,1,R_1H5MEV54K7j445g,13082,2,2,0,0,1,0,0,0,NA,1,0,0,0,0,0,0,0,0,1,0,0,1,Mathematics,0,0,1,0,0,0,0,0,NA,6,1,1,1,1,1,1,0,0,NA,5,0,1,0,1,0,0,0,0,NA,0,1,0,1,0,0,0,0,NA,5,5,3,2,0,0,1,0,1,0,NA,1,0,1,0,0,0,NA,1,1,0,0,0,0,NA,"What ""ignition"" is and what it takes to get ignition vs. useful energy gain.  The credibility of fusion fuels other than DT.",Reduce the fusion hype.,1,Nuclear energy,Clean energy,20 years away,4,1,25,50,25,3,25,35,40,2,4,1,3,1,2,4,3,6,7,3,2,8,4,5,1,9,0,0,0,0,0,0,1,1,1,0
2026-04-09T13:12:00Z,2026-04-09T13:34:00Z,2026-04-09T13:34:00Z,100,1305,1,R_1cOCuZ2PeQyfJvP,19395,2,2,1,0,0,0,0,0,NA,1,0,0,0,0,0,0,0,1,0,0,0,0,NA,0,0,0,0,0,1,1,0,NA,2,1,1,0,0,0,0,0,0,NA,3,1,1,1,1,0,1,0,0,NA,0,1,1,0,1,1,1,0,NA,3,4,4,5,0,1,0,0,1,0,NA,1,0,0,1,0,0,NA,1,1,0,0,0,0,NA,"That fusion is radiation and waste free, which is not.  While significantly less so than fission systems, there are a number of real challenges managing radiation fields and activated materials.","Fusion will not be ""too cheap to meter"" nor will produce energy from water.  If D-T fusion is the primarily expected reaction, tritium supply (and safety) is the big elephant in the room.",4,cheap,safe,abundant,5,4,5,5,90,4,20,20,60,NA,NA,NA,NA,NA,NA,NA,NA,7,6,4,1,9,5,3,2,8,0,1,0,0,0,0,0,1,0,1
2026-04-09T19:33:00Z,2026-04-09T19:49:00Z,2026-04-16T19:49:00Z,59,977,0,R_9Q0jjduk3spFHkQ,13570,2,2,1,0,1,0,0,0,NA,1,0,0,0,0,0,0,0,0,1,0,0,0,NA,0,0,1,0,0,0,0,0,NA,4,1,1,1,0,1,1,0,0,NA,3,0,0,1,1,0,1,0,0,NA,1,0,1,1,0,0,0,0,NA,2,3,5,7,0,0,1,0,1,0,NA,1,1,0,0,0,0,NA,0,1,1,0,0,0,NA,NA,NA,3,NA,NA,NA,NA,NA,NA,NA,NA,NA,NA,NA,NA,NA,NA,NA,NA,NA,NA,NA,NA,NA,NA,NA,NA,NA,NA,NA,NA,NA,NA,NA,NA,NA,NA,NA,NA,NA,NA,NA
2026-04-06T15:02:00Z,2026-04-06T15:21:00Z,2026-04-13T15:21:00Z,98,1146,0,R_7qNLmLf2SmpPQqp,55540,2,1,1,0,0,0,0,0,NA,0,0,0,0,0,0,0,1,0,0,0,0,0,NA,0,0,1,0,0,0,0,0,NA,6,1,1,1,0,1,0,0,0,NA,4,1,1,0,0,0,0,0,0,NA,0,0,1,1,0,0,0,0,NA,5,4,3,3,0,0,1,0,1,0,NA,0,1,0,1,0,0,NA,1,1,0,0,0,0,NA,NA,The discussion needs to be terror if. Don't oversell it.,3,Unlimited fuel,slow to market,NA,4,3,10,40,50,3,10,50,40,NA,NA,NA,NA,NA,NA,NA,NA,9,7,2,1,4,6,8,3,5,0,1,1,0,0,0,0,0,0,1
2026-03-27T11:18:00Z,2026-03-27T11:37:00Z,2026-03-27T11:37:00Z,100,1113,1,R_5rG8Cpgri3axYe6,74466,2,2,1,0,0,0,0,0,NA,1,0,0,0,0,0,0,0,0,1,0,0,0,NA,0,0,1,0,0,1,0,0,NA,1,1,1,1,1,1,1,0,0,NA,4,1,1,0,0,0,0,0,0,NA,1,1,1,0,1,1,0,0,NA,2,3,5,7,0,1,0,1,0,0,NA,0,0,1,1,0,0,NA,0,1,0,1,0,0,NA,Danger to surrounding communities (there is basically none!).,"Fusion and fission are distinct energy sources with much different issues (fusion has very little-to-none of fission's more well-known problems). Fusion also has support from both Republicans and Democrats, and from the oil/gas industry (they are some of our large investors)!",3,Nuclear,Fission,Reactor,2,3,30,40,30,5,25,60,15,3,4,1,2,2,4,3,1,3,5,2,6,8,7,4,1,9,0,1,0,0,0,0,0,0,1,1
2026-04-07T08:18:00Z,2026-04-07T08:35:00Z,2026-04-07T08:35:00Z,100,1035,1,R_5qr5FWF0rZt42AI,26945,2,2,1,0,0,0,0,0,NA,0,0,0,0,1,0,0,0,1,1,0,0,1,Implosion Experiments,0,0,1,0,0,1,1,0,NA,6,1,1,0,0,0,0,0,0,NA,4,1,0,1,0,0,0,0,0,NA,0,1,0,0,0,1,0,0,NA,4,4,5,5,0,0,1,0,1,0,NA,1,1,0,0,0,0,NA,0,1,0,1,0,0,NA,"We have not properly addressed the the ""miracles"" that need to occur for a reliable and sustainable fusion energy reactor.",I would like to have a discussion about the challenges that still face the fusion community to develop an energy source.,2,limitless energy,clean energy,safe ractors,4,3,20,50,50,2,40,35,25,1,2,3,4,2,3,1,4,7,8,2,1,6,5,4,3,9,0,0,0,0,0,0,1,1,0,1
2026-04-09T11:23:00Z,2026-04-09T11:40:00Z,2026-04-09T11:40:00Z,100,998,1,R_3wQNHf49IhxClD0,75808,2,1,1,0,0,0,0,0,NA,0,0,0,0,0,0,0,0,0,1,0,0,0,NA,0,1,1,0,0,1,1,0,NA,4,1,1,0,0,0,0,0,0,NA,3,0,0,0,1,0,1,0,0,NA,1,1,0,0,0,0,0,0,NA,1,5,5,7,0,0,0,1,1,0,NA,1,0,1,0,0,0,NA,0,1,0,0,1,0,NA,NA,NA,2,Futuristic,Nuclear,Sun,4,3,20,20,60,4,25,50,25,2,3,1,4,2,1,3,4,1,8,7,6,9,5,2,3,4,0,1,0,0,0,0,0,1,0,1
2026-03-19T19:26:00Z,2026-03-19T19:30:00Z,2026-03-26T19:30:00Z,50,271,0,R_5d54cC4nA77aUVz,17396,1,2,1,0,0,0,0,0,NA,0,0,0,0,0,0,0,0,0,0,0,0,1,"Person generally familiar from my time at ARPA-e. Expertise is nuclear, but not an engineer",0,0,0,0,0,0,1,0,NA,1,0,0,0,0,0,0,1,0,NA,3,1,1,1,0,0,0,0,0,NA,0,0,1,1,0,1,0,0,NA,4,5,5,7,0,0,1,0,1,0,NA,1,0,0,1,0,0,NA,0,1,0,1,0,0,NA,NA,NA,NA,NA,NA,NA,NA,NA,NA,NA,NA,NA,NA,NA,NA,NA,NA,NA,NA,NA,NA,NA,NA,NA,NA,NA,NA,NA,NA,NA,NA,NA,NA,NA,NA,NA,NA,NA,NA,NA,NA,NA
2026-04-06T14:40:00Z,2026-04-06T14:55:00Z,2026-04-13T14:55:00Z,98,893,0,R_8lAirG8OX6X31Nx,47622,2,2,1,0,0,0,0,0,NA,0,0,0,0,1,0,1,0,0,1,0,0,0,NA,0,0,1,0,0,1,1,0,NA,2,1,1,0,0,0,0,0,0,NA,4,0,1,0,0,0,1,0,1,Development of larger technical workforce (both scientists and specialized staff),0,1,0,1,0,1,1,0,NA,2,4,5,4,0,0,0,0,1,1,deployment of large-scale scientific effort/resources towards pathways that may not reach desired performance,1,0,1,0,0,0,NA,0,0,1,1,0,0,NA,"Scale of sustained scientific resources required for development; need for a much larger, technical trained workforce including scientists, engineers, machinists, etc.",More realistic discussion of development timelines and resources required,1,Nuclear,Sun,infinite energy,4,2,15,45,40,2,60,20,20,NA,NA,NA,NA,1,2,4,3,2,8,5,6,9,3,7,4,1,0,0,0,0,0,1,0,1,0,1
2026-03-26T15:12:00Z,2026-03-26T15:19:00Z,2026-03-26T15:19:00Z,100,444,1,R_3JeJBapcHfZRU1y,33739,2,2,1,0,0,0,0,0,NA,0,0,1,0,1,0,0,0,0,0,0,0,0,NA,0,0,0,0,0,1,0,0,NA,1,1,1,0,0,0,0,0,0,NA,3,0,0,0,1,1,0,0,0,NA,1,0,0,0,0,1,0,0,NA,1,4,4,5,0,0,0,1,1,0,NA,1,1,0,0,0,0,NA,0,0,0,1,1,0,NA,NA,NA,3,Safety,Cost,Science Fiction,4,3,30,20,50,5,25,25,50,NA,NA,NA,NA,NA,NA,NA,NA,3,8,6,2,7,1,5,4,9,0,0,0,0,0,0,1,1,1,0
2026-03-26T15:23:00Z,2026-03-26T15:45:00Z,2026-04-02T15:45:00Z,98,1328,0,R_5Cjq7pcNl1Ik9sw,61639,2,1,0,1,0,0,0,0,NA,0,0,0,0,1,0,0,0,0,1,0,0,0,NA,0,0,1,0,0,0,0,0,NA,6,0,1,0,1,0,1,0,0,NA,3,1,0,0,0,0,0,0,0,NA,1,0,0,0,0,0,0,0,NA,4,3,5,7,0,0,0,0,1,1,none,1,0,0,0,0,1,n/a,0,0,1,0,1,0,NA,NA,Would be great if there was investigative reporting on fusion research and technology rather than regurgitation of PR coming from fusion outfits.,3,NA,NA,NA,4,2,30,40,30,1,30,30,40,1,2,3,4,4,2,3,1,6,5,2,3,4,8,7,1,9,0,0,0,0,0,0,0,1,1,1
2026-03-20T07:15:00Z,2026-03-20T07:30:00Z,2026-03-27T07:30:00Z,98,847,0,R_5G2gTvBmDLKdjGK,77210,2,2,1,0,0,0,0,0,NA,0,0,0,1,0,0,0,0,0,0,1,1,0,NA,0,0,0,1,1,0,1,1,Roadmapping,1,0,1,1,0,0,0,0,0,NA,3,1,0,1,0,0,1,0,0,NA,0,0,0,1,1,0,1,0,NA,3,4,4,3,0,0,0,1,1,0,NA,1,0,1,0,0,0,NA,0,1,0,0,1,0,NA,NA,NA,3,Safety,Security,Knowledge needs/better understanding,3,1,45,35,20,3,40,40,20,3,1,2,4,1,3,2,4,3,6,2,4,7,8,5,1,9,0,0,0,0,0,1,1,1,0,0
2026-04-06T15:55:00Z,2026-04-06T16:55:00Z,2026-04-13T16:55:00Z,95,3635,0,R_5pKXoOpciuCH9yo,90397,2,2,1,0,0,0,0,0,NA,1,1,0,1,0,0,0,0,1,0,1,0,0,NA,0,0,0,1,0,0,1,0,NA,1,1,1,1,1,1,0,0,0,NA,4,0,0,0,0,1,0,1,0,NA,0,1,0,0,0,1,0,0,NA,3,5,5,2,0,0,1,0,1,0,NA,1,1,0,0,0,0,NA,1,0,0,0,1,0,NA,"Non-experts seem to believe that fusion energy is dramatically more powerful than fission, but per reaction, it's only about a factor of 8. Maybe this isn't too damaging, but I do think that folks will really be disappointed that, especially due to the amount of engineering facilities necessary to capture that power, a tiny fusion device can't replace a large fission reactor.","I would emphasize, more often, the similarities between fission and fusion.",3,50 years away,cold fusion,infinite or limitless,4,5,25,50,25,3,20,50,30,1,2,3,4,3,4,1,2,6,7,2,3,8,9,4,1,5,NA,NA,NA,NA,NA,NA,NA,NA,NA,NA
2026-03-19T10:53:00Z,2026-03-19T11:23:00Z,2026-03-19T11:23:00Z,100,1822,1,R_3U4R2TE8SmZHrBO,63075,2,1,0,0,1,0,0,0,NA,1,0,0,0,0,0,0,0,0,1,0,0,0,NA,0,0,1,0,0,0,0,0,NA,3,0,0,0,0,0,0,1,0,NA,5,1,0,0,0,0,1,0,0,NA,0,0,0,1,0,0,1,0,NA,2,5,5,7,0,0,0,1,1,0,NA,1,1,0,0,0,0,NA,1,0,0,0,1,0,NA,"Generally, I think there's confusion about the differences between fission and fusion energy.","I would emphasize that fusion energy, if we can achieve it, would be transformative. Depending upon the scheme, it wouldn't just provide clean, safe energy; but it could also fundamentally change international relations. Conflict over limited natural resources, like fossil fuels, would be far less if deuterium fuel for fusion reactors could be extracted from sea water. I'd also present the problem as a grand challenge for the nation (like going to the moon). It will take many decades of unprecedented investment from government and industry.",2,futuristic,impossible,vague,3,3,40,15,45,6,30,10,60,3,1,2,4,2,1,4,3,7,9,5,6,2,4,8,3,1,0,1,0,0,0,0,0,1,1,0
2026-03-26T18:14:00Z,2026-03-26T18:21:00Z,2026-03-26T18:21:00Z,100,432,1,R_3CIAxv5EF0XeNu9,59663,2,2,0,0,1,0,0,0,NA,0,0,0,0,1,0,0,0,0,1,0,0,0,NA,0,0,1,0,0,0,0,0,NA,3,0,1,0,0,0,0,0,0,NA,4,1,0,0,0,0,0,0,0,NA,1,0,0,0,0,0,0,0,NA,2,5,4,6,0,1,1,0,0,0,NA,1,0,0,0,1,0,NA,0,0,1,0,1,0,NA,NA,NA,3,Impossible,Science fiction,Cold fusion,2,1,10,80,10,5,20,20,60,3,1,2,4,3,2,1,4,6,8,1,2,9,5,4,3,7,0,0,0,1,0,0,1,1,0,0
2026-04-06T16:21:00Z,2026-04-06T16:35:00Z,2026-04-06T16:35:00Z,100,842,1,R_1TXomlVsL96MKg7,30870,2,2,0,0,0,1,0,0,NA,0,0,0,0,0,0,0,0,0,0,1,0,0,NA,0,0,0,1,1,1,1,0,NA,3,0,0,0,0,0,1,0,0,NA,4,1,0,0,1,0,0,1,0,NA,0,1,1,1,1,1,0,0,NA,3,5,4,4,0,1,0,1,0,0,NA,0,1,1,0,0,0,NA,0,1,0,1,0,0,NA,"They can't distinguish it from fission. Its all ""nuclear""",Realistic pathway rather than irradiation hype,3,sun,weapon,nuclear,2,1,15,35,50,4,20,40,40,4,1,2,3,3,2,1,4,1,7,6,2,8,9,3,5,4,0,1,0,0,0,0,1,0,1,0
2026-03-19T11:11:00Z,2026-03-19T11:47:00Z,2026-03-19T11:47:00Z,100,2199,1,R_6dC9uknITvd9qjD,47002,2,2,1,0,0,1,0,0,NA,0,0,1,0,1,0,0,0,1,1,0,0,0,NA,1,1,1,0,1,1,1,0,NA,2,1,1,1,0,0,1,0,0,NA,3,0,1,0,1,1,1,0,0,NA,0,0,1,1,0,1,1,0,NA,3,4,5,7,0,1,0,1,0,0,NA,1,0,1,0,0,0,NA,0,1,0,0,1,0,NA,they compare it with uranium and fission energy. Which is wrong.,show the no meltdown phase of fusion.,3,30 years away,Dream / Sci-Fi,nuclear,3,2,30,40,30,4,30,20,50,4,1,2,3,3,1,4,2,5,7,4,6,9,3,2,8,1,1,1,0,0,0,0,0,1,0,0
2026-04-09T11:20:00Z,2026-04-09T11:40:00Z,2026-04-16T11:40:00Z,98,1150,0,R_7TT6cybbPyjPPJ6,81626,2,2,0,0,1,0,0,0,NA,0,0,0,0,0,0,0,0,0,1,0,0,0,NA,0,0,1,0,0,0,1,0,NA,3,1,0,0,0,0,0,1,0,NA,4,1,0,0,1,0,0,0,0,NA,0,0,1,0,0,1,0,0,NA,3,4,4,6,1,1,0,0,0,0,NA,1,1,0,0,0,0,NA,1,1,0,0,0,0,NA,"The assumption that fusion energy is nuclear energy that leads to radiation, or three-mile island type meltdowns.",Some fusion companies are promising they will deliver net-positive energy generation to the grid in the next 5 years. I think this is unrealistic. If those companies fail to deliver we will have to face the public perception that fusion energy is just hype and will never be achieved. The large cost overruns at ITER has also not helped make the case for sustained investment.,2,nuclear,plasma,hype,2,1,20,60,20,4,25,50,25,2,3,1,4,1,2,4,3,7,9,3,2,8,1,4,6,5,0,1,0,1,0,0,0,0,1,0
2026-03-17T14:25:00Z,2026-03-17T14:45:00Z,2026-03-24T14:45:00Z,98,1181,0,R_3w0eYOZpAcCQEdb,30093,2,2,0,0,0,0,0,1,International project (ITER),0,0,0,0,0,0,0,0,0,0,0,0,1,"Communication, Stakeholder relations",0,0,0,1,0,0,1,1,"Communication, knowledge transfer",3,1,1,1,1,1,1,0,0,NA,3,1,1,0,0,0,0,0,0,NA,0,0,0,1,1,0,0,0,NA,2,4,5,7,0,0,0,0,1,1,Uncertainty regarding how long it will take to solve key engineering challenges to a level of cost-competitive economic viability,1,1,0,0,0,0,NA,0,1,0,0,1,0,NA,"Fusion is often confused with fission by non-experts, but that is changing in a positive way.
Confusion still exists regarding the nature of remaining challenges (tritium breeding at scale, structural and functional materials reliability; efficient heat removal, etc.), the uncertainty of how long it will take to solve them, and the need for greater, more coordinated investment to solve these challenges and reap the benefits.","I dislike the notion of nation-against-nation competition. It's an easy way to motivate government funding, but fusion has been (remarkably, uniquely) an international collaboration since its inception, and we will all go faster if collaboration (both multinational and multi-sector) is preserved.",4,nuclear risk,"clean, abundant energy",science fiction,4,3,25,50,25,3,25,45,30,3,2,1,4,3,2,4,1,5,9,2,4,6,1,7,3,8,0,1,0,0,0,0,1,0,0,1
2026-04-06T15:17:00Z,2026-04-06T16:41:00Z,2026-04-06T16:41:00Z,100,5010,1,R_3hyTUz3onK0FdwV,37136,2,2,1,0,1,0,0,0,NA,0,0,0,0,1,0,1,0,1,0,0,0,0,NA,0,0,1,0,0,0,0,0,NA,4,1,1,0,0,1,0,0,0,NA,4,1,0,0,0,1,0,0,0,NA,0,1,1,0,0,0,0,0,NA,4,5,3,3,0,0,1,1,0,0,NA,1,0,0,0,1,0,NA,1,0,0,0,0,1,Fusion is a source of fast neutrons can burn waste and create valuable isotopes,Fusion IS a form of nuclear energy.  It relies on fast neutrons for its fuel cycle and has many of the same attendant risks as fission power.  It also has the the problem of not yet achieving Q>1 (except for ICF).,Fusion should lead to a better appreciation of the benefits of fission to society.,2,Clean/Limitless energy,Safe scalable energy,"""Star Power""",4,2,20,30,50,2,20,30,50,NA,NA,NA,NA,NA,NA,NA,NA,6,4,3,1,5,7,8,2,9,0,0,0,0,0,0,1,1,0,1
2026-04-06T14:36:00Z,2026-04-06T14:59:00Z,2026-04-06T14:59:00Z,100,1383,1,R_3EzJ5uvm9Tutk4s,42144,2,1,0,0,1,0,0,0,NA,1,0,0,0,0,0,0,0,0,1,0,0,0,NA,0,0,1,0,0,0,0,0,NA,6,1,1,0,0,0,0,0,0,NA,3,1,1,0,1,0,0,1,0,NA,1,1,1,1,1,1,1,0,NA,2,4,4,5,0,0,1,0,0,1,An important concern in discussion with non-experts is to compare the risks of fusion with those of fission.,1,1,0,0,0,0,NA,0,0,1,0,1,0,NA,fission vs. fusion.,"The reduction of side effects promised by fusion energy vs. other forms of ""always on"" energy.",2,NA,NA,NA,NA,1,NA,NA,NA,4,NA,NA,NA,NA,NA,NA,NA,2,1,3,4,NA,NA,NA,NA,NA,NA,NA,NA,NA,0,0,0,0,0,0,0,1,1,1
2026-03-19T17:07:00Z,2026-03-19T17:22:00Z,2026-03-26T17:22:00Z,98,897,0,R_1Ojh60lLMh3x3Jn,37669,2,2,0,0,1,0,0,0,NA,1,0,0,0,0,0,0,0,0,1,0,0,0,NA,0,0,1,0,0,0,0,0,NA,6,0,0,0,0,0,0,1,0,NA,4,1,1,0,0,0,0,0,0,NA,1,1,0,0,0,0,0,0,NA,1,3,5,6,0,0,1,0,1,0,NA,1,0,0,0,1,0,NA,1,1,0,0,0,0,NA,The technological challenges that need to be overcome to make commercial fusion power a reality.,I would lower the hype level coming from fusion start up companies.,2,waste,clean energy,unlimited,4,1,35,35,30,2,40,30,30,1,3,4,2,3,1,4,2,6,5,3,2,9,8,4,1,7,0,1,0,0,0,0,1,0,0,1
2026-03-19T10:24:00Z,2026-03-19T11:15:00Z,2026-03-19T11:15:00Z,100,3101,1,R_6pLxFqE7BVPATou,20194,2,2,1,0,0,0,0,0,NA,1,0,0,0,0,0,0,1,1,0,0,0,0,NA,0,0,1,0,0,1,1,0,NA,2,1,1,1,1,1,1,0,0,NA,3,0,0,0,1,0,1,0,0,NA,1,1,0,0,0,0,0,0,NA,4,5,5,7,0,1,0,0,1,0,NA,1,1,0,0,0,0,NA,1,0,0,1,0,0,NA,The benefits of R&D in fusion energy will help all of humanity regardless of if fusion energy systems are successful at generating usable power.,That the investor class and the lies told them to maintain funding is not reflective of where the technology currently is.,3,nuclear energy,nuclear fusion,fusion reactor,4,3,30,30,40,2,30,30,40,1,3,2,4,2,1,3,4,4,7,6,1,3,9,8,2,5,0,0,0,0,0,0,1,1,1,0
2026-04-06T16:10:00Z,2026-04-06T16:22:00Z,2026-04-06T16:22:00Z,100,714,1,R_6Rp5jBRlcNg0ccp,55731,2,NA,NA,NA,NA,NA,NA,NA,NA,0,0,0,0,0,0,0,0,0,0,0,0,1,engineering education,0,0,0,0,0,0,1,0,NA,5,1,1,0,0,1,1,0,0,NA,3,1,1,0,0,0,1,0,0,NA,0,0,0,1,1,0,0,0,NA,2,5,4,4,0,0,0,1,1,0,NA,0,1,1,0,0,0,NA,1,1,0,0,0,0,NA,technical,timeline and that fusion energy is nuclear fusion; there may be a backlash once this is understood,4,revolutionary,cleaner energy,future development,3,2,30,55,30,4,20,20,60,1,4,2,3,2,3,1,4,9,5,4,2,7,3,8,1,6,0,1,0,0,0,0,1,0,0,1
2026-03-19T09:40:00Z,2026-03-19T09:56:00Z,2026-03-26T09:56:00Z,98,923,0,R_8NJJYJtYmJgC75t,33771,2,2,0,0,1,0,0,0,NA,0,0,0,0,1,0,0,0,0,1,0,0,0,NA,0,0,1,0,0,0,0,0,NA,3,1,0,0,0,1,1,0,0,NA,4,1,0,0,1,0,0,0,0,NA,0,1,0,0,1,0,0,0,NA,4,4,5,4,0,1,0,0,1,0,NA,1,1,0,0,0,0,NA,0,0,0,1,1,0,NA,"Confusion with nuclear reactors, assumption that there is a similar containment risk. Technical feasibility as a sustained reaction is still not achieved.",confusion with the nuclear power industry,3,Sun,Scifi,not possible,2,2,60,30,10,6,40,30,30,3,1,2,4,1,2,4,3,9,8,3,1,5,7,4,2,6,0,0,0,0,0,1,1,0,0,1
2026-03-19T11:56:00Z,2026-03-19T12:13:00Z,2026-03-19T12:13:00Z,100,983,1,R_7KZtxo7SdaSUPfh,80399,2,2,1,0,0,0,0,0,NA,0,1,0,0,0,0,0,0,1,0,0,1,0,NA,0,0,0,1,0,0,0,0,NA,2,1,0,0,0,0,0,0,0,NA,3,0,0,0,0,1,1,0,0,NA,1,1,0,0,0,0,1,0,NA,2,4,3,5,0,1,0,0,1,0,NA,0,1,0,1,0,0,NA,1,0,0,0,0,1,"Electricity is only the first step, as a high-temperature energy system, there are many opportunities similar to advanced nuclear fission systems (hydrogen production, industrial process heat, etc.) that can be difficult to directly electrify","Fuel supply - I think technology developers are at fault for misleading public-facing communication about ""hydrogen-powered"" systems. If your system relies on Tritium, that is not infinitely abundant and a sufficient supply, one that most likely relies on fission-powered systems, need to be secured for successful deployment","WASTE. There is a reasonable emphasis on fusion not making ""High Level Waste"" because it by definition can only be made by fission systems. However, a compact system producing high energy neutrons WILL produce activated materials that need to be managed. Transportation in particular is already a headache for Low Level Radioactive Waste produced by nuclear power plants, and the ""no waste"" narrative of fusion runs the risk of public backlash when activated fusion components need to be transported across state lines for disposal.",3,clean,limitless,sci-fi,4,3,10,30,60,3,15,65,20,1,4,3,2,NA,NA,NA,NA,4,2,3,5,7,9,1,6,8,0,0,0,0,0,1,0,1,1,0
2026-03-18T18:58:00Z,2026-03-18T19:10:00Z,2026-03-18T19:10:00Z,100,707,1,R_6co9wYwSjG7VCsH,18979,2,2,0,0,1,0,0,0,NA,0,0,0,0,0,0,0,1,1,0,1,0,0,NA,0,0,0,1,0,1,0,0,NA,4,1,1,1,0,0,1,0,0,NA,3,0,1,0,0,1,0,0,0,NA,0,0,0,0,0,1,1,0,NA,2,4,5,6,1,1,0,0,0,0,NA,0,1,0,0,1,0,NA,0,0,0,1,1,0,NA,Radioactive byproducts.,Benefits other than Watts on the grid.,3,clean,30 years away,science fiction,4,2,30,20,50,4,55,15,30,3,4,1,2,2,3,4,1,7,6,2,1,9,5,3,4,8,1,0,0,0,0,0,1,0,1,0
2026-03-17T17:08:00Z,2026-03-17T17:21:00Z,2026-03-17T17:21:00Z,100,756,1,R_1qeEjT14p1Jw9lP,89947,2,2,1,0,0,0,0,0,NA,0,0,0,0,1,0,1,0,1,0,0,1,0,NA,0,0,1,0,0,1,1,0,NA,4,1,1,1,0,1,1,0,0,NA,3,0,1,1,0,0,0,0,0,NA,0,0,0,0,1,1,0,0,NA,2,3,5,7,0,0,1,0,1,0,NA,1,1,0,0,0,0,NA,0,1,0,1,0,0,NA,The scale of the benefits. I.e. the benefits are much greater than what people are aware of.,NA,3,Difficult,Too expensive,Never going to happen,3,3,30,40,30,4,30,40,30,4,2,1,3,1,3,4,2,5,7,3,4,8,1,6,2,9,0,1,0,0,0,0,0,0,1,1
2026-03-19T20:48:00Z,2026-03-19T23:24:00Z,2026-03-26T23:25:00Z,98,9398,0,R_70Tbtf7ZUzcqoSL,75240,2,2,0,0,1,0,0,0,NA,0,0,0,0,1,0,0,0,0,1,1,0,0,NA,0,0,1,1,0,1,0,0,NA,5,1,1,1,1,1,1,0,0,NA,4,0,0,0,1,0,1,0,0,NA,1,1,0,0,0,0,0,0,NA,2,4,5,7,0,1,0,0,1,0,NA,0,1,1,0,0,0,NA,1,1,0,0,0,0,NA,"How to gauge what is real progress versus hype.  When non-experts (and sometimes experts) read media reports, it's very difficult to untangle what real progress or breakthrough was, and how significant it is or not.",Need more clear-eyed assessments of the challenges remaining for fusion.,3,limitless,nuclear,clean,4,3,25,30,45,3,25,50,25,4,3,1,2,1,2,4,3,5,8,2,1,9,7,3,4,6,0,1,0,0,0,0,1,1,0,0
2026-03-26T14:46:00Z,2026-03-26T14:54:00Z,2026-03-26T14:54:00Z,100,483,1,R_7QQcwqiW4StRm2B,46793,2,2,0,0,1,0,0,0,NA,1,0,0,0,1,0,1,0,0,1,0,0,0,NA,0,0,1,0,0,0,0,0,NA,4,1,0,0,0,0,0,0,0,NA,3,1,0,0,0,0,0,0,1,No clear shot-term path to perform ICF at the repetition rate required for a power plant,1,0,0,0,0,0,0,1,No clear shot-term path to perform ICF at the repetition rate required for a power plant,3,3,5,6,0,0,0,1,1,0,NA,1,0,1,0,0,0,NA,1,1,0,0,0,0,NA,NA,NA,2,Nuclear,Future,NA,3,2,30,40,30,2,20,40,40,NA,NA,NA,NA,NA,NA,NA,NA,NA,NA,NA,NA,NA,NA,NA,NA,NA,0,0,0,0,0,0,0,1,1,1
2026-04-06T18:17:00Z,2026-04-06T18:39:00Z,2026-04-06T18:39:00Z,100,1334,1,R_5chmD364Tygro1r,97656,2,1,0,0,1,0,0,0,NA,0,0,0,0,1,0,0,0,0,1,0,0,0,NA,0,0,1,0,0,0,0,0,NA,6,0,0,0,0,0,0,1,0,NA,3,1,0,0,0,0,1,0,0,NA,0,0,0,1,1,0,0,0,NA,4,3,5,7,0,0,0,1,1,0,NA,1,1,0,0,0,0,NA,0,0,1,1,0,0,NA,I don't think the difficulty of achieving sustained fusion reactions is that well understood by general public.,How achieving controlled fusion would revolutionize energy production and how it would create many high tech and advanced engineering jobs.,3,limitless energy production,50 years away,Cool,4,1,30,40,30,5,20,40,40,2,3,1,4,1,2,3,4,4,6,2,1,8,7,5,3,9,0,0,0,0,0,1,0,1,0,1
2026-03-19T10:50:00Z,2026-03-19T11:06:00Z,2026-03-19T11:06:00Z,100,922,1,R_5dLXbFdiLl9Vu6G,46614,2,2,1,0,0,0,1,0,NA,1,0,0,0,0,0,0,0,0,1,0,0,1,Broad Physics,1,0,1,0,0,1,0,0,NA,6,1,1,0,1,1,1,0,0,NA,NA,0,0,0,0,0,0,1,1,Advanced Physics of Fusion,1,1,0,0,0,0,0,0,NA,3,4,4,7,0,1,0,0,1,0,NA,1,1,0,0,0,0,NA,1,0,0,0,1,0,NA,It is the experts common hype that is the greatest source of misunderstsnding,More informed discussions will be welcome,3,is it bad like nuclear,is it still 30 years away,how expensive,4,4,NA,NA,NA,NA,NA,NA,NA,NA,NA,NA,NA,NA,NA,NA,NA,NA,NA,NA,NA,NA,NA,NA,NA,NA,0,0,0,0,0,0,1,1,0,1
2026-03-20T15:58:00Z,2026-03-20T16:33:00Z,2026-03-20T16:33:00Z,100,2047,1,R_3ISkZKNo3T10Sdg,42908,2,2,0,0,1,0,0,0,NA,0,0,0,0,0,0,0,0,0,0,0,0,1,NIF design,0,1,1,0,0,1,0,0,NA,6,1,0,1,0,0,0,0,0,NA,3,1,0,0,0,0,0,0,1,No machine except NIF can ignite,1,0,0,0,0,0,0,1,Only NIF is capable today,4,4,5,7,0,0,0,0,1,1,Most proposed systems have already failed more than once,1,1,0,0,0,0,NA,1,1,0,0,0,0,NA,Difficulty and cost of any fusion driver,Proposed machines should be based on experimental demonstration of thermonuclear fusion. A few instability 14.1 MeV neutrons are not an indication of success,1,bombs,end of days,frightening,2,1,50,45,5,4,10,80,10,3,2,1,4,1,2,3,4,7,8,2,3,5,6,9,4,1,0,1,0,0,0,0,0,1,0,1
2026-03-19T14:02:00Z,2026-03-19T14:19:00Z,2026-03-19T14:19:00Z,100,974,1,R_5O9G5aQCFzTlUxb,13534,2,2,0,0,1,0,0,0,NA,1,0,0,0,0,0,0,0,0,0,0,0,0,NA,0,0,1,0,0,0,0,1,code development,6,1,1,0,0,0,0,0,0,NA,4,0,0,0,0,0,0,0,1,engineering challenges of fusion power plant,0,0,0,0,0,0,1,1,engineering challenges of fusion power plant,3,2,4,6,0,0,0,0,1,1,"safety advantages, engineering challenges",1,1,0,0,0,0,NA,0,0,1,0,1,0,NA,The safety advantages and reduced air pollution could be communicated better.,Understand benefits to grid stability that wind and solar cannot perform.  It will be a dispatchable source and with contribute necessary synchronous grid inertia,2,long way off,unlimited energy,very complex and challenging,4,3,20,10,70,4,75,15,10,2,3,1,4,2,1,4,3,3,8,2,1,9,6,4,5,7,0,1,0,0,0,0,1,1,0,0
2026-04-06T15:04:00Z,2026-04-06T15:22:00Z,2026-04-06T15:22:00Z,100,1065,1,R_3fz0zFsH28uuNbP,82700,2,2,0,0,1,0,0,0,NA,0,0,0,0,0,0,0,0,0,0,0,0,1,ai for expeirmental plasma systems,0,0,0,0,0,1,0,0,NA,2,1,0,0,0,0,0,0,0,NA,3,1,1,0,0,0,0,0,0,NA,0,0,0,1,0,0,1,0,NA,5,4,4,7,0,1,1,0,0,0,NA,1,1,0,0,0,0,NA,0,1,0,0,1,0,NA,the difference between fusion and fission,NA,2,nuclear power,radiation,accidents and safety,2,1,20,75,5,6,70,20,10,1,2,3,4,2,3,4,1,2,7,8,1,6,4,9,5,3,1,0,0,0,0,0,1,1,0,0
2026-04-06T14:33:00Z,2026-04-06T14:53:00Z,2026-04-06T14:53:00Z,100,1176,1,R_7SXAu4YPZX3ncqZ,13978,2,2,0,0,1,0,0,0,NA,1,0,0,0,1,0,0,1,0,0,0,0,1,Debris and Shrapnel,0,1,0,0,0,1,0,0,NA,4,1,1,1,0,0,0,0,0,NA,3,1,0,0,0,0,1,0,0,NA,0,1,0,1,0,0,0,0,NA,3,2,5,7,0,1,0,1,0,0,NA,1,0,0,0,1,0,NA,1,1,0,0,0,0,NA,"The difference between fission and fusion and the very different risks. The scale of cost between potential fusion plants and conventional power plants (i.e., once proven, a fusion plant should be similar in cost and much cleaner/safer than alternatives).",NA,3,ignition,nuclear,radiation,2,2,25,40,35,3,25,50,25,1,2,3,4,NA,NA,NA,NA,9,7,4,6,2,5,8,1,3,0,0,0,0,0,0,1,1,1,0
2026-03-29T19:16:00Z,2026-03-29T19:35:00Z,2026-04-05T19:35:00Z,98,1161,0,R_3rJvPGEsxjwEswK,89233,2,2,0,0,0,0,1,0,NA,0,1,0,1,0,1,1,0,1,1,1,1,0,NA,1,1,0,1,1,1,1,0,NA,6,1,1,1,1,1,1,0,0,NA,3,1,0,0,0,0,1,0,0,NA,0,0,0,1,0,1,0,0,NA,5,4,5,7,0,1,0,0,1,0,NA,1,1,0,0,0,0,NA,0,1,0,1,0,0,NA,"The difference between physics risk and technological risk. The former is existential, unpredictable, and unique to fusion; the latter is quantifiable and amenable to being solved via a focused program. Public/journalist commentary conflates the two, such that a highly esoteric approach is deemed comparable to one with a low-scientific risk.","Reduce the hype. Every week there are reports of some new ""major breakthrough in fusion."" When analyzed, these are invariably minor incremental steps, albeit sometimes worthy. This leads to a dilution of trust and understanding, and a diminution of the most important advances that need attention and focus.",3,nuclear power,scary / dangerous,30 years away,2,2,30,20,50,4,30,20,50,2,4,1,3,2,3,4,1,8,7,5,3,1,4,6,2,9,0,1,0,0,0,0,1,1,0,0
2026-03-19T11:05:00Z,2026-03-19T11:14:00Z,2026-03-19T11:14:00Z,100,580,1,R_5yMNJ6fwLOV0itP,87415,1,1,0,0,1,0,0,0,NA,0,0,0,0,1,0,0,0,0,1,0,0,0,NA,0,0,1,0,0,0,0,0,NA,3,1,1,1,0,1,1,0,0,NA,3,1,1,0,0,0,0,0,0,NA,0,0,0,1,0,1,0,0,NA,4,3,3,5,0,0,0,1,1,0,NA,1,1,0,0,0,0,NA,1,0,1,0,0,0,NA,I think there is a non-expert expectation that fusion energy will be extremely cheap (too cheap to meter) - I think fundamentally we do not yet know what the $/kWatt price will be and that will instead depend on supply chains and technology. It could be extremely competitive or cost prohibitive.,NA,3,Clean,Cheap,Safe,4,2,20,15,65,3,20,15,65,1,3,4,2,3,4,1,2,8,7,1,3,5,6,4,2,9,0,1,0,0,0,0,1,0,0,1
2026-03-18T18:09:00Z,2026-03-18T18:22:00Z,2026-03-18T18:22:00Z,100,829,1,R_3sZKB5ym1TeJofA,60841,2,2,0,0,0,1,0,0,NA,0,0,0,0,0,0,0,0,0,0,0,0,1,We run the world’s first Fusion Energy Cluster Economic Development Program.,1,0,0,1,0,0,1,1,Trade Association with Cluster Economic Development Project for Fusion,2,1,1,1,1,1,1,0,1,Other NGO’s and Non Profits,2,1,0,1,1,0,1,1,0,NA,0,1,1,1,0,1,0,0,NA,2,4,5,7,0,1,0,0,1,0,NA,0,1,1,0,0,0,NA,0,0,0,1,1,0,NA,That it is NOT fission. Laypersons have no understanding of the differences. None.,What we do already - communicate the science at the 4th grade level. Provide access to the PhD experts and fusion CEO’s - with appropriate education ahead of and around those interactions. You all should come to Washington State Fusion Week (entering its 6th year) or Colorado Fusion Week - our new event this year.,4,No nukes/glow in the dark,Not in my backyard,Fusion is always 30 years away and always will be,2,3,20,70,10,4,40,50,10,4,1,3,2,2,4,3,1,1,9,6,8,5,3,4,2,7,0,0,0,1,0,0,1,1,0,0
2026-03-19T15:18:00Z,2026-03-20T00:48:00Z,2026-03-20T00:48:00Z,100,34163,1,R_1XGqbrX7QRbPUQx,79851,2,1,1,0,0,0,0,0,NA,0,0,0,0,0,0,0,1,0,0,0,0,0,NA,0,0,1,0,0,1,0,0,NA,1,0,0,0,0,0,0,1,0,NA,3,1,1,0,0,1,0,0,0,NA,0,0,1,1,1,1,1,0,NA,2,3,5,7,0,0,1,0,1,0,NA,1,0,1,0,0,0,NA,0,1,0,1,0,0,NA,The safety profile/radiation.,NA,1,NA,NA,NA,NA,NA,NA,NA,NA,NA,NA,NA,NA,NA,NA,NA,NA,NA,NA,NA,NA,NA,NA,NA,NA,NA,NA,NA,NA,NA,0,0,0,0,0,1,0,1,1,0
2026-03-17T14:16:00Z,2026-03-17T14:31:00Z,2026-03-17T14:31:00Z,100,880,1,R_3mjUAKmYCuLfDTd,70165,2,2,0,0,1,0,1,0,NA,0,1,0,1,0,0,0,0,1,0,1,1,0,NA,0,0,1,1,0,1,0,0,NA,1,1,1,0,1,1,1,0,0,NA,3,1,1,0,0,0,0,0,0,NA,0,0,1,1,0,0,0,0,NA,3,4,5,6,0,0,0,1,1,0,NA,1,1,0,0,0,0,NA,1,0,1,0,0,0,NA,The significant dependance on sufficient tritium breeding ratio for the dominant fuel cycle used by most developers (DT),It should still be seen as a tremendously challenging technology development effort that will still require major academic and national lab research.  It is NOT as far advanced as commercial developers claim,3,limitless energy,low carbon,science fiction,4,3,20,15,65,3,15,15,70,3,1,2,4,2,3,4,1,6,7,1,2,8,4,5,3,9,0,0,1,0,0,0,0,1,0,1
2026-04-08T10:41:00Z,2026-04-08T11:11:00Z,2026-04-15T11:11:00Z,59,1853,0,R_6yady4f2N7sZjNL,44523,2,2,0,0,1,0,1,0,NA,1,1,0,1,0,0,0,0,0,1,1,0,0,NA,1,0,1,0,1,0,0,0,NA,6,1,1,1,1,0,1,0,0,NA,3,1,0,0,1,0,0,0,0,NA,0,0,0,1,0,0,1,0,NA,3,4,5,6,0,0,0,0,1,1,Cost and economic risks,0,1,0,0,1,0,NA,0,1,0,0,1,0,NA,The difference between energy gain in the plasma (Q_plasma) vs. energy gain in the overall plant (Q_facility).,All publicity is good.,3,NA,NA,NA,NA,NA,NA,NA,NA,NA,NA,NA,NA,NA,NA,NA,NA,NA,NA,NA,NA,NA,NA,NA,NA,NA,NA,NA,NA,NA,NA,NA,NA,NA,NA,NA,NA,NA,NA,NA
2026-03-19T09:48:00Z,2026-03-19T09:56:00Z,2026-03-19T09:56:00Z,100,511,1,R_3dfPeXAnzKNj3fu,19961,2,2,0,0,0,0,1,0,NA,0,0,0,0,0,1,0,0,0,0,0,0,0,NA,1,0,0,0,0,0,0,0,NA,1,1,1,0,1,1,0,0,0,NA,3,1,1,0,0,0,0,0,0,NA,1,1,0,0,0,0,0,0,NA,2,3,5,7,1,0,1,0,0,0,NA,1,1,0,0,0,0,NA,1,1,0,0,0,0,NA,that it is risky as Fission,it is inevitably the future of energy,3,nuclear,danger,dream,3,1,20,60,20,2,20,50,30,3,2,1,4,1,2,3,4,4,8,1,3,9,7,2,5,6,0,0,0,1,0,0,0,1,0,1
2026-03-26T20:12:00Z,2026-03-26T20:42:00Z,2026-04-02T20:42:00Z,98,1772,0,R_7hFr9Lw0YRBcdrW,80773,2,2,1,0,0,1,0,0,NA,0,0,0,0,0,0,0,0,0,1,1,0,0,NA,0,0,1,1,0,0,1,0,NA,6,1,1,0,0,0,1,0,0,NA,4,1,0,0,0,0,1,0,0,NA,0,1,0,1,0,0,0,0,NA,3,3,5,7,0,1,1,0,0,0,NA,1,1,0,0,0,0,NA,0,1,0,0,1,0,NA,NA,NA,2,nuclear,sun,clean,4,1,20,30,50,5,20,50,30,2,1,3,4,2,1,4,3,1,7,3,6,8,4,2,5,9,0,1,0,0,0,0,1,0,0,1
2026-03-26T15:44:00Z,2026-03-26T15:53:00Z,2026-04-02T15:53:00Z,90,527,0,R_1LYIL4llDFi6QTD,35467,2,1,1,0,0,0,0,0,NA,0,0,0,0,0,0,0,0,1,0,0,0,0,NA,0,0,1,0,0,0,0,0,NA,6,0,0,0,0,0,0,1,0,NA,4,0,1,0,1,0,0,0,0,NA,1,1,0,0,0,0,0,0,NA,4,5,4,4,1,0,0,0,1,0,NA,0,1,0,1,0,0,NA,1,1,0,0,0,0,NA,Economic costs,Realistic development timelines,3,Clean,Limitless energy supply,Complex,3,4,10,50,40,4,15,50,35,2,1,4,3,NA,NA,NA,NA,NA,NA,NA,NA,NA,NA,NA,NA,NA,NA,NA,NA,NA,NA,NA,NA,NA,NA,NA
2026-03-26T14:33:00Z,2026-03-26T14:47:00Z,2026-03-26T14:47:00Z,100,830,1,R_3ruHmZtlbgVf21l,61082,2,2,1,0,0,0,0,0,NA,0,0,0,0,0,0,1,0,0,0,0,0,0,NA,0,0,1,0,0,1,1,0,NA,5,0,1,0,0,1,1,0,0,NA,3,0,1,1,0,0,0,0,0,NA,0,0,0,0,1,1,0,0,NA,2,4,5,7,0,1,0,0,1,0,NA,1,1,0,0,0,0,NA,1,1,0,0,0,0,NA,Still associated with fission and its drawbacks; it has been promised to be delivered for a long time now; linkage to thermonuclear weapons.,Stop asking when it will be commercial; stop promising delivery in time horizons less than 10 years away.,3,Sun,Bomb,Radiation,2,1,30,20,50,4,60,20,20,2,1,3,4,3,2,4,1,7,8,2,5,3,9,6,1,4,0,1,0,0,0,0,0,1,0,1
2026-03-19T11:08:00Z,2026-03-19T11:26:00Z,2026-03-19T11:26:00Z,100,1084,1,R_7PjgU9dBq5Q4SLX,38398,2,2,1,1,0,0,1,0,NA,0,1,0,0,0,1,0,0,0,0,1,0,1,Ethics,0,0,0,1,0,0,1,0,NA,3,1,1,0,0,1,1,0,0,NA,3,1,0,0,0,0,0,0,0,NA,1,0,0,1,0,0,0,0,NA,1,5,5,5,1,1,0,0,0,0,NA,1,1,0,0,0,0,NA,0,0,1,0,1,0,NA,"Most people don't understand the difference between fusion and fission and therefore don't understand the risks, costs, or benefits.",The long-term risks of not developing fusion energy.,3,too costly,too dangerous,NA,2,3,55,30,15,4,60,20,20,4,2,1,3,3,4,2,1,5,8,7,6,9,2,3,4,1,0,0,0,0,0,0,1,1,0,1
2026-03-26T14:36:00Z,2026-03-26T15:05:00Z,2026-03-26T15:05:00Z,100,1787,1,R_5NIGQjQU4NPYUG4,56347,2,2,0,0,0,0,1,1,"I consult for investors, manufacturers, government and DoW on fusion.",1,1,1,0,1,1,1,0,1,1,1,1,0,NA,1,0,0,1,0,1,1,1,Investor and government relations ; fusion energy supply chain,5,1,1,1,1,1,1,0,0,NA,3,1,0,1,0,0,0,0,0,NA,0,1,0,0,1,1,0,0,NA,4,4,5,7,0,0,0,0,1,1,"The public has no conception of how these facilities work.  We need to be communicating constantly and constantly in a variety of different channels and forums about the value of fusion and the spin off technology, the supply chain and the associated jobs.o",0,0,0,1,0,1,Integrating these subsystems is a much bigger and more expensive challenge than most firms realize.,0,0,0,1,0,1,"In 1969 we put a man on the moon.  To do that, we invented Tang, pocket calculators, lightweight metals, etc. --  products that pushed the US economy and military dominance for 30+ Years after that.  Fusion energy is that big.  I don't care about the energy.  I care about the lasers, magnets, optics, switches and hundreds of other products that will spill into other markets and create American jobs.","That there is a lot of bad ideas out there - and how to handle a bad idea.  There will always be scientists willing to look at a bad idea AND scientists willing to excuse an idea out of hand.  There is an ivory tower aspect to fusion that we need to break free from.  Scientists are terrible communicators - it took me 10+ years to hone my written and public speaking skills in fusion, to reach a point where I could speak in front of students, the public and military leadership on this topic.  If I could change one thing about how fusion is taught and communicated in America, it would be to teach scientists how to discuss fusion topics in plain English for normal people - it is the classic "" Thanksgiving Dinner conversation "" problem that all PhD candidates have with their grandmother when asked what they do for research.

Plasma is a fluid that conducts electricity - it is not a ""scary"" or ""exotic"" medium to work with.  Fusion and fission are VASTLY different, which means the proliferation and environmental impact is far different and reduced when compared to conventional nuclear.  I also wish NNSA leadership was less adversarial when it came to creating these companies.  Commercial IFE will not create the kind of political or technical threat that NNSA thinks it will.",I wish the public would tune in.  I want us to form open communities of people and organizations to discuss this technology across the United states.  I want universities to stop acting like they know everything on this topic and I want to form better public-private partnerships between academics and startups.  Neither side has the complete picture -- all of us need to acknowledge the short comings of a specific technical solution.,1,Homer Simpson,Space age,Futuristic,3,1,10,50,15,4,10,15,35,2,1,3,4,2,3,1,4,6,7,2,8,9,1,5,3,4,0,1,0,1,0,1,0,0,0,0
2026-04-09T12:17:00Z,2026-04-10T11:18:00Z,2026-04-10T11:18:00Z,100,82889,1,R_7iPuq8gDRwocYvv,91798,2,2,0,0,1,0,0,0,NA,1,0,0,0,0,0,0,0,0,0,0,0,1,Theoretical nuclear physics,0,0,1,0,0,0,0,0,NA,3,1,1,0,0,1,1,0,0,NA,3,1,0,0,0,0,1,0,0,NA,0,1,0,0,0,0,1,0,NA,3,5,5,6,1,1,0,0,0,0,NA,1,1,0,0,0,0,NA,1,0,0,1,0,0,NA,"The dominant perception is that no matter how much money is invested, it will never occur. (""Thirty years away, and it always will be."")","That it's possible to get off fossil fuels. The current view, IMO, is that this will never happen.",3,atomic bomb,sun,Spiderman,2,3,20,40,20,4,20,30,30,1,4,3,2,3,2,4,1,8,4,3,6,5,1,7,2,9,0,1,0,0,0,0,1,0,1,0
2026-04-09T12:02:00Z,2026-04-09T12:20:00Z,2026-04-09T12:20:00Z,100,1075,1,R_6p3emtxybluINtD,81895,2,1,0,0,1,0,0,0,NA,0,0,0,0,0,0,0,0,0,1,0,0,0,NA,0,0,1,0,0,0,0,0,NA,4,1,0,0,0,0,0,0,0,NA,3,1,1,0,0,0,0,0,0,NA,0,0,0,1,1,0,0,0,NA,3,5,5,5,0,1,0,0,1,0,NA,1,0,1,0,0,0,NA,0,1,1,0,0,0,NA,NA,NA,2,sun,limitless,hot,4,3,25,50,25,4,30,35,35,4,1,2,3,1,4,2,3,6,7,5,2,9,3,1,4,8,0,1,0,0,0,0,1,1,0,0
2026-03-17T21:51:00Z,2026-03-17T21:54:00Z,2026-03-24T21:54:00Z,98,189,0,R_6RXkcyyPhfPdeJY,64904,2,2,1,0,0,0,0,0,NA,0,0,0,1,0,0,0,1,1,0,0,0,0,NA,0,0,1,0,1,1,0,0,NA,1,1,0,0,0,0,0,0,0,NA,4,0,1,0,1,1,1,0,0,NA,NA,NA,NA,NA,NA,NA,NA,NA,NA,3,3,3,3,1,0,0,1,0,0,NA,0,1,0,1,0,0,NA,0,1,0,1,0,0,NA,NA,NA,3,NA,NA,NA,3,3,NA,NA,NA,NA,NA,NA,NA,NA,NA,NA,NA,NA,NA,NA,NA,NA,NA,NA,NA,NA,NA,NA,NA,NA,0,1,0,0,0,0,1,0,0,0
2026-03-19T16:51:00Z,2026-03-19T17:06:00Z,2026-03-19T17:06:00Z,100,934,1,R_7pkXQkdVLcp5zTx,35598,2,2,0,0,0,0,0,1,retired,1,1,1,1,0,0,0,0,0,0,0,0,0,NA,0,0,1,0,0,1,0,0,NA,6,0,0,0,0,0,0,1,0,NA,3,1,0,0,1,0,0,0,0,NA,1,0,0,0,0,0,0,1,design optimization,1,5,5,7,0,1,0,0,1,0,NA,1,1,0,0,0,0,NA,1,0,0,0,1,0,NA,Fusion advantages over fission,Realistic methods and timelines to overcome technical and economic roadblocks,3,Why is it taking so long?,What are remaining barriers?,Is it safe?,3,3,25,50,25,3,5,5,90,NA,NA,NA,NA,2,1,3,4,6,5,3,1,7,9,4,2,8,0,0,0,0,0,0,1,0,1,1
2026-04-06T14:36:00Z,2026-04-06T14:43:00Z,2026-04-13T14:43:00Z,95,473,0,R_6NvQABbpx3diMCE,13869,1,1,1,0,0,0,0,0,NA,0,0,0,0,0,0,0,0,0,1,0,0,0,NA,0,1,1,0,0,0,1,0,NA,3,1,1,0,0,0,0,0,0,NA,4,1,1,0,0,0,0,0,0,NA,1,1,0,0,0,0,0,0,NA,3,2,5,7,0,0,1,0,1,0,NA,1,1,0,0,0,0,NA,1,1,0,0,0,0,NA,NA,NA,2,NA,NA,NA,NA,2,10,60,30,4,NA,NA,NA,NA,NA,NA,NA,3,2,1,4,NA,NA,NA,NA,NA,NA,NA,NA,NA,NA,NA,NA,NA,NA,NA,NA,NA,NA,NA
2026-04-09T11:20:00Z,2026-04-09T11:34:00Z,2026-04-09T11:34:00Z,100,804,1,R_30uTbuxN9G7zUUh,16407,2,2,1,0,0,0,0,0,NA,1,0,0,0,1,0,1,0,0,1,0,0,0,NA,0,0,1,0,1,1,1,0,NA,4,1,1,1,0,1,1,0,0,NA,3,0,1,0,0,1,1,0,0,NA,1,0,1,1,0,0,0,0,NA,3,2,5,6,0,1,0,0,1,0,NA,1,1,0,0,0,0,NA,0,0,1,0,1,0,NA,Fusion is not always 30 years away.,"Highlight how little funding is spent on fusion so far. It sounds like a large investment, but it is small compared to other fields and to the potential benefits.",2,radioactive,sun,future,3,2,5,50,45,3,30,20,50,2,1,3,4,1,3,2,4,1,8,3,5,7,9,2,4,6,0,0,0,0,0,0,0,0,1,0
2026-03-26T14:54:00Z,2026-03-26T15:03:00Z,2026-03-26T15:03:00Z,100,520,1,R_5pSCHVqBvUFVqU6,71602,2,2,0,0,1,0,0,0,NA,0,0,0,0,0,0,1,1,1,0,0,0,0,NA,0,1,1,0,0,1,0,0,NA,4,0,1,0,1,1,0,0,0,NA,3,1,1,0,0,0,0,0,0,NA,0,1,0,0,0,1,0,0,NA,3,4,5,6,1,1,0,0,0,0,NA,0,0,0,1,1,0,NA,0,0,0,1,1,0,NA,NA,NA,3,NA,NA,NA,3,1,NA,NA,NA,NA,NA,NA,NA,NA,NA,NA,NA,NA,NA,NA,NA,NA,NA,NA,NA,NA,NA,NA,NA,NA,NA,NA,NA,NA,NA,NA,NA,NA,NA,NA
2026-03-28T14:09:00Z,2026-03-28T14:29:00Z,2026-03-28T14:29:00Z,100,1230,1,R_68UjWMok4BLCS99,76527,2,2,0,0,0,0,1,0,NA,0,0,0,0,0,0,0,0,0,0,0,0,1,marketing and comms,1,0,0,0,0,0,0,0,NA,1,1,1,1,1,1,1,0,0,NA,3,1,0,0,0,1,0,0,0,NA,0,1,0,1,0,0,0,0,NA,1,3,5,7,0,0,1,0,0,1,Losing out to China for first to fusion,0,1,0,1,0,0,NA,0,1,0,0,1,0,NA,"Fusion is either unknown, viewed as too far away, or confused with fission.","Fusion is right around the corner, not 30 years away.",4,clean,holy grail,30 years away,4,1,0,30,50,3,10,30,50,NA,NA,NA,NA,3,1,2,4,9,7,2,5,4,1,8,3,6,0,1,0,0,0,0,1,0,1,0
2026-03-19T10:40:00Z,2026-03-19T11:20:00Z,2026-03-19T11:20:00Z,100,2407,1,R_62i8IxEQkQaSHPr,70292,2,2,0,0,0,1,0,0,NA,0,0,0,0,0,0,0,0,1,0,1,1,0,NA,0,0,0,1,0,0,1,0,NA,2,1,1,1,1,1,1,0,0,NA,3,1,0,0,0,0,0,0,1,Engineering and design of power conversion systems (converting fusion reactions to usable power),0,1,1,0,0,0,0,0,NA,2,5,4,6,0,0,1,0,1,0,NA,0,1,0,1,0,0,NA,1,0,1,0,0,0,NA,"The major aspects of fusion energy that are most commonly misunderstood by non-experts include both the benefits and drawbacks of fusion. I think among fusion proponents, there is a tendency to sell fusion has having no safety concerns, no waste issues, and no non-proliferation concerns that can provide unlimited, low cost clean energy. While I believe that fusion energy can provide reliable clean energy, I think that it will come at a relatively high cost (but still valuable and possibly competitive as  and will need to address real (but manageable) safety, waste, and non-proliferation considerations that will take engineering and policy work to address. On fusion skeptics, I think the aspects that are most commonly misunderstood are the timelines for fusion energy (often thinking fusion energy is farther off than 2035-2040) and the differences between fission and fusion (lots of conflation on safety, risk, and waste).","I think it would want to try to have a more rational conversation around costs, benefits, and risks that help set realistic expectations for fusion energy. I worry that marketing claims made by some fusion experts will create expectations that, while they support private investment initially, may not support the substantial government policy and support necessary for commercialization and initial deployment. It the public loses trust in cost, performance, deployment timeline, or safety/waste/siting, I worry that it will be difficult to rebuilt the support for subsequent projects. Could companies saying ""power on the grid in 2028 and it'll be cheaper than natural gas"" could be a ""too cheap to meter"" for fusion energy.",2,Nuclear,Power,Future,3,2,10,30,60,4,15,15,70,1,3,2,4,3,1,2,4,7,8,5,2,4,6,9,1,3,0,1,0,0,0,0,1,0,0,1
2026-04-06T16:01:00Z,2026-04-06T16:20:00Z,2026-04-06T16:20:00Z,100,1096,1,R_53DacPz8xoj92IS,59637,2,2,1,0,1,0,0,0,NA,1,0,0,0,0,0,0,0,0,1,0,0,1,Energy policy,0,0,1,1,0,0,0,0,NA,5,1,1,0,0,1,1,0,0,NA,4,1,1,0,0,0,0,0,0,NA,1,1,1,1,0,1,0,0,NA,3,4,3,4,0,0,0,0,1,1,cost(s)-benefit(s),1,1,0,0,0,0,NA,1,0,1,0,0,0,NA,The very low risks regarding nuclear proliferation and associated with radioactive waste and decommissioning when dealing with fusion power (whether magnetic confinement or inertial),It's still in many ways a technology that requires fundamental breakthroughs on the science end (especially in material science),3,futuristic,always just around the corner,hype,2,2,20,50,30,4,20,50,30,2,1,4,3,2,1,4,3,8,4,3,1,6,7,9,2,5,0,0,0,0,0,1,0,1,1,0
2026-04-06T16:20:00Z,2026-04-06T16:31:00Z,2026-04-13T16:31:00Z,98,633,0,R_7uhiVPsqhsSdJ8R,87380,2,1,1,0,0,0,0,0,NA,0,0,0,0,0,0,0,0,0,1,0,0,0,NA,0,0,1,0,0,0,0,0,NA,6,1,1,0,0,1,0,0,0,NA,3,1,0,0,1,0,0,0,0,NA,1,0,0,0,0,0,1,0,NA,1,4,5,7,0,0,1,0,1,0,NA,1,1,0,0,0,0,NA,1,0,0,0,1,0,NA,NA,NA,3,always 20 years away,potential advantages,futuristic,2,2,50,25,25,4,25,50,25,2,1,3,4,2,1,3,4,2,4,5,1,7,9,3,8,6,0,1,0,0,0,1,1,0,0,0
2026-03-22T19:01:00Z,2026-03-22T19:36:00Z,2026-03-22T19:36:00Z,100,2086,1,R_7NHEt158drGCD6N,41934,2,2,0,0,1,0,0,0,NA,1,0,0,0,0,0,0,0,0,1,0,0,0,NA,0,0,1,0,0,0,0,0,NA,1,0,0,0,0,0,0,1,0,NA,4,1,0,1,0,0,0,0,0,NA,1,0,1,0,0,0,0,0,NA,4,4,5,6,0,0,0,0,1,1,"Sorry, I didn't know whether to interpret ""risk"" as in ""will it work?"" or ""will it have negative consequences?"" I think the risks of negative consequences are manageable, but the risks of *cost-competitive* fusion energy being achievable are high",1,1,0,0,0,0,NA,0,0,1,0,1,0,NA,distinction between fusion/fission,"perception of lack of progress on fusion energy, perception that the expectation was for straightforward/easy development of the technology. Surprises certainly appeared, but a need for significant capital investment was understood as far back as the 70's, and that level of funding was never actually invested. (Not to discount that significant capital investment really is required)",3,nuclear,cold,science fiction,4,3,25,45,30,6,30,30,40,1,3,2,4,2,1,4,3,5,2,6,1,3,8,7,4,9,0,0,0,0,0,0,1,1,1,0
2026-03-19T09:51:00Z,2026-03-19T09:58:00Z,2026-03-19T09:58:00Z,100,399,1,R_6t4YMGZkejuf1gT,98426,2,2,0,0,0,0,1,0,NA,1,0,0,0,0,0,0,0,0,1,0,0,0,NA,1,0,0,0,0,0,0,0,NA,1,0,1,1,1,1,1,0,0,NA,3,0,1,1,1,0,1,0,0,NA,1,1,1,1,0,0,0,0,NA,1,5,5,7,1,1,0,0,0,0,NA,1,0,1,0,0,0,NA,1,0,0,1,0,0,NA,The difference btw fission and fusion,Lessen the hype,4,Safety,Does it work?,When,3,1,35,50,15,4,20,30,50,3,1,4,2,3,1,4,2,NA,NA,NA,NA,NA,NA,NA,NA,NA,0,0,0,0,0,1,0,1,1,0
2026-04-06T15:31:00Z,2026-04-06T15:50:00Z,2026-04-06T15:50:00Z,100,1129,1,R_670WH1gXVJmU5JP,24961,2,1,0,0,1,0,0,0,NA,1,0,0,0,0,0,0,0,0,0,0,0,0,NA,0,0,1,0,0,0,0,0,NA,6,1,0,0,0,0,0,0,0,NA,3,1,0,0,0,0,0,0,0,NA,0,1,0,0,0,0,0,0,NA,1,4,5,7,0,0,1,0,1,0,NA,1,1,0,0,0,0,NA,1,0,0,0,1,0,NA,The difficulty in obtaining the conditions needed for fusion reactions and the harsh environment the facility must endure.,The idea that any fusion start up will put energy on the grid in 5 years,1,NA,NA,NA,NA,3,10,30,60,2,10,40,60,1,2,3,4,2,1,3,4,7,4,8,5,2,9,6,1,3,NA,NA,NA,NA,NA,NA,NA,NA,NA,NA
2026-03-31T16:06:00Z,2026-04-01T07:02:00Z,2026-04-01T07:02:00Z,100,53707,1,R_1hzrj9pD3HrWPFx,64941,2,2,1,0,0,0,0,0,NA,1,0,0,0,0,0,1,0,0,0,0,0,0,NA,0,0,1,0,0,1,0,0,NA,3,1,0,0,0,1,0,0,0,NA,4,0,1,0,1,1,0,0,0,NA,0,0,1,0,0,1,0,0,NA,1,5,4,6,1,1,0,0,0,0,NA,1,0,1,0,0,0,NA,0,1,0,1,0,0,NA,The differences with traditional nuclear energy.,NA,1,sun,limitless,clean,4,1,20,50,30,5,25,35,40,NA,NA,NA,NA,NA,NA,NA,NA,NA,NA,NA,NA,NA,NA,NA,NA,NA,1,0,0,1,0,0,1,0,0,0
2026-03-19T11:33:00Z,2026-03-19T13:22:00Z,2026-03-19T13:22:00Z,100,6533,1,R_6nPMvIzfZSQiPtf,80149,2,2,1,0,0,0,0,0,NA,0,0,0,0,1,0,0,0,0,1,0,0,0,NA,0,0,1,0,0,1,1,0,NA,4,1,1,1,0,0,1,0,0,NA,3,1,1,1,0,0,1,0,0,NA,0,0,0,1,1,0,1,0,NA,3,4,5,7,1,1,0,0,0,0,NA,1,0,1,0,0,0,NA,1,0,0,0,1,0,NA,The difference in risk between fission and fusion power stations is always a point to be clearly made. The very low (but not zero) relative risk of fusion should be explained and in the public consciousness,"For many these questions, the answer is strongly dependent on which non-expert you are engaging. E.g. A member of the public vs a House representative. The quite accurate image that fusion is ""not quite there yet"" is slowly changing, and had been accelerated by the private sector. More of this, and promotion of it, is very useful as we are close to the point where non-experts might be employed by the fusion industry regularly",3,future energy source,unlimited energy,expensive,3,2,5,80,15,4,5,70,25,1,2,3,4,1,3,4,2,7,6,2,3,9,8,4,5,1,0,0,0,0,0,0,1,0,1,1
2026-04-09T11:57:00Z,2026-04-09T12:20:00Z,2026-04-09T12:20:00Z,100,1418,1,R_5cAZOApixrG32ug,35681,2,2,0,0,1,0,0,0,NA,1,0,0,0,0,0,0,0,0,0,0,0,0,NA,0,0,1,0,0,1,0,0,NA,3,1,0,0,0,0,0,1,0,NA,3,1,1,0,0,0,0,0,0,NA,0,0,0,1,1,0,0,0,NA,1,3,5,7,0,0,0,0,1,1,"Uncertain, potentially very large initial cost",1,1,0,0,0,0,NA,0,1,0,1,0,0,NA,"Inevitability, that the ""always will be"" in ""fusion energy is 20 years away and always will be"" is categorically false, and a defeatist attitude will lead to losing the commercial fusion energy race, which could have catastrophic effects on the nation's economic and environmental well being.","To instill a will to press forward in spite of immense challenge, to view this race in the same light as the space race of the 60s and 70s, a national imperative.",3,difficult,important,impossible,2,5,10,30,60,4,20,40,40,2,4,1,3,1,2,4,3,5,7,4,2,9,8,6,1,3,0,1,0,0,0,0,1,1,0,0
2026-03-30T16:36:00Z,2026-03-30T16:57:00Z,2026-04-06T16:57:00Z,98,1277,0,R_6M6C2xtWdmSo4wL,59446,2,2,1,0,0,0,0,0,NA,1,0,0,0,1,0,0,0,0,1,0,0,0,NA,0,0,1,0,0,0,0,0,NA,6,1,0,0,0,0,0,0,0,NA,5,1,0,0,1,0,0,0,0,NA,1,0,0,0,0,0,0,0,NA,4,4,4,2,0,0,1,0,1,0,NA,1,1,0,0,0,0,NA,1,1,0,0,0,0,NA,"We are still a long way from achieving the conditions for a self-sustaining reaction, a much less something that is commercially viable.",I would lower the perception that we are almost there.,1,clean (or green),NA,NA,4,3,20,40,40,3,20,30,50,1,4,2,3,3,1,2,4,9,6,7,1,2,8,4,3,5,0,0,0,0,0,0,1,0,1,1
2026-03-19T10:17:00Z,2026-03-19T10:27:00Z,2026-03-19T10:27:00Z,100,585,1,R_85HBTihvu6y31os,84034,2,2,1,0,0,0,0,0,NA,0,0,0,0,0,0,0,0,0,1,1,0,0,NA,0,0,1,1,0,0,0,0,NA,4,1,1,0,1,1,1,0,0,NA,4,1,1,0,0,0,0,0,0,NA,0,0,0,1,0,1,0,0,NA,3,3,4,3,0,0,0,1,1,0,NA,1,1,0,0,0,0,NA,1,0,0,0,1,0,NA,safety,cost,2,sun,atomic bomb,teller,2,1,10,50,40,4,30,50,20,NA,NA,NA,NA,3,1,2,4,7,6,2,3,8,9,4,1,5,0,0,0,0,0,1,0,0,1,0
2026-04-08T16:44:00Z,2026-04-08T16:56:00Z,2026-04-15T16:56:00Z,98,700,0,R_5iWlxhmFYzVWd2j,93170,2,2,0,0,1,0,0,0,NA,0,0,0,0,0,0,0,1,0,0,0,0,0,NA,0,1,1,0,0,1,0,0,NA,5,0,0,0,0,0,0,1,0,NA,4,0,1,0,0,0,1,1,0,NA,1,0,1,0,0,0,0,0,NA,1,5,5,7,0,0,0,1,1,0,NA,1,0,1,0,0,0,NA,1,0,0,0,1,0,NA,Level of difficulty and technological investment required.,Set better expectations on timing and energy relevance.,2,Cost,Safety,Security,2,3,20,40,40,4,20,30,50,2,4,3,1,1,2,3,4,5,8,6,2,7,3,4,9,1,0,1,0,0,0,1,0,0,0,1
2026-03-27T08:56:00Z,2026-03-27T09:42:00Z,2026-03-27T09:42:00Z,100,2732,1,R_5ymyvRlRAeOJJmh,22882,2,2,0,0,0,0,1,0,NA,0,0,1,0,0,0,0,0,0,0,0,0,0,NA,0,0,0,0,0,1,0,0,NA,2,0,0,1,0,0,0,0,0,NA,2,0,0,0,0,1,1,0,0,NA,1,0,0,1,0,0,0,0,NA,2,2,4,6,1,1,0,0,0,0,NA,1,0,0,0,1,0,NA,0,0,0,1,1,0,NA,"I spoke with several non-researchers and found that many are unfamiliar with the difference between fusion and fission, as well as the motivation for developing fusion energy rather than relying directly on solar energy technologies like solar cells.",I would like to introduce thermal fusion to the public and help them develop a basic understanding of it.,3,what's the fusion?,risk,benefit,3,2,20,50,30,3,10,30,60,4,3,2,1,1,3,4,2,3,4,8,7,5,9,6,2,1,0,1,0,0,0,0,0,0,0,0
2026-03-26T16:26:00Z,2026-03-26T16:40:00Z,2026-03-26T16:40:00Z,100,845,1,R_5dSaBuxENziPzYl,18200,2,2,0,0,0,0,1,0,NA,0,0,0,0,0,1,0,0,0,0,0,0,0,NA,1,0,0,0,0,0,0,0,NA,1,1,1,1,1,1,1,0,0,NA,2,1,1,0,0,0,0,0,0,NA,0,1,1,1,1,0,0,0,NA,2,4,5,7,1,0,0,0,1,0,NA,1,1,0,0,0,0,NA,1,0,0,1,0,0,NA,"Scale of costs, technical risks, and benefits",More as a revolutionary breakthrough technology that will change the world,4,Breakthrough,Scientific,NA,5,2,40,20,40,1,40,20,40,2,4,3,1,3,2,4,1,6,7,5,4,3,9,1,2,8,0,1,0,0,0,0,1,1,0,0
2026-03-17T14:14:00Z,2026-03-17T14:21:00Z,2026-03-17T14:21:00Z,100,446,1,R_6H8LYaLIYJhJv16,54896,2,2,0,0,1,0,0,0,NA,1,0,0,0,1,0,0,0,0,1,0,0,0,NA,0,0,1,0,0,0,1,0,NA,3,1,1,0,0,0,1,0,0,NA,3,1,0,0,0,0,1,0,0,NA,0,0,1,1,0,0,0,0,NA,3,5,4,5,0,1,0,0,1,0,NA,1,0,1,0,0,0,NA,0,0,1,0,1,0,NA,NA,NA,3,Beneficial,Challenging,Exciting,4,1,30,30,30,4,30,30,30,4,2,1,3,1,3,4,2,7,8,3,5,9,4,6,2,1,0,0,0,0,0,0,1,0,1,1
2026-03-19T09:39:00Z,2026-03-19T12:12:00Z,2026-03-19T12:12:00Z,100,9177,1,R_1CxKATBMi04hNZr,50099,2,2,1,0,0,0,1,0,NA,1,0,0,0,1,0,0,0,0,1,0,0,0,NA,1,1,1,0,0,1,0,0,NA,2,1,1,1,0,1,1,0,0,NA,3,1,0,0,1,1,0,1,0,NA,1,1,1,1,1,1,1,0,NA,2,4,5,7,0,0,1,1,0,0,NA,1,1,0,0,0,0,NA,1,0,0,0,1,0,NA,People often have trouble understanding the difference between fission and fusion,"We should be clear with the public that fusion is a nuclear technology. People saying that 'fusion is the opposite of nuclear' is counter productive! I think we need to give more nuclear education to the general public (fission, fusion energy; nuclear medicine; etc)",3,Clean energy,Nuclear,advanced,4,3,10,10,80,4,5,10,85,1,2,4,3,1,3,2,4,5,8,4,2,7,6,3,1,9,1,1,0,0,0,0,0,0,0,1
2026-03-21T10:39:00Z,2026-03-21T10:51:00Z,2026-03-28T10:51:00Z,70,720,0,R_3foJPq1vDlLH39V,62333,2,2,1,0,0,0,0,0,NA,0,0,0,0,0,0,0,0,0,0,0,0,1,Communication & Community Engagement,0,0,0,0,0,0,1,0,NA,1,1,1,0,0,0,0,0,0,NA,4,1,1,1,1,1,1,1,0,NA,1,1,1,1,1,1,1,0,NA,2,5,5,7,0,0,1,0,1,0,NA,1,0,0,1,0,0,NA,1,0,0,0,1,0,NA,How it works / how it differs from fusion + why there are challenges to achieving grid-scale power,Help people understand the difference between fission and fusion,3,Clean,Expensive,Risky,3,2,NA,NA,NA,NA,NA,NA,NA,NA,NA,NA,NA,NA,NA,NA,NA,NA,NA,NA,NA,NA,NA,NA,NA,NA,NA,NA,NA,NA,NA,NA,NA,NA,NA,NA
2026-04-20T08:29:00Z,2026-04-22T15:26:00Z,2026-04-22T15:26:00Z,100,197866,1,R_1iFrecn18vZ4SQR,58021,2,2,1,0,0,0,0,0,NA,0,0,0,0,0,0,1,0,0,1,0,0,0,NA,0,0,1,0,0,0,1,0,NA,2,1,0,0,0,1,0,0,0,NA,3,1,1,0,0,0,0,0,0,NA,0,0,0,1,0,0,1,0,NA,3,4,5,5,1,1,0,0,0,0,NA,1,0,0,1,0,0,NA,1,0,1,0,0,0,NA,NA,NA,3,radiation,nuclear,renewable,2,2,65,40,30,3,45,20,50,NA,NA,NA,NA,2,3,4,1,1,3,6,4,9,8,5,2,7,1,0,0,0,0,0,0,0,0,1
2026-03-19T10:13:00Z,2026-03-19T10:36:00Z,2026-03-19T10:36:00Z,100,1383,1,R_3EthAhqy0xmpRu1,11653,2,2,1,0,0,0,0,0,NA,0,1,0,0,0,0,0,1,0,0,0,0,1,Manufacturing,1,0,0,0,0,1,1,0,NA,1,1,0,1,1,0,0,0,0,NA,3,1,0,0,1,0,0,0,0,NA,0,0,1,0,0,1,0,0,NA,4,4,5,7,0,0,0,0,1,1,Economic breakeven risk (not having a net return on investment for a long period),1,1,0,0,0,0,NA,0,1,0,0,1,0,NA,Timeline: Either expecting it to be very quick or expecting it to never happen. Experts lie somewhere in between on the order of 1-2 decades not centuries or years.,"Fusion energy has experienced a step change in the last 5 years. For example, net energy gain has been demonstrated with inertial fusion, which has led to an urgency in translating the science into practical fusion energy pilot plants. The discussion needs to highlight that recent advances are not incremental changes in the fusion landscape. Fusion energy is at a critical juncture; lack of investment now will lead to permanent loss of national competitive advantage that the US currently enjoys.",3,Science Fiction,Sun,Nuclear,2,1,30,60,30,6,40,50,10,4,2,1,3,1,2,3,4,3,6,4,5,7,2,8,9,1,0,0,0,0,0,1,1,0,1,0
2026-04-07T12:21:00Z,2026-04-07T12:34:00Z,2026-04-14T12:34:00Z,98,815,0,R_13CqBQJBFkOkTBx,25243,2,2,0,0,1,0,0,0,NA,0,0,0,0,0,0,0,0,0,0,0,0,1,Targets,0,1,1,0,0,1,0,0,NA,5,1,1,1,1,1,1,0,0,NA,5,0,0,0,1,1,1,0,0,NA,1,1,1,0,0,0,1,0,NA,4,5,3,2,0,0,0,0,1,1,Economic competition,0,1,0,1,0,0,NA,1,0,1,0,0,0,NA,Development of supply chains to supply critical components is most commonly misunderstood by non-experts and experts alike.,"Economic competitiveness of fusion energy in the time scale needed to develop it should be discussed more. Economic models for fusion energy are highly optimistic, and the competition they will face when the first plant is complete will be even higher than today.",2,clean abundant energy,energy of the future,NA,5,4,20,30,50,3,30,40,30,NA,NA,NA,NA,2,3,4,1,8,9,4,6,7,2,5,3,1,0,1,0,0,0,0,0,1,0,1
2026-04-07T10:49:00Z,2026-04-07T10:58:00Z,2026-04-07T10:58:00Z,100,515,1,R_1kSyfhZzdFl8mWI,86887,2,2,0,0,1,0,0,0,NA,1,0,0,0,0,0,0,0,0,1,0,0,0,NA,0,0,1,0,0,0,1,0,NA,5,1,0,0,0,0,0,0,0,NA,3,1,0,0,0,0,0,0,0,NA,1,0,0,0,0,0,0,0,NA,5,4,3,5,0,0,1,0,1,0,NA,1,1,0,0,0,0,NA,1,1,0,0,0,0,NA,"Fusion is much harder physically than fission, and will likely be more expensive.  It will also likely not be safer, since fission is very safe.","Than fusion is likely a worse option than fission, and we should be aggressively expanding existing fission technology.",3,clean,limitless,cheap,4,3,35,30,35,3,35,30,35,NA,NA,NA,NA,2,4,3,1,4,6,1,5,9,7,2,3,8,0,0,0,0,0,0,1,1,1,0
2026-03-26T17:10:00Z,2026-03-26T18:17:00Z,2026-03-26T18:17:00Z,100,4023,1,R_3wno64z9v4EQtWV,31126,2,1,0,0,1,0,0,0,NA,0,0,0,0,0,0,1,0,0,0,0,0,0,NA,0,0,1,0,0,1,0,0,NA,6,0,0,0,0,0,0,1,0,NA,3,1,1,0,0,0,0,0,0,NA,0,0,1,1,0,0,0,0,NA,4,4,4,5,0,1,0,0,1,0,NA,1,0,0,0,1,0,NA,0,0,1,0,1,0,NA,People think that fusion energy does not produce radiological waste but it does but the half lives are shorter.,Be more realistic about the materials needs and the waste produced coupled with the realistic times before this will be realized as an energy source in the future.,2,the sun,Iron Man,less nuclear waste,4,4,20,40,55,3,25,30,50,1,4,2,3,3,2,1,4,5,9,1,3,7,6,4,2,8,0,0,0,0,0,0,0,1,1,1
2026-04-06T17:47:00Z,2026-04-06T17:56:00Z,2026-04-06T17:56:00Z,100,523,1,R_3CUkirRRKheEWlj,57547,2,1,1,0,0,0,0,0,NA,1,0,0,0,0,0,0,0,0,1,0,0,0,NA,0,0,1,0,0,0,0,0,NA,5,0,1,0,0,0,0,0,0,NA,3,1,1,0,0,0,0,0,0,NA,0,0,0,1,1,0,0,0,NA,2,3,4,6,0,1,0,0,1,0,NA,1,0,0,1,0,0,NA,1,0,1,0,0,0,NA,"The fundamental difference between fission and fusion is still not understood by most people.  Without that knowledge it's difficult, if not impossible, to appreciate other aspects.",NA,2,radiation,bomb,nuclear,1,2,20,60,20,1,20,60,20,1,4,2,3,2,3,4,1,4,6,3,1,9,7,5,2,8,0,0,0,0,0,0,1,1,1,0
2026-03-31T20:41:00Z,2026-03-31T21:17:00Z,2026-03-31T21:17:00Z,100,2191,1,R_5M5Vpn86LiBhAFL,35799,2,2,1,0,0,0,0,0,NA,0,0,0,0,0,0,1,0,0,0,1,1,0,NA,0,0,0,1,0,0,0,0,NA,2,1,0,0,0,0,0,0,1,Nuclear Policy Think Tanks,3,1,1,0,0,0,0,0,0,NA,0,0,1,1,0,0,0,0,NA,2,5,4,5,0,1,0,0,0,1,National Security Risks (e.g. China becoming global fusion leader),1,0,0,1,0,0,NA,0,1,0,0,1,0,NA,"Many of the most mature D-T fusion concepts require substantial tritium inventories to startup and begin producing their own fuel. The global tritium resources available to supply these tritium inventories can only support a few large-scale pilot/demo plants. If these few technologies fail or are delayed before they begin breeding their own tritium for fuel, then it will require several years for the world to produce sufficient tritium to try again.","If we continue cynically accepting that fusion is 30 years away, when it finally becomes a viable commercial source of energy, we may be socially, politically, and technologically unprepared to incorporate it into our energy mix. We should entertain the possibility of a fusion future not because it is inevitable but because if we don't, we may not be prepared to optimize its benefits.",3,future,complex,limitless,5,3,10,25,65,4,25,20,55,1,4,3,2,2,3,4,1,8,4,2,3,6,9,5,1,7,0,0,1,0,0,0,0,0,1,1
2026-04-09T11:31:00Z,2026-04-09T11:55:00Z,2026-04-09T11:55:00Z,100,1420,1,R_3cq0fgbGRMt41C7,24023,2,2,0,0,0,0,0,1,Retired consultant & Adjunct Professor/lecturer,1,0,0,0,0,0,0,0,1,1,0,0,0,NA,0,0,1,0,0,0,1,0,NA,6,1,0,1,1,1,0,0,0,NA,4,1,0,1,0,0,1,0,0,NA,0,1,1,0,0,1,0,0,NA,3,4,3,5,0,0,0,1,1,0,NA,1,0,0,1,0,0,NA,1,0,0,1,0,0,NA,"Fuel is not free - there is a shortage of tritium and no established breeding/processing capability. Further, tritium is radioactive and people don't have have knowledge to discriminate between actinides and fission products and tritium.","Stop the over hype that electricity will be on the grid in a few years. Fission reactors are available today, have enhanced safety, and waste is not a real issue ....fusion will be developed, but it is not a near term solution.",3,"clean, limitless, cheap",safe - no meltdowns,the energy of the future,4,4,25,45,30,2,30,35,35,4,2,1,3,4,1,2,3,6,7,4,1,8,3,5,2,9,0,0,0,0,0,1,0,1,1,0
2026-04-09T13:59:00Z,2026-04-09T14:18:00Z,2026-04-16T14:18:00Z,98,1142,0,R_7qbZLWjnbSQvQoF,60079,2,2,0,0,0,0,0,1,Journalist and former tech association leader,0,0,0,0,0,1,0,0,0,0,0,0,1,Communications,0,0,0,0,0,0,0,1,I have covered developments in fusion for a long time,3,0,1,0,1,1,1,0,0,NA,2,1,0,0,1,0,0,0,0,NA,0,1,1,0,0,0,0,0,NA,2,4,4,6,0,1,0,1,0,0,NA,1,1,0,0,0,0,NA,1,1,0,0,0,0,NA,Operational safety will be strong if its reaches the point where significant energy output is possible,"There are intermediate steps before it's a reliable energy source, such as nuclear medicine",4,Safe,Reliable,Costly,3,3,10,30,60,5,10,20,70,3,2,1,4,1,2,3,4,9,5,4,1,8,7,3,6,2,0,1,0,0,0,0,0,1,1,0
2026-04-09T12:09:00Z,2026-04-09T12:23:00Z,2026-04-09T12:23:00Z,100,870,1,R_7X6Qc7etD8e616F,32696,2,1,0,0,0,0,1,0,NA,0,0,0,0,1,0,1,0,0,1,0,0,0,NA,0,0,1,0,0,1,0,0,NA,4,1,1,1,1,0,0,0,0,NA,3,0,1,0,0,0,1,0,0,NA,0,0,1,0,1,0,0,0,NA,4,3,5,7,0,1,0,1,0,0,NA,1,0,1,0,0,0,NA,1,1,0,0,0,0,NA,"(1) The level of investment in fusion energy is incredibly low by the standards of other more mature energy industries.  This is arguably the primary reason for the slow progress.

(2) Not all concepts are created equal.  Fusion energy concepts other than tokamaks and MAYBE stellarators have basically zero chance of success.",Inertial fusion experiments like NIF should not be allowed to mislead the public into thinking they have promise for energy development.  They are weapons programs.,3,nuclear,accident,expensive,3,2,20,50,30,2,40,40,20,1,3,4,2,3,4,2,1,4,7,3,2,8,6,5,1,9,0,0,0,0,0,0,0,1,1,1
2026-03-26T15:17:00Z,2026-03-27T10:13:00Z,2026-03-27T10:13:00Z,100,68165,1,R_7KqAig1OPk9HlUS,82961,2,2,0,1,0,0,0,0,NA,0,0,0,0,0,0,0,0,0,0,1,1,0,NA,1,1,0,1,1,1,1,0,NA,6,0,1,1,0,1,1,0,0,NA,4,1,1,0,0,1,0,0,1,Plan for an integrated approach towards an integrated fusion test facility,0,0,1,0,0,1,0,1,Downselect driver option if you want to organize a consolidated Manhattan or Apollo approach to fusion energy,4,5,5,7,1,1,0,0,0,0,NA,1,1,0,0,0,0,NA,0,1,0,1,0,0,NA,"How it works and what the key advantages are (sustainable, reliable, safe)",Unique capability to scale and meet raising energy demand supporting infrastructure and data centers,2,distant future,sun,cold fusion,3,1,40,20,40,3,30,20,50,4,1,3,2,1,2,4,3,7,9,5,3,6,2,4,8,1,0,1,0,0,0,0,0,0,1,1
2026-03-17T14:17:00Z,2026-03-18T13:07:00Z,2026-03-25T13:07:00Z,98,82186,0,R_6c1CcbBNxBw9v0Z,79774,2,2,1,0,0,0,0,0,NA,1,0,0,0,0,0,0,0,0,1,0,0,0,NA,0,1,1,0,0,0,1,0,NA,5,1,1,0,1,1,0,0,0,NA,3,1,1,0,1,1,1,1,0,NA,1,1,1,1,1,1,1,0,NA,3,5,5,5,0,0,0,1,1,0,NA,1,0,0,1,0,0,NA,0,1,0,1,0,0,NA,"Readiness of the technology. There are still multiple technological gaps, like T breading for example, that needs to be solved.",Tone down the hype. Have a realistic discussions about the challenges and the necessity for R&D,3,security,future,safety,4,2,20,30,50,2,20,20,60,2,4,1,3,3,2,4,1,5,7,3,1,6,8,4,2,9,0,1,0,0,0,0,1,0,0,1
2026-04-09T11:45:00Z,2026-04-09T12:01:00Z,2026-04-09T12:01:00Z,100,983,1,R_5NEqWcs1RWcJ5Xa,98321,2,2,0,0,1,0,0,0,NA,0,0,0,0,0,0,0,0,0,0,1,0,0,NA,0,0,0,1,0,0,0,0,NA,6,1,1,1,0,1,1,0,0,NA,4,1,0,1,0,0,0,0,0,NA,1,0,1,0,0,0,0,0,NA,3,5,5,4,1,0,0,0,1,0,NA,0,1,0,0,1,0,NA,1,1,0,0,0,0,NA,Perceived similarity to fission in terms of risks and impact.,Long-term impact of deploying fusion energy should be emphasized much more than short-term potential.,2,50 years away and always will be,Sun on earth,Don't understand it but sounds awesome,4,4,20,30,50,4,20,30,50,1,2,3,4,2,4,3,1,2,3,5,4,1,8,6,7,9,1,0,0,0,0,0,1,0,0,1
2026-03-19T11:21:00Z,2026-03-19T11:54:00Z,2026-03-19T11:54:00Z,100,2021,1,R_1U7h7x2XPAc8vjX,43914,2,2,1,0,0,0,0,0,NA,1,0,1,0,0,0,1,0,0,1,0,0,0,NA,0,0,1,0,0,1,1,0,NA,5,1,0,0,0,0,0,0,0,NA,3,1,1,0,0,0,0,0,0,NA,0,1,1,0,0,0,0,0,NA,4,4,5,2,0,0,1,0,1,0,NA,0,1,0,0,1,0,NA,1,0,0,0,1,0,NA,Many non-experts do not understand the difference between fusion and fission.,More emphasis on the need for baseload electricity generation that fusion could provide for industry/data centers.,3,Sci-Fi,Fission,Energy of the future and always will be,2,2,25,50,25,6,10,80,10,4,2,1,3,2,3,4,1,4,9,6,7,3,1,8,5,2,0,0,0,0,0,0,1,1,1,0
2026-03-28T09:56:00Z,2026-03-28T10:09:00Z,2026-03-28T10:09:00Z,100,734,1,R_6OPPzejPK2iJeWo,54072,2,2,0,0,0,0,1,0,NA,0,0,0,0,0,0,0,0,0,1,0,0,0,NA,0,1,1,1,0,1,0,0,NA,5,1,1,1,0,1,1,0,0,NA,3,1,1,1,0,1,0,1,0,NA,0,0,1,1,1,1,1,0,NA,2,4,5,7,0,0,1,1,0,0,NA,1,1,0,0,0,0,NA,0,1,0,1,0,0,NA,NA,NA,3,Energy of the future,Over hyped,Clean enegy,4,2,25,40,35,3,15,25,60,1,4,2,3,4,1,2,3,9,2,4,3,1,7,6,5,8,0,1,0,1,0,0,0,1,0,0
2026-03-19T13:06:00Z,2026-03-19T13:19:00Z,2026-03-19T13:19:00Z,100,776,1,R_1geDtOmb1RpD3RT,71764,2,2,0,0,1,0,0,0,NA,0,0,0,0,0,0,1,0,0,0,0,0,0,NA,0,0,1,0,0,1,0,0,NA,1,1,0,1,1,0,1,0,0,NA,4,1,1,0,0,0,0,0,0,NA,0,0,1,0,0,1,0,0,NA,4,5,5,6,0,1,0,0,1,0,NA,1,1,0,0,0,0,NA,1,0,0,0,1,0,NA,"There are multiple approaches towards fusion energy (IFE, MFE, etc.).",Most discussion focusing on tokomak. Many other methods need to be considered and compared based on scientific merits and engineering feasbility.,2,Nuclear,Clean energy,Future,4,5,20,30,50,5,30,30,40,NA,NA,NA,NA,3,4,2,1,5,6,3,1,7,8,4,2,9,0,1,0,0,0,1,0,0,0,1
2026-03-26T15:35:00Z,2026-03-26T17:55:00Z,2026-04-02T17:55:00Z,98,8427,0,R_7xJBoS7xZZTXPcm,78064,2,2,0,0,1,0,0,0,NA,1,0,0,0,0,0,0,0,0,1,0,0,0,NA,0,0,1,0,0,0,0,0,NA,3,1,0,1,0,1,0,0,0,NA,3,1,1,0,0,0,0,0,0,NA,0,0,1,1,0,0,0,0,NA,4,4,5,7,1,1,0,0,0,0,NA,1,1,0,0,0,0,NA,1,1,0,0,0,0,NA,"Fusion vs. fission, technology readiness level of different fusion approaches",The impression that startups are giving that we'll have fusion energy on the grid in a few years,2,Nuclear,Fission,Science fiction,3,3,30,50,20,4,30,40,30,4,2,1,3,1,3,4,2,5,7,6,2,8,9,3,4,1,0,1,0,0,0,0,1,1,0,0
